CHAMPION_NAME,ITEM_NAME,ITEM_CATEGORY,PLAYER_PURCHASE_RATE,WIN_RATE,AVG_KDA,MOST_COMMON_FIRST_PURCHASE_MINUTE,TOP_ITEM_1,TOP_ITEM_2,TOP_ITEM_3
DIANA,Mejai's Soulstealer,Legendary,0.0648,1,7.87,25,Riftmaker,Dusk And Dawn,Hextech Rocketbelt
URGOT,Randuin's Omen,Legendary,0.0588,0,2.20,30,Black Cleaver,Sterak's Gage,
WARWICK,Spirit Visage,Legendary,0.0909,1,1.20,50,Blade Of The Ruined King,Randuin's Omen,Sterak's Gage
KAYN,Axiom Arc,Legendary,0.4138,0.6667,2.67,20,Opportunity,Serylda's Grudge,Edge Of Night
NILAH,The Collector,Legendary,1,0.3846,1.86,15,Infinity Edge,Lord Dominik's Regards,Immortal Shieldbow
SERAPHINE,Rod Of Ages,Legendary,0.0313,0,1.25,15,Echoes Of Helia,,
SWAIN,Riftmaker,Legendary,0.0682,0.3333,3.10,25,Liandry's Torment,Blackfire Torch,Bloodletter's Curse
MILIO,Control Ward,Consumable,0.8367,0.6341,3.89,15,Ionian Boots Of Lucidity,Echoes Of Helia,Moonstone Renewer
CAMILLE,Farsight Alteration,Trinket,0.0714,0,2.50,15,Executioner's Calling,Plated Steelcaps,Ravenous Hydra
GAREN,Plated Steelcaps,Boots,0.1622,0.3333,1.07,20,Stridebreaker,Phantom Dancer,Mortal Reminder
FIDDLESTICKS,Null-Magic Mantle,Basic,0.0357,0,3.50,20,Bloodletter's Curse,Hextech Rocketbelt,Liandry's Torment
KINDRED,Farsight Alteration,Trinket,0.1333,0.5,2.68,15,Kraken Slayer,The Collector,Berserker's Greaves
LEESIN,Stealth Ward,Trinket,0.4444,0.4375,3.88,5,Sundered Sky,Eclipse,Control Ward
PYKE,Hexdrinker,Epic,0.06,0.3333,2.34,30,Umbral Glaive,Youmuu's Ghostblade,Bastionbreaker
VIKTOR,Rod Of Ages,Legendary,0.1667,0.1667,2.30,15,Liandry's Torment,Lich Bane,Shadowflame
RENGAR,Infinity Edge,Legendary,0.0702,0.75,4.17,30,Lord Dominik's Regards,Profane Hydra,Ravenous Hydra
NEEKO,Zaz'zak's Realmspike,Legendary,0.0513,0.5,4.92,15,Hextech Rocketbelt,Banshee's Veil,Mejai's Soulstealer
EZREAL,Ionian Boots Of Lucidity,Boots,0.6769,0.4091,2.56,15,Trinity Force,Spear Of Shojin,Essence Reaver
VIKTOR,Haunting Guise,Epic,0.0278,0,6.25,20,Cosmic Drive,Mejai's Soulstealer,Rod Of Ages
KOGMAW,Runaan's Hurricane,Legendary,0.2857,1,2.50,20,Blade Of The Ruined King,Guinsoo's Rageblade,Randuin's Omen
VIEGO,Boots,Boots,0.0088,0,0.75,5,The Collector,,
KAYLE,Stealth Ward,Trinket,0.2069,0.6667,1.32,5,Boots Of Swiftness,Nashor's Tooth,Dusk And Dawn
TALON,Caulfield's Warhammer,Epic,0.0645,0.5,3.01,10,Youmuu's Ghostblade,Opportunity,Umbral Glaive
JAYCE,Umbral Glaive,Legendary,0.1111,0.6667,4.94,10,Edge Of Night,Opportunity,Bastionbreaker
GWEN,Dark Seal,Starter,0.1667,0.6154,2.42,5,Dusk And Dawn,Nashor's Tooth,Amplifying Tome
SONA,Echoes Of Helia,Legendary,0.78,0.5385,2.89,15,Moonstone Renewer,Dawncore,Dream Maker
VLADIMIR,Horizon Focus,Legendary,0.0351,1,5.36,15,Rabadon's Deathcap,Shadowflame,Void Staff
VARUS,Steel Sigil,Epic,0.0164,0.5,2.37,30,Edge Of Night,Serylda's Grudge,Youmuu's Ghostblade
RELL,Kindlegem,Epic,0.4091,0.5,3.52,10,Zeke's Convergence,Locket Of The Iron Solari,Bandlepipes
RELL,Bandlepipes,Legendary,0.3409,0.7333,4.00,15,Zeke's Convergence,Locket Of The Iron Solari,Knight's Vow
TWISTEDFATE,Doran's Ring,Starter,0.5,0.1667,1.70,5,Rod Of Ages,Lich Bane,Rapid Firecannon
AMBESSA,The Brutalizer,Epic,0.0106,1,6.50,10,Eclipse,Serpent's Fang,
MONKEYKING,Wit's End,Legendary,0.0769,1,3.31,25,Essence Reaver,Blade Of The Ruined King,Death's Dance
CASSIOPEIA,Boots,Boots,0.1154,0.3333,0.35,5,Rod Of Ages,Lost Chapter,Rylai's Crystal Scepter
NIDALEE,Dark Seal,Starter,0.375,0.5833,3.71,5,Lich Bane,Sorcerer's Shoes,Shadowflame
SAMIRA,Cloak Of Agility,Basic,0.08,1,3.33,10,The Collector,B. F. Sword,Boots
ELISE,Oblivion Orb,Epic,0.0769,0,1.08,25,Stormsurge,Hextech Alternator,Void Staff
BARD,Elixir Of Sorcery,Consumable,0.0128,1,3.83,35,Control Ward,Echoes Of Helia,Ionian Boots Of Lucidity
IRELIA,Endless Hunger,Legendary,0.0833,0.6,1.73,25,Blade Of The Ruined King,Kraken Slayer,Wit's End
QUINN,Infinity Edge,Legendary,0.125,1,5.33,25,Lord Dominik's Regards,The Collector,
AKALI,Shadowflame,Legendary,0.7258,0.5556,2.60,20,Hextech Gunblade,Rabadon's Deathcap,Zhonya's Hourglass
HWEI,Sorcerer's Shoes,Boots,0.3636,0.5,2.09,15,Blackfire Torch,Shadowflame,Rabadon's Deathcap
LISSANDRA,Mercury's Treads,Boots,0.1176,0.5,1.25,15,Haunting Guise,Malignance,Rod Of Ages
APHELIOS,Death's Dance,Legendary,0.0108,1,3.11,35,Guardian Angel,Immortal Shieldbow,Infinity Edge
VIKTOR,Refillable Potion,Consumable,0.0556,0,0.97,5,Blackfire Torch,Doran's Ring,Control Ward
LUX,Shurelya's Battlesong,Legendary,0.1282,0,2.05,15,Zhonya's Hourglass,Horizon Focus,Luden's Companion
EVELYNN,Verdant Barrier,Epic,0.125,1,17.00,30,Lich Bane,Mejai's Soulstealer,Rabadon's Deathcap
GAREN,Lord Dominik's Regards,Legendary,0.0541,1,4.04,20,Phantom Dancer,Stridebreaker,Sterak's Gage
YASUO,Spirit Visage,Legendary,0.0078,1,2.00,30,Bloodthirster,Infinity Edge,Phantom Dancer
GRAVES,Lord Dominik's Regards,Legendary,0.4762,0.5,2.10,25,The Collector,Immortal Shieldbow,Youmuu's Ghostblade
KAISA,Shadowflame,Legendary,0.0291,0.6667,3.35,30,Guinsoo's Rageblade,Kraken Slayer,Dusk And Dawn
MEL,Farsight Alteration,Trinket,0.7941,0.3704,3.21,15,Blackfire Torch,Rabadon's Deathcap,Doran's Ring
BELVETH,Caulfield's Warhammer,Epic,0.0952,0.5,3.46,20,Steel Sigil,Kraken Slayer,Maw Of Malmortius
GANGPLANK,Cloak Of Agility,Basic,0.52,0.4615,1.80,10,Essence Reaver,Plated Steelcaps,B. F. Sword
GWEN,Amplifying Tome,Basic,0.3077,0.25,1.67,5,Dusk And Dawn,Nashor's Tooth,Rabadon's Deathcap
YASUO,Farsight Alteration,Trinket,0.3828,0.5306,1.75,15,Immortal Shieldbow,Doran's Blade,Blade Of The Ruined King
LEBLANC,Hextech Alternator,Epic,0.0833,0,1.22,10,Luden's Companion,Aether Wisp,Rabadon's Deathcap
NIDALEE,Shadowflame,Legendary,0.3125,0.4,3.54,20,Lich Bane,Rabadon's Deathcap,Zhonya's Hourglass
WARWICK,Stealth Ward,Trinket,0.2727,0.3333,0.98,5,Blade Of The Ruined King,Doran's Blade,Stridebreaker
AMBESSA,Mercury's Treads,Boots,0.234,0.5909,3.39,20,Eclipse,Spear Of Shojin,Death's Dance
RUMBLE,Mercury's Treads,Boots,0.0333,1,5.00,15,Haunting Guise,Liandry's Torment,Riftmaker
CASSIOPEIA,Kindlegem,Epic,0.0385,0,0.70,20,Rod Of Ages,,
NAAFIRI,Lord Dominik's Regards,Legendary,0.0159,0,1.86,20,Death's Dance,Endless Hunger,
TRUNDLE,Tunneler,Epic,0.0909,0,0.18,25,Blade Of The Ruined King,Ravenous Hydra,Winged Moonplate
KINDRED,Last Whisper,Epic,0.1333,0.5,2.10,25,Infinity Edge,The Collector,Trinity Force
SYLAS,Sorcerer's Shoes,Boots,0.1596,0.6,3.11,15,Hextech Rocketbelt,Zhonya's Hourglass,Riftmaker
MEL,Control Ward,Consumable,0.0882,0,0.99,5,Blackfire Torch,Amplifying Tome,Doran's Ring
SION,Warden's Mail,Epic,0.0256,0,3.80,30,"Jak'sho, The Protean",Spirit Visage,Sunfire Aegis
TWITCH,Verdant Barrier,Epic,0.0152,0,1.11,20,Nashor's Tooth,Rabadon's Deathcap,Zhonya's Hourglass
UDYR,Doran's Ring,Starter,0.2667,0.75,3.19,5,Mercury's Treads,Null-Magic Mantle,Plated Steelcaps
QIYANA,Mejai's Soulstealer,Legendary,0.0175,1,4.00,15,Dusk And Dawn,Hextech Gunblade,Zhonya's Hourglass
DIANA,Dark Seal,Starter,0.4167,0.4889,2.21,5,Riftmaker,Dusk And Dawn,Hextech Rocketbelt
WARWICK,Kaenic Rookern,Legendary,0.0909,1,1.44,40,Blade Of The Ruined King,Frozen Heart,Stridebreaker
YONE,B. F. Sword,Basic,0.2,0.2222,1.61,25,Immortal Shieldbow,Blade Of The Ruined King,Cloak Of Agility
AKALI,Oracle Lens,Trinket,0.5484,0.6176,2.72,15,Hextech Gunblade,Shadowflame,Dark Seal
SENNA,Forbidden Idol,Epic,0.0476,0.5,1.96,10,Black Cleaver,Echoes Of Helia,Moonstone Renewer
BLITZCRANK,Glowing Mote,Basic,0.0667,0.5,3.55,5,Boots Of Swiftness,Locket Of The Iron Solari,Bramble Vest
LEONA,Abyssal Mask,Legendary,0.0545,0.6667,2.52,30,Locket Of The Iron Solari,Bandlepipes,Protoplasm Harness
HECARIM,Steel Sigil,Epic,0.2632,0.4,3.28,25,Black Cleaver,Spear Of Shojin,Eclipse
MALPHITE,Unending Despair,Legendary,0.0423,0.3333,2.19,25,Frozen Heart,Randuin's Omen,"Jak'sho, The Protean"
NEEKO,Aether Wisp,Epic,0.0256,0,2.80,30,Hextech Alternator,Hextech Rocketbelt,Zhonya's Hourglass
ASHE,Fiendhunter Bolts,Legendary,0.2083,0.4,2.06,20,Kraken Slayer,Infinity Edge,Lord Dominik's Regards
CHOGATH,Force Of Nature,Legendary,0.2,0.25,1.83,25,Dead Man's Plate,Heartsteel,Riftmaker
FIZZ,Blighting Jewel,Epic,0.1579,0.3333,1.82,25,Lich Bane,Zhonya's Hourglass,Shadowflame
KOGMAW,Sorcerer's Shoes,Boots,0.2143,0.6667,3.07,15,Dusk And Dawn,Guinsoo's Rageblade,
AURORA,Void Staff,Legendary,0.0455,1,5.00,20,Luden's Companion,,
GALIO,Thornmail,Legendary,0.1,0.8,4.19,25,Hollow Radiance,Abyssal Mask,Frozen Heart
VELKOZ,Fated Ashes,Epic,0.0588,1,2.08,10,Horizon Focus,Luden's Companion,Oblivion Orb
ZED,Serylda's Grudge,Legendary,0.3548,0.4545,3.01,25,Voltaic Cyclosword,Edge Of Night,Axiom Arc
PYKE,Hubris,Legendary,0.02,0,2.33,15,Umbral Glaive,,
GANGPLANK,The Collector,Legendary,0.36,0.6667,1.91,20,Essence Reaver,Infinity Edge,Mortal Reminder
RAMMUS,Stealth Ward,Trinket,0.2,0,1.99,5,Chain Vest,Thornmail,Bami's Cinder
RENATA,Nashor's Tooth,Legendary,0.2222,0,2.46,10,Rabadon's Deathcap,Shadowflame,
DRAVEN,Randuin's Omen,Legendary,0.0227,0,1.27,40,Bloodthirster,Essence Reaver,Infinity Edge
DARIUS,Black Cleaver,Legendary,0.0244,1,0.71,15,Spear Of Shojin,,
UDYR,Kaenic Rookern,Legendary,0.0667,0,1.60,25,Liandry's Torment,,
SERAPHINE,Amplifying Tome,Basic,0.1875,0.6667,5.60,5,Blackfire Torch,Echoes Of Helia,Ionian Boots Of Lucidity
KAYLE,Blasting Wand,Basic,0.1034,0.6667,0.87,10,Boots Of Swiftness,Nashor's Tooth,Sheen
NOCTURNE,Serpent's Fang,Legendary,0.0667,1,2.86,25,Axiom Arc,Edge Of Night,Profane Hydra
TEEMO,Stealth Ward,Trinket,0.7143,0.6,1.18,5,Liandry's Torment,Malignance,Boots Of Swiftness
LEESIN,Tiamat,Epic,0.0139,1,2.00,10,Black Cleaver,Eclipse,Sundered Sky
APHELIOS,Executioner's Calling,Epic,0.0323,0.3333,1.20,20,Infinity Edge,Stormrazor,The Collector
JARVANIV,Spectre's Cowl,Epic,0.0149,1,2.50,25,Axiom Arc,Profane Hydra,Spear Of Shojin
CAITLYN,Mortal Reminder,Legendary,0.07,0.5714,3.40,25,Infinity Edge,The Collector,Rapid Firecannon
NEEKO,Ionian Boots Of Lucidity,Boots,0.7179,0.4286,2.77,20,Hextech Rocketbelt,Zhonya's Hourglass,Frozen Heart
IVERN,Redemption,Legendary,0.5652,0.3846,3.54,15,Moonstone Renewer,Dawncore,Ardent Censer
CASSIOPEIA,Seeker's Armguard,Epic,0.0385,1,4.00,30,Haunting Guise,Rod Of Ages,Rylai's Crystal Scepter
RENATA,Redemption,Legendary,0.2222,1,2.64,20,Bandlepipes,Imperial Mandate,Locket Of The Iron Solari
AZIR,Doran's Ring,Starter,0.4615,0.3333,3.13,5,Nashor's Tooth,Amplifying Tome,Dark Seal
SWAIN,Seeker's Armguard,Epic,0.0909,0.25,3.50,25,Rylai's Crystal Scepter,Blackfire Torch,Malignance
KAYN,Spear Of Shojin,Legendary,0.1379,0.5,2.45,15,Black Cleaver,Death's Dance,Serylda's Grudge
AZIR,Sorcerer's Shoes,Boots,0.2308,0.3333,1.60,15,Nashor's Tooth,Blighting Jewel,Liandry's Torment
KOGMAW,Giant's Belt,Epic,0.0714,1,3.33,25,Blade Of The Ruined King,Guinsoo's Rageblade,Quicksilver Sash
SORAKA,Dawncore,Legendary,0.1667,0.6,3.45,25,Redemption,Moonstone Renewer,
NILAH,Noonquiver,Epic,0.0769,1,1.67,25,Infinity Edge,The Collector,
AURELIONSOL,Fated Ashes,Epic,0.1613,0.4,1.24,20,Rylai's Crystal Scepter,Blackfire Torch,Haunting Guise
TWITCH,Dagger,Basic,0.1515,0.4,1.18,10,The Collector,Yun Tal Wildarrows,Infinity Edge
TWITCH,Berserker's Greaves,Boots,0.2727,0.4444,2.17,15,Infinity Edge,Fiendhunter Bolts,The Collector
TRYNDAMERE,B. F. Sword,Basic,0.0588,0,1.14,20,Berserker's Greaves,Mortal Reminder,Ravenous Hydra
GRAGAS,Luden's Companion,Legendary,0.3182,0.5714,1.81,15,Hextech Rocketbelt,Shadowflame,Rabadon's Deathcap
FIORA,Essence Reaver,Legendary,0.0256,1,0.88,25,Ravenous Hydra,,
FIDDLESTICKS,Lich Bane,Legendary,0.0357,1,5.63,40,Banshee's Veil,Hextech Rocketbelt,Rabadon's Deathcap
SYNDRA,Control Ward,Consumable,0.0656,0.5,1.60,20,Blackfire Torch,Cosmic Drive,Dark Seal
JINX,Farsight Alteration,Trinket,0.8235,0.4821,2.15,20,Infinity Edge,Yun Tal Wildarrows,Doran's Blade
KAISA,Cryptbloom,Legendary,0.0097,0,3.67,20,Horizon Focus,Luden's Companion,
JHIN,Guardian Angel,Legendary,0.0694,0.4,3.33,35,Infinity Edge,Rapid Firecannon,Lord Dominik's Regards
YUNARA,Hexdrinker,Epic,0.0122,1,7.67,25,Caulfield's Warhammer,Fiendhunter Bolts,Infinity Edge
MORGANA,Lost Chapter,Epic,0.0769,1,3.00,10,Fated Ashes,,
SINGED,Plated Steelcaps,Boots,0.087,0.5,1.74,5,Frozen Heart,Rylai's Crystal Scepter,Chain Vest
ANNIE,Farsight Alteration,Trinket,0.5,1,2.43,15,Dark Seal,Amplifying Tome,Blackfire Torch
SYLAS,Bloodletter's Curse,Legendary,0.0319,0.3333,2.74,15,Abyssal Mask,Hextech Rocketbelt,Riftmaker
SHEN,Chain Vest,Epic,0.075,0,2.03,20,Kindlegem,Titanic Hydra,Bami's Cinder
SWAIN,Amplifying Tome,Basic,0.1591,0.1429,1.67,5,Rylai's Crystal Scepter,Malignance,Liandry's Torment
SMOLDER,Mortal Reminder,Legendary,0.0926,0.4,6.13,30,Essence Reaver,Rapid Firecannon,Spear Of Shojin
JINX,Hexoptics C44,Legendary,0.1471,0.6,2.40,30,Infinity Edge,Lord Dominik's Regards,Phantom Dancer
NIDALEE,Scorchclaw Pup,Starter,0.0313,0,0.50,5,Boots,Dark Seal,Lich Bane
MALPHITE,Frozen Heart,Legendary,0.3239,0.5217,2.85,20,Sunfire Aegis,Thornmail,Hollow Radiance
VEIGAR,Dead Man's Plate,Legendary,0.0345,1,3.80,30,Hextech Rocketbelt,Rabadon's Deathcap,
MONKEYKING,Control Ward,Consumable,0.1154,0.3333,2.08,5,Trinity Force,Black Cleaver,Plated Steelcaps
IRELIA,Hextech Gunblade,Legendary,0.0167,1,0.30,20,Blade Of The Ruined King,Endless Hunger,
CORKI,Zeal,Epic,0.0256,1,4.94,25,Infinity Edge,Essence Reaver,Immortal Shieldbow
DIANA,Abyssal Mask,Legendary,0.0185,0.5,2.75,25,Dusk And Dawn,Riftmaker,Force Of Nature
KAYN,Spirit Visage,Legendary,0.0345,1,1.75,35,Black Cleaver,Death's Dance,Voltaic Cyclosword
SENNA,Farsight Alteration,Trinket,0.0714,0.3333,2.75,20,Doran's Blade,Boots Of Swiftness,Infinity Edge
GALIO,Sorcerer's Shoes,Boots,0.06,0.3333,5.61,10,Stormsurge,Haunting Guise,Luden's Companion
SEJUANI,Glacial Buckler,Epic,0.0714,0,0.30,25,Liandry's Torment,Warden's Mail,
TEEMO,Refillable Potion,Consumable,0.1429,0,0.00,5,Boots Of Swiftness,Doran's Ring,Lost Chapter
UDYR,Riftmaker,Legendary,0.2,0.6667,3.98,15,Liandry's Torment,Bloodletter's Curse,Dead Man's Plate
TRUNDLE,Knight's Vow,Legendary,0.0909,1,3.67,25,Bandlepipes,,
THRESH,Winged Moonplate,Epic,0.0345,0.5,2.64,25,Protoplasm Harness,Bandlepipes,Locket Of The Iron Solari
TWISTEDFATE,Boots Of Swiftness,Boots,0.0556,0.5,1.20,10,Kraken Slayer,Rod Of Ages,
RENGAR,Noonquiver,Epic,0.0877,0.4,2.46,20,Profane Hydra,Edge Of Night,Umbral Glaive
THRESH,Protoplasm Harness,Legendary,0.1724,0.6,2.98,30,Locket Of The Iron Solari,Bandlepipes,Zeke's Convergence
RAMMUS,Oracle Lens,Trinket,0.6,0.3333,3.90,10,Thornmail,Mercury's Treads,Bami's Cinder
UDYR,Dead Man's Plate,Legendary,0.2667,0.5,2.78,20,Liandry's Torment,Dusk And Dawn,Frozen Heart
VARUS,Doran's Blade,Starter,0.5984,0.4658,1.98,5,Dusk And Dawn,Youmuu's Ghostblade,Nashor's Tooth
ILLAOI,Spear Of Shojin,Legendary,0.625,0.2,2.21,15,Iceborn Gauntlet,Spirit Visage,Death's Dance
XINZHAO,Maw Of Malmortius,Legendary,0.05,1,2.60,25,Death's Dance,Sundered Sky,
FIZZ,Dusk And Dawn,Legendary,0.1053,1,2.73,15,Bloodletter's Curse,Cryptbloom,Rabadon's Deathcap
AZIR,Boots,Boots,0.0769,0,1.00,10,Nashor's Tooth,,
VAYNE,Recurve Bow,Epic,0.1127,0.25,0.96,10,Blade Of The Ruined King,Experimental Hexplate,Guinsoo's Rageblade
QIYANA,Opportunity,Legendary,0.1053,0.5,3.69,20,Profane Hydra,Edge Of Night,Serylda's Grudge
VIEGO,Immortal Shieldbow,Legendary,0.0796,0.2222,1.83,25,The Collector,,
FIORA,Oracle Lens,Trinket,0.0256,0,2.27,15,Death's Dance,Endless Hunger,Randuin's Omen
SHYVANA,Tunneler,Epic,0.25,1,2.00,10,Dusk And Dawn,Kraken Slayer,
XERATH,Void Staff,Legendary,0.0909,1,8.25,30,Shadowflame,Banshee's Veil,Blackfire Torch
KAYN,Voltaic Cyclosword,Legendary,0.1724,0.2,1.35,10,Death's Dance,Black Cleaver,Bastionbreaker
RIVEN,Farsight Alteration,Trinket,0.027,0,0.27,25,Caulfield's Warhammer,Doran's Blade,Eclipse
GAREN,Boots Of Swiftness,Boots,0.2973,0.5455,2.22,15,Stridebreaker,Phantom Dancer,Mortal Reminder
AKALI,Giant's Belt,Epic,0.0161,0,2.13,30,Chain Vest,Hextech Gunblade,Negatron Cloak
KASSADIN,Dark Seal,Starter,0.3425,0.56,3.02,5,Rod Of Ages,Malignance,Mercury's Treads
NAAFIRI,Opportunity,Legendary,0.2698,0.4118,2.28,20,Voltaic Cyclosword,Edge Of Night,Serylda's Grudge
NUNU,Dead Man's Plate,Legendary,0.1034,0.6667,2.65,25,Liandry's Torment,Abyssal Mask,Kaenic Rookern
ZAAHEN,Dagger,Basic,0.0256,0,0.56,10,Black Cleaver,Long Sword,Mercury's Treads
NOCTURNE,Boots,Boots,0.2,0.3333,2.10,10,Axiom Arc,Profane Hydra,Bastionbreaker
TRUNDLE,Stealth Ward,Trinket,0.2727,0,0.82,5,Blade Of The Ruined King,Ravenous Hydra,Bandlepipes
AURELIONSOL,Bloodletter's Curse,Legendary,0.1935,0.5,6.23,25,Rylai's Crystal Scepter,Liandry's Torment,Banshee's Veil
ASHE,Immortal Shieldbow,Legendary,0.0833,1,5.17,25,Infinity Edge,Kraken Slayer,Phantom Dancer
ASHE,Infinity Edge,Legendary,0.5,0.75,3.27,25,Kraken Slayer,Phantom Dancer,Fiendhunter Bolts
SHEN,Stealth Ward,Trinket,0.4,0.625,4.18,5,Titanic Hydra,Doran's Shield,Bramble Vest
VIEGO,Elixir Of Wrath,Consumable,0.0796,0.5556,2.77,35,B. F. Sword,Guardian Angel,Lord Dominik's Regards
MONKEYKING,Glowing Mote,Basic,0.0769,0,1.29,15,Trinity Force,Long Sword,Phage
RUMBLE,Riftmaker,Legendary,0.0667,0.5,2.89,25,Liandry's Torment,,
JAYCE,Cloth Armor,Basic,0.0247,0.5,1.48,5,Boots,Edge Of Night,Opportunity
AURELIONSOL,Hollow Radiance,Legendary,0.0323,1,1.63,25,Kaenic Rookern,Rylai's Crystal Scepter,
SINGED,Protoplasm Harness,Legendary,0.4348,0.7,2.95,20,Rylai's Crystal Scepter,Liandry's Torment,Riftmaker
ASHE,Oracle Lens,Trinket,0.125,0.6667,2.44,10,Bandlepipes,Ionian Boots Of Lucidity,Berserker's Greaves
VEX,Zhonya's Hourglass,Legendary,0.1579,0.3333,3.65,25,Luden's Companion,Shadowflame,Mejai's Soulstealer
IRELIA,Long Sword,Basic,0.0833,0.4,1.17,5,Blade Of The Ruined King,Mercury's Treads,Ruby Crystal
NAUTILUS,Null-Magic Mantle,Basic,0.0729,0.5714,2.44,10,Kindlegem,Locket Of The Iron Solari,Boots Of Swiftness
FIDDLESTICKS,Kindlegem,Epic,0.0714,0.5,1.94,20,Bloodletter's Curse,Liandry's Torment,Randuin's Omen
VIEGO,Long Sword,Basic,0.2124,0.125,1.49,5,Immortal Shieldbow,The Collector,Noonquiver
MONKEYKING,Stridebreaker,Legendary,0.0769,0.5,2.08,20,Essence Reaver,Blade Of The Ruined King,Death's Dance
AKSHAN,Hexoptics C44,Legendary,0.0392,0.5,3.93,10,Infinity Edge,Lord Dominik's Regards,Mortal Reminder
TWITCH,Pickaxe,Basic,0.0758,0.6,1.44,10,Cloak Of Agility,Yun Tal Wildarrows,Runaan's Hurricane
YUNARA,Fiendhunter Bolts,Legendary,0.8293,0.5588,2.58,20,Kraken Slayer,Infinity Edge,Lord Dominik's Regards
VOLIBEAR,Navori Flickerblade,Legendary,0.7018,0.625,2.57,20,Dusk And Dawn,Spirit Visage,Dead Man's Plate
ALISTAR,Giant's Belt,Epic,0.0517,0.6667,2.52,20,Kindlegem,Bandlepipes,Zeke's Convergence
MALPHITE,Shadowflame,Legendary,0.0141,0,1.00,20,Malignance,,
MALPHITE,Mercury's Treads,Boots,0.2254,0.375,2.04,15,Hollow Radiance,Kaenic Rookern,Sunfire Aegis
MORDEKAISER,Blasting Wand,Basic,0.0455,0,1.00,5,Hextech Rocketbelt,Oblivion Orb,Plated Steelcaps
IVERN,Haunting Guise,Epic,0.0435,0,1.40,15,Malignance,Zhonya's Hourglass,
HWEI,Tear Of The Goddess,Starter,0.0455,0,0.50,5,Blackfire Torch,Fiendish Codex,Lost Chapter
IVERN,Ionian Boots Of Lucidity,Boots,0.8261,0.4737,3.64,5,Redemption,Moonstone Renewer,Malignance
SENNA,Hubris,Legendary,0.0714,0.3333,0.99,15,,,
AHRI,Refillable Potion,Consumable,0.1304,0.3333,1.10,5,Malignance,Doran's Ring,Shadowflame
VAYNE,Pickaxe,Basic,0.1831,0.5385,1.33,20,Stormrazor,Essence Reaver,Berserker's Greaves
RAKAN,Protoplasm Harness,Legendary,0.0714,1,3.44,25,Zeke's Convergence,Locket Of The Iron Solari,Bandlepipes
CAMILLE,Death's Dance,Legendary,0.0714,1,2.29,30,Ravenous Hydra,Trinity Force,
JARVANIV,Scorchclaw Pup,Starter,0.0149,0,0.29,5,Long Sword,Ionian Boots Of Lucidity,Profane Hydra
IVERN,Blasting Wand,Basic,0.0435,0,4.00,10,Forbidden Idol,Ionian Boots Of Lucidity,Moonstone Renewer
LULU,Glowing Mote,Basic,0.037,0.3333,1.85,15,Ardent Censer,Ionian Boots Of Lucidity,Aether Wisp
SINGED,Blasting Wand,Basic,0.0435,0,1.60,10,Boots Of Swiftness,Giant's Belt,Liandry's Torment
SAMIRA,Serpent's Fang,Legendary,0.08,0,2.45,30,Infinity Edge,The Collector,Bloodthirster
SHACO,Last Whisper,Epic,0.08,0.5,1.78,20,Noonquiver,Profane Hydra,The Collector
SETT,Spear Of Shojin,Legendary,0.1111,0,2.38,25,Overlord's Bloodmail,Sterak's Gage,Stridebreaker
VLADIMIR,Hextech Alternator,Epic,0.0351,0,5.88,10,Hextech Rocketbelt,Rabadon's Deathcap,Mejai's Soulstealer
SAMIRA,Steel Sigil,Epic,0.04,1,2.11,30,Caulfield's Warhammer,Immortal Shieldbow,Infinity Edge
TALIYAH,Rylai's Crystal Scepter,Legendary,0.3559,0.619,2.73,20,Liandry's Torment,Zhonya's Hourglass,Blackfire Torch
MISSFORTUNE,Scout's Slingshot,Epic,0.0345,1,7.50,25,Axiom Arc,Infinity Edge,Mortal Reminder
ZAC,Unending Despair,Legendary,0.037,1,1.70,15,Riftmaker,,
IRELIA,Kraken Slayer,Legendary,0.2333,0.7143,1.94,20,Blade Of The Ruined King,Death's Dance,Wit's End
RENEKTON,Tiamat,Epic,0.0154,0,0.29,10,Black Cleaver,Phage,
GRAVES,Oracle Lens,Trinket,0.4762,0.5,2.61,5,Lord Dominik's Regards,The Collector,Infinity Edge
HEIMERDINGER,Rylai's Crystal Scepter,Legendary,0.1429,0,1.22,20,Blackfire Torch,Liandry's Torment,
KATARINA,Liandry's Torment,Legendary,0.0179,0,2.50,20,Hextech Gunblade,,
KAISA,Cloak Of Agility,Basic,0.0194,0,1.07,20,Guinsoo's Rageblade,Kraken Slayer,Fiendhunter Bolts
NUNU,Frozen Heart,Legendary,0.2414,0.1429,2.66,20,Liandry's Torment,Kaenic Rookern,Thornmail
PANTHEON,Pickaxe,Basic,0.125,0.4,2.19,10,Youmuu's Ghostblade,Blade Of The Ruined King,Lord Dominik's Regards
DIANA,Plated Steelcaps,Boots,0.25,0.2963,2.10,15,Dusk And Dawn,Riftmaker,Hextech Rocketbelt
VLADIMIR,Void Staff,Legendary,0.1053,0.6667,4.65,25,Hextech Rocketbelt,Rabadon's Deathcap,Riftmaker
NAMI,Luden's Companion,Legendary,0.0075,0,1.14,15,Cryptbloom,,
JHIN,Pickaxe,Basic,0.125,0.3333,1.54,15,Stormrazor,Cloak Of Agility,Lord Dominik's Regards
SYNDRA,Rod Of Ages,Legendary,0.0164,0,1.75,15,Rabadon's Deathcap,,
SEJUANI,Abyssal Mask,Legendary,0.0714,1,3.29,40,Frozen Heart,Heartsteel,Knight's Vow
SHEN,Boots,Boots,0.025,0,0.63,5,Dusk And Dawn,Titanic Hydra,
GAREN,Zeal,Epic,0.0811,0.3333,0.49,20,Stridebreaker,Executioner's Calling,
URGOT,Chain Vest,Epic,0.1176,0.5,1.39,25,Black Cleaver,Sterak's Gage,Bramble Vest
BRAND,Morellonomicon,Legendary,0.1071,0.3333,2.19,25,Liandry's Torment,Rylai's Crystal Scepter,Blackfire Torch
KAISA,Amplifying Tome,Basic,0.0874,0.2222,1.52,15,Kraken Slayer,Berserker's Greaves,Guinsoo's Rageblade
NUNU,Chain Vest,Epic,0.1034,0.3333,2.99,20,Liandry's Torment,Abyssal Mask,Dead Man's Plate
JANNA,Cosmic Drive,Legendary,0.0156,1,3.88,35,Ardent Censer,Shurelya's Battlesong,Trailblazer
JHIN,The Collector,Legendary,0.3611,0.5385,2.92,15,Infinity Edge,Rapid Firecannon,Lord Dominik's Regards
RYZE,Dark Seal,Starter,0.0899,0.25,2.10,5,Rod Of Ages,Actualizer,Doran's Ring
MORGANA,Shurelya's Battlesong,Legendary,0.0769,0,4.50,15,,,
SIVIR,Vampiric Scepter,Epic,0.0667,0.6667,2.64,30,Infinity Edge,Essence Reaver,Lord Dominik's Regards
TRISTANA,Mercury's Treads,Boots,0.0154,0,1.14,15,Infinity Edge,Kraken Slayer,Navori Flickerblade
BARD,Knight's Vow,Legendary,0.0256,1,4.02,30,Bandlepipes,Dead Man's Plate,"Jak'sho, The Protean"
HWEI,Zhonya's Hourglass,Legendary,0.1818,0.5,3.16,30,Blackfire Torch,Liandry's Torment,Rabadon's Deathcap
TWISTEDFATE,Haunting Guise,Epic,0.0278,1,3.50,25,Lich Bane,Rapid Firecannon,Rod Of Ages
CAITLYN,Cloak Of Agility,Basic,0.17,0.4706,1.51,10,Infinity Edge,The Collector,Berserker's Greaves
LEONA,Mikael's Blessing,Legendary,0.0182,0,1.42,35,Bandlepipes,Protoplasm Harness,
VI,Negatron Cloak,Epic,0.1,1,2.50,25,Black Cleaver,Sundered Sky,Tunneler
EZREAL,Pickaxe,Basic,0.1385,0.5556,1.46,20,Essence Reaver,Ionian Boots Of Lucidity,Long Sword
ANIVIA,Blasting Wand,Basic,0.0556,0,2.02,10,Catalyst Of Aeons,Cloth Armor,Glowing Mote
VI,Youmuu's Ghostblade,Legendary,0.2,0.5,1.50,15,Mortal Reminder,Opportunity,
ZIGGS,Banshee's Veil,Legendary,0.0323,0,4.50,30,Luden's Companion,Shadowflame,Stormsurge
EZREAL,Sorcerer's Shoes,Boots,0.0154,0,3.38,20,Cryptbloom,Hextech Gunblade,Lich Bane
GANGPLANK,Bastionbreaker,Legendary,0.04,1,3.67,20,Essence Reaver,Infinity Edge,The Collector
LEONA,Bramble Vest,Epic,0.0727,0.5,2.61,20,Bandlepipes,Locket Of The Iron Solari,Bloodsong
MONKEYKING,Tiamat,Epic,0.1154,1,5.22,10,Eclipse,Sundered Sky,Blade Of The Ruined King
ZED,Lord Dominik's Regards,Legendary,0.1183,0.4545,2.85,25,Voltaic Cyclosword,Profane Hydra,Edge Of Night
LILLIA,Elixir Of Sorcery,Consumable,0.1429,0.5,4.67,35,Liandry's Torment,Riftmaker,Bloodletter's Curse
KLED,Profane Hydra,Legendary,0.2,1,6.00,10,Eclipse,Voltaic Cyclosword,
AMBESSA,Caulfield's Warhammer,Epic,0.1277,0.5,2.68,10,Profane Hydra,Spear Of Shojin,Eclipse
THRESH,Cloth Armor,Basic,0.2241,0.2308,1.62,10,Kindlegem,Bandlepipes,Boots Of Swiftness
GALIO,Mercury's Treads,Boots,0.2,0.6,2.64,10,Hollow Radiance,Hextech Rocketbelt,Riftmaker
ORNN,"Jak'sho, The Protean",Legendary,0.0976,0.75,2.18,30,Thornmail,Sunfire Aegis,Force Of Nature
MEL,Oblivion Orb,Epic,0.0882,0,2.08,20,Blackfire Torch,Cosmic Drive,Liandry's Torment
SHEN,Protoplasm Harness,Legendary,0.025,1,3.50,30,Dusk And Dawn,Kaenic Rookern,Titanic Hydra
LISSANDRA,Needlessly Large Rod,Basic,0.3529,0.5,2.16,25,Zhonya's Hourglass,Malignance,Shadowflame
VARUS,Recurve Bow,Epic,0.0328,0,0.69,10,Dusk And Dawn,Experimental Hexplate,Fiendish Codex
CASSIOPEIA,Needlessly Large Rod,Basic,0.0769,1,0.50,30,Mercury's Treads,Rod Of Ages,
KAISA,Zhonya's Hourglass,Legendary,0.1456,0.6,2.45,30,Guinsoo's Rageblade,Kraken Slayer,Dusk And Dawn
NIDALEE,Blasting Wand,Basic,0.0313,0,1.38,10,Echoes Of Helia,Ionian Boots Of Lucidity,Moonstone Renewer
ILLAOI,Black Cleaver,Legendary,0.125,1,2.86,10,Spirit Visage,Sterak's Gage,Sundered Sky
AHRI,Fiendish Codex,Epic,0.087,0.75,2.01,20,Blackfire Torch,Cosmic Drive,Malignance
REKSAI,Kindlegem,Epic,0.0313,1,3.33,30,Chempunk Chainsword,Phage,Spear Of Shojin
VIEGO,Titanic Hydra,Legendary,0.0177,1,2.08,20,,,
LEESIN,Sterak's Gage,Legendary,0.0417,0,3.23,25,Sundered Sky,Black Cleaver,Eclipse
NASUS,Spear Of Shojin,Legendary,0.0833,0.5,2.56,20,Trinity Force,Sterak's Gage,
VOLIBEAR,Spectre's Cowl,Epic,0.0702,0.5,2.53,20,Dusk And Dawn,Navori Flickerblade,Bandlepipes
SEJUANI,Giant's Belt,Epic,0.1429,0.5,1.09,10,Heartsteel,Unending Despair,
SION,Force Of Nature,Legendary,0.0256,0,2.25,40,"Jak'sho, The Protean",Randuin's Omen,Unending Despair
POPPY,Zeke's Convergence,Legendary,0.0526,1,3.67,20,Bandlepipes,Knight's Vow,
TEEMO,Plated Steelcaps,Boots,0.1429,1,1.50,10,Malignance,Nashor's Tooth,
NAMI,Elixir Of Sorcery,Consumable,0.0149,0.5,2.30,40,Control Ward,Echoes Of Helia,Imperial Mandate
SHACO,Berserker's Greaves,Boots,0.36,0.7778,3.18,15,Infinity Edge,Lord Dominik's Regards,Profane Hydra
IVERN,Dawncore,Legendary,0.1304,0.6667,4.44,25,Moonstone Renewer,Redemption,Ardent Censer
RYZE,Null-Magic Mantle,Basic,0.0112,0,0.30,10,Plated Steelcaps,Rod Of Ages,
XINZHAO,Eclipse,Legendary,0.15,1,2.17,10,Essence Reaver,,
SHACO,Elixir Of Sorcery,Consumable,0.04,0,2.86,30,Blackfire Torch,Cryptbloom,Dark Seal
PYKE,Umbral Glaive,Legendary,0.54,0.2222,1.85,15,Youmuu's Ghostblade,Edge Of Night,Voltaic Cyclosword
GRAVES,Maw Of Malmortius,Legendary,0.0476,1,3.22,35,Bloodthirster,Infinity Edge,Lord Dominik's Regards
KARTHUS,Blighting Jewel,Epic,0.0238,0,1.30,25,Blackfire Torch,Shadowflame,
SHACO,Gustwalker Hatchling,Starter,0.04,0,1.00,5,Berserker's Greaves,Pickaxe,Youmuu's Ghostblade
XINZHAO,Recurve Bow,Epic,0.05,1,8.00,30,Black Cleaver,Hextech Gunblade,Sundered Sky
VEIGAR,Rod Of Ages,Legendary,0.4138,0.5,2.76,15,Rabadon's Deathcap,Actualizer,Cryptbloom
MORGANA,Aether Wisp,Epic,0.1538,0,1.33,25,Bandleglass Mirror,Fiendish Codex,Imperial Mandate
BELVETH,Steel Sigil,Epic,0.1905,0.25,2.72,20,Kraken Slayer,Stridebreaker,Caulfield's Warhammer
DIANA,Zhonya's Hourglass,Legendary,0.4074,0.5,2.69,25,Dusk And Dawn,Riftmaker,Hextech Rocketbelt
TAHMKENCH,Tiamat,Epic,0.0769,1,1.75,20,Dusk And Dawn,Phage,
GALIO,Zhonya's Hourglass,Legendary,0.26,0.4615,2.06,30,Riftmaker,Hollow Radiance,Hextech Rocketbelt
BRAND,Seeker's Armguard,Epic,0.0714,0.5,2.33,30,Rylai's Crystal Scepter,Blackfire Torch,Liandry's Torment
ALISTAR,Cloth Armor,Basic,0.2241,0.5385,2.25,10,Kindlegem,Boots Of Swiftness,Bandlepipes
VIKTOR,Doran's Ring,Starter,0.3333,0.4167,2.83,5,Blackfire Torch,Liandry's Torment,Sorcerer's Shoes
FIZZ,Cryptbloom,Legendary,0.0526,1,2.58,40,Dusk And Dawn,Rabadon's Deathcap,Shadowflame
DIANA,Hextech Alternator,Epic,0.0556,0.3333,1.65,10,Zhonya's Hourglass,Dusk And Dawn,Riftmaker
RYZE,Void Staff,Legendary,0.0449,0.5,1.48,30,Rod Of Ages,Frozen Heart,Rabadon's Deathcap
BRAUM,Bandlepipes,Legendary,0.7143,0.5,3.27,15,Locket Of The Iron Solari,Knight's Vow,Protoplasm Harness
LEONA,Cloth Armor,Basic,0.2,0.7273,2.03,10,Kindlegem,Plated Steelcaps,Bandlepipes
SYNDRA,Luden's Companion,Legendary,0.5246,0.6563,2.33,15,Shadowflame,Rabadon's Deathcap,Zhonya's Hourglass
ZAC,Bramble Vest,Epic,0.1481,0.75,4.53,20,Sunfire Aegis,Randuin's Omen,Spirit Visage
MORDEKAISER,Plated Steelcaps,Boots,0.5909,0.4615,1.56,15,Hextech Rocketbelt,Dusk And Dawn,Experimental Hexplate
ZAAHEN,Steel Sigil,Epic,0.1282,0.6,1.38,25,Sundered Sky,Trinity Force,Caulfield's Warhammer
BLITZCRANK,Plated Steelcaps,Boots,0.0333,0,1.27,20,Bandlepipes,Frozen Heart,Redemption
MISSFORTUNE,The Collector,Legendary,0.7931,0.6522,2.51,20,Infinity Edge,Youmuu's Ghostblade,Lord Dominik's Regards
NAAFIRI,Youmuu's Ghostblade,Legendary,0.0159,1,1.50,10,Edge Of Night,Opportunity,Voltaic Cyclosword
DIANA,Force Of Nature,Legendary,0.0093,0,1.50,25,Abyssal Mask,Dusk And Dawn,Riftmaker
KAYLE,Dusk And Dawn,Legendary,0.4138,0.5833,2.27,20,Nashor's Tooth,Rabadon's Deathcap,Void Staff
JAX,Control Ward,Consumable,0.0694,0.2,1.73,5,Trinity Force,Sundered Sky,Boots
VIKTOR,Stealth Ward,Trinket,0.1944,0.1429,1.67,5,Blackfire Torch,Dark Seal,Doran's Ring
KAYLE,Void Staff,Legendary,0.1724,0.6,2.25,30,Dusk And Dawn,Nashor's Tooth,Rabadon's Deathcap
XERATH,Refillable Potion,Consumable,0.0455,0,0.29,5,Amplifying Tome,Dark Seal,Doran's Ring
CHOGATH,Overlord's Bloodmail,Legendary,0.05,1,2.20,25,Heartsteel,Riftmaker,
ZERI,Immortal Shieldbow,Legendary,0.0968,1,2.23,30,Infinity Edge,Yun Tal Wildarrows,Fiendhunter Bolts
SWAIN,Mercury's Treads,Boots,0.2273,0.5,3.08,15,Rylai's Crystal Scepter,Liandry's Torment,Blackfire Torch
ELISE,Shadowflame,Legendary,0.5128,0.3,2.87,25,Stormsurge,Lich Bane,Rabadon's Deathcap
AMUMU,Sunfire Aegis,Legendary,0.25,0.5,2.93,15,Liandry's Torment,Abyssal Mask,Randuin's Omen
ZIGGS,Doran's Ring,Starter,0.5806,0.4444,2.11,5,Sorcerer's Shoes,Luden's Companion,Shadowflame
RIVEN,Control Ward,Consumable,0.0541,0.5,1.74,5,Axiom Arc,Ionian Boots Of Lucidity,Sundered Sky
SONA,Archangel's Staff,Legendary,0.02,1,4.00,30,Echoes Of Helia,,
POPPY,Iceborn Gauntlet,Legendary,0.1579,0.6667,2.99,15,Bandlepipes,"Jak'sho, The Protean",Serpent's Fang
SEJUANI,Boots,Boots,0.0714,0,1.22,5,Dusk And Dawn,Kaenic Rookern,Protoplasm Harness
LEESIN,Umbral Glaive,Legendary,0.0694,0.4,3.58,15,Profane Hydra,Opportunity,Edge Of Night
SORAKA,Mikael's Blessing,Legendary,0.0333,1,4.33,20,Moonstone Renewer,,
LEESIN,Edge Of Night,Legendary,0.0278,0.5,4.17,25,Umbral Glaive,Bastionbreaker,Opportunity
FIZZ,Amplifying Tome,Basic,0.1053,0,2.02,5,Lich Bane,Ionian Boots Of Lucidity,Rabadon's Deathcap
ILLAOI,Bramble Vest,Epic,0.125,0,1.00,10,Hexdrinker,Spear Of Shojin,
SHYVANA,Kraken Slayer,Legendary,0.25,1,2.00,15,Dusk And Dawn,,
KENNEN,Void Staff,Legendary,0.1714,0.6667,3.30,25,Shadowflame,Hextech Gunblade,Zhonya's Hourglass
SION,Tiamat,Epic,0.0513,0,2.10,10,Unending Despair,Bramble Vest,Giant's Belt
AATROX,Overlord's Bloodmail,Legendary,0.0217,1,1.75,25,Sundered Sky,,
ZAC,Glowing Mote,Basic,0.0741,0,1.20,5,Spectre's Cowl,Sunfire Aegis,Boots
ORNN,Boots,Boots,0.0244,1,6.00,10,Hollow Radiance,Kaenic Rookern,
KAYLE,Guinsoo's Rageblade,Legendary,0.1379,0,0.84,15,Hextech Gunblade,Nashor's Tooth,Kraken Slayer
TRUNDLE,Sheen,Epic,0.0909,1,0.00,10,,,
ALISTAR,Tear Of The Goddess,Starter,0.0172,0,1.00,10,Negatron Cloak,Plated Steelcaps,Ruby Crystal
SKARNER,Farsight Alteration,Trinket,0.5,0,2.00,30,Bandlepipes,Dead Man's Plate,Kindlegem
VEIGAR,Plated Steelcaps,Boots,0.0345,0,0.71,15,Hextech Rocketbelt,Zhonya's Hourglass,
RELL,Giant's Belt,Epic,0.0455,1,3.79,25,Kindlegem,Bandlepipes,Locket Of The Iron Solari
RELL,Null-Magic Mantle,Basic,0.0909,0.25,1.89,10,Kindlegem,Zeke's Convergence,Cloth Armor
GAREN,Serpent's Fang,Legendary,0.027,1,3.25,20,Stridebreaker,Youmuu's Ghostblade,
RENGAR,Randuin's Omen,Legendary,0.0175,0,2.00,30,Dead Man's Plate,Profane Hydra,Umbral Glaive
CAMILLE,Plated Steelcaps,Boots,0.4286,0.3333,1.47,20,Ravenous Hydra,Trinity Force,Steel Sigil
QIYANA,Umbral Glaive,Legendary,0.2456,0.6429,2.51,15,Profane Hydra,Serylda's Grudge,Edge Of Night
ANIVIA,Null-Magic Mantle,Basic,0.0278,0,1.80,10,Abyssal Mask,Kaenic Rookern,Mercury's Treads
JARVANIV,Serrated Dirk,Epic,0.0299,0.5,4.10,20,Axiom Arc,Profane Hydra,Serylda's Grudge
SYNDRA,Dark Seal,Starter,0.2459,0.5333,1.38,5,Luden's Companion,Blackfire Torch,Cosmic Drive
KATARINA,"Jak'sho, The Protean",Legendary,0.0179,0,1.70,30,Blade Of The Ruined King,Kraken Slayer,Terminus
VIKTOR,Hextech Alternator,Epic,0.0556,0.5,5.07,20,Lich Bane,Luden's Companion,Rabadon's Deathcap
KATARINA,Sheen,Epic,0.0179,0,1.50,20,Hextech Gunblade,,
KAISA,Terminus,Legendary,0.0485,0.4,2.32,25,Guinsoo's Rageblade,Kraken Slayer,Bloodthirster
JANNA,Ionian Boots Of Lucidity,Boots,0.1563,0.7,3.42,20,Shurelya's Battlesong,Redemption,Moonstone Renewer
FIDDLESTICKS,Banshee's Veil,Legendary,0.0714,0.5,3.65,25,Hextech Rocketbelt,Lich Bane,Rabadon's Deathcap
APHELIOS,Mercurial Scimitar,Legendary,0.0108,1,2.42,30,Infinity Edge,Lord Dominik's Regards,Runaan's Hurricane
JAX,Refillable Potion,Consumable,0.0694,1,2.45,5,Dusk And Dawn,Long Sword,Doran's Shield
SETT,Plated Steelcaps,Boots,0.4444,0.25,1.58,10,Stridebreaker,Sterak's Gage,Overlord's Bloodmail
ZYRA,Plated Steelcaps,Boots,0.0526,1,6.00,25,Banshee's Veil,Blighting Jewel,Liandry's Torment
JARVANIV,Profane Hydra,Legendary,0.6418,0.5349,3.77,10,Axiom Arc,Sundered Sky,Serylda's Grudge
MASTERYI,Wit's End,Legendary,0.2,0.8333,3.00,25,Kraken Slayer,Guinsoo's Rageblade,Blade Of The Ruined King
TWISTEDFATE,Stealth Ward,Trinket,0.2778,0.6,2.07,5,Rapid Firecannon,Lich Bane,Doran's Ring
NEEKO,Redemption,Legendary,0.0256,0,8.00,25,Abyssal Mask,Hextech Rocketbelt,
MAOKAI,Zeke's Convergence,Legendary,0.3,0.6667,2.41,15,Kaenic Rookern,Locket Of The Iron Solari,Trailblazer
WARWICK,Phage,Epic,0.0909,0,0.50,10,Kraken Slayer,Tiamat,
GAREN,Negatron Cloak,Epic,0.027,1,1.33,30,Mortal Reminder,Stormrazor,Stridebreaker
TWITCH,Recurve Bow,Epic,0.0152,0,1.70,10,Fiendhunter Bolts,Infinity Edge,Lord Dominik's Regards
JINX,Vampiric Scepter,Epic,0.0441,0.3333,2.41,35,Infinity Edge,Yun Tal Wildarrows,Mortal Reminder
JAYCE,Serpent's Fang,Legendary,0.2716,0.4545,3.47,20,Youmuu's Ghostblade,Opportunity,Serylda's Grudge
KAISA,Sorcerer's Shoes,Boots,0.0097,0,3.67,15,Cryptbloom,Horizon Focus,Luden's Companion
GALIO,Ruby Crystal,Basic,0.02,0,0.63,5,Cloth Armor,Bandlepipes,Plated Steelcaps
REKSAI,Essence Reaver,Legendary,0.0625,0,2.47,15,Infinity Edge,Titanic Hydra,Immortal Shieldbow
TWISTEDFATE,Banshee's Veil,Legendary,0.0278,0,2.57,30,Dusk And Dawn,Luden's Companion,
KARTHUS,Fiendish Codex,Epic,0.0238,1,2.17,15,Blackfire Torch,Liandry's Torment,Rabadon's Deathcap
DRAVEN,Control Ward,Consumable,0.0227,1,3.80,25,Berserker's Greaves,Bloodthirster,Essence Reaver
IRELIA,Sundered Sky,Legendary,0.1,0.3333,1.64,30,Blade Of The Ruined King,Death's Dance,Hullbreaker
SYLAS,Warden's Mail,Epic,0.0106,0,0.71,35,Hextech Rocketbelt,Riftmaker,Zhonya's Hourglass
VAYNE,Phantom Dancer,Legendary,0.0423,0.3333,1.89,25,Essence Reaver,Stormrazor,Blade Of The Ruined King
SMOLDER,Tunneler,Epic,0.0556,0.6667,2.42,15,Essence Reaver,Infinity Edge,Lord Dominik's Regards
ZED,Voltaic Cyclosword,Legendary,0.6667,0.4677,2.91,10,Serylda's Grudge,Axiom Arc,Edge Of Night
JAX,Tiamat,Epic,0.0278,1,2.53,20,Dusk And Dawn,Phage,Riftmaker
RYZE,Boots,Boots,0.0562,0.4,0.29,5,Rod Of Ages,Catalyst Of Aeons,Fiendish Codex
DARIUS,Null-Magic Mantle,Basic,0.122,0.4,1.84,10,Plated Steelcaps,Sterak's Gage,Stridebreaker
BRAUM,Ionian Boots Of Lucidity,Boots,0.0143,0,1.14,20,Bandlepipes,Kindlegem,
XAYAH,Stealth Ward,Trinket,0.0625,0,0.29,5,Doran's Blade,Infinity Edge,Stormrazor
SAMIRA,Bloodthirster,Legendary,0.16,0.25,3.32,25,Infinity Edge,The Collector,Lord Dominik's Regards
ORNN,Randuin's Omen,Legendary,0.0244,0,6.00,30,Hollow Radiance,Kaenic Rookern,Unending Despair
LUX,Refillable Potion,Consumable,0.0256,1,2.57,5,Aether Wisp,Control Ward,Dark Seal
BARD,Control Ward,Consumable,0.8462,0.5758,4.03,15,Boots Of Swiftness,Dead Man's Plate,Bandlepipes
CORKI,Essence Reaver,Legendary,0.4103,0.5313,2.73,15,Infinity Edge,The Collector,Rapid Firecannon
YUUMI,Bandleglass Mirror,Epic,0.2069,0.1667,3.68,10,Mikael's Blessing,Ardent Censer,Kindlegem
SONA,Health Potion,Consumable,0.02,1,6.00,5,Echoes Of Helia,Fiendish Codex,Ionian Boots Of Lucidity
NAAFIRI,Mortal Reminder,Legendary,0.0159,1,3.00,20,Axiom Arc,Profane Hydra,
JANNA,Cloth Armor,Basic,0.0469,0.3333,3.49,15,Kindlegem,Boots Of Swiftness,Bandlepipes
YORICK,Ruby Crystal,Basic,0.1667,0.5,1.92,5,Plated Steelcaps,Spear Of Shojin,Trinity Force
QUINN,Serpent's Fang,Legendary,0.375,0.6667,1.65,30,Edge Of Night,Profane Hydra,Lord Dominik's Regards
EZREAL,Plated Steelcaps,Boots,0.0308,1,3.14,20,Spear Of Shojin,Trinity Force,Caulfield's Warhammer
CORKI,Cloth Armor,Basic,0.0128,0,1.67,15,Boots,Trinity Force,
JAX,Warden's Mail,Epic,0.0139,1,1.60,45,"Jak'sho, The Protean",Sterak's Gage,Trinity Force
NIDALEE,Doran's Blade,Starter,0.0313,1,3.50,5,Amplifying Tome,Hextech Gunblade,Needlessly Large Rod
XERATH,Blasting Wand,Basic,0.0909,1,3.88,30,Luden's Companion,Rabadon's Deathcap,Sorcerer's Shoes
SERAPHINE,Control Ward,Consumable,0.375,0.6667,4.83,15,Ionian Boots Of Lucidity,Echoes Of Helia,Moonstone Renewer
ZAC,Fated Ashes,Epic,0.037,1,2.75,20,Hextech Rocketbelt,Spirit Visage,Warden's Mail
RIVEN,Mosstomper Seedling,Starter,0.027,0,0.43,5,Axiom Arc,Long Sword,Plated Steelcaps
FIORA,Refillable Potion,Consumable,0.0256,1,0.63,5,Doran's Blade,Hearthbound Axe,Phage
RENATA,Rabadon's Deathcap,Legendary,0.2222,0,2.46,25,Nashor's Tooth,Shadowflame,
MORGANA,Ionian Boots Of Lucidity,Boots,0.5385,0.1429,1.81,15,Aether Wisp,Blackfire Torch,Fated Ashes
TWITCH,Bloodthirster,Legendary,0.0303,0,1.54,35,Fiendhunter Bolts,Infinity Edge,Lord Dominik's Regards
SORAKA,Farsight Alteration,Trinket,0.0333,1,2.83,35,Control Ward,Ionian Boots Of Lucidity,Moonstone Renewer
AKSHAN,Immortal Shieldbow,Legendary,0.0196,0,1.60,25,Infinity Edge,Lord Dominik's Regards,Statikk Shiv
GRAGAS,Shadowflame,Legendary,0.2727,0.5,2.53,20,Lich Bane,Hextech Rocketbelt,Luden's Companion
IRELIA,Doran's Blade,Starter,0.4667,0.4286,1.41,5,Blade Of The Ruined King,Mercury's Treads,Plated Steelcaps
ZILEAN,Warden's Mail,Epic,0.0256,1,25.00,25,Bandlepipes,Glacial Buckler,Locket Of The Iron Solari
TRUNDLE,Trinity Force,Legendary,0.3636,0.75,2.39,15,Dead Man's Plate,Spirit Visage,Bandlepipes
FIDDLESTICKS,Sorcerer's Shoes,Boots,0.6429,0.2778,3.02,5,Hextech Rocketbelt,Zhonya's Hourglass,Shadowflame
MALPHITE,Bramble Vest,Epic,0.1831,0.5385,2.19,15,Frozen Heart,Sunfire Aegis,Kaenic Rookern
DARIUS,Hullbreaker,Legendary,0.0244,0,0.17,25,Stridebreaker,,
KENNEN,Amplifying Tome,Basic,0.1429,0.2,1.10,5,Hextech Gunblade,Shadowflame,Sorcerer's Shoes
DARIUS,Hearthbound Axe,Epic,0.0244,0,0.43,10,Phage,,
CHOGATH,Kindlegem,Epic,0.15,0.6667,2.43,25,Riftmaker,Dead Man's Plate,Hextech Rocketbelt
YASUO,Control Ward,Consumable,0.0156,0.5,1.44,5,B. F. Sword,Berserker's Greaves,Blade Of The Ruined King
JAYCE,Ruby Crystal,Basic,0.0494,1,2.23,20,Eclipse,Boots,Boots Of Swiftness
JAX,Kindlegem,Epic,0.0278,1,0.79,10,Dusk And Dawn,Fiendish Codex,Hextech Rocketbelt
KAISA,Mortal Reminder,Legendary,0.0194,0.5,3.44,30,Guinsoo's Rageblade,Kraken Slayer,Fiendhunter Bolts
AMBESSA,Steel Sigil,Epic,0.1277,0.5,3.07,25,Eclipse,Spear Of Shojin,Profane Hydra
ELISE,Stealth Ward,Trinket,0.0256,0,2.43,5,Rabadon's Deathcap,Shadowflame,Sorcerer's Shoes
ZED,Eclipse,Legendary,0.2688,0.4,2.11,10,Voltaic Cyclosword,Edge Of Night,Serylda's Grudge
LULU,Amplifying Tome,Basic,0.1481,0.5833,3.00,5,Ionian Boots Of Lucidity,Ardent Censer,Redemption
VI,Black Cleaver,Legendary,0.1,1,2.50,20,Sundered Sky,,
SION,Cloth Armor,Basic,0.0513,0,0.43,15,Plated Steelcaps,Sunfire Aegis,Unending Despair
RENGAR,Lord Dominik's Regards,Legendary,0.3509,0.95,3.80,25,Profane Hydra,Umbral Glaive,Edge Of Night
ASHE,Refillable Potion,Consumable,0.125,0.3333,2.67,5,Doran's Blade,Kraken Slayer,Phantom Dancer
YUUMI,Echoes Of Helia,Legendary,0.2414,0.4286,3.00,10,Moonstone Renewer,Mikael's Blessing,Ardent Censer
TEEMO,Doran's Ring,Starter,0.2857,0.5,0.75,5,Ruby Crystal,Boots Of Swiftness,Lost Chapter
SMOLDER,Mercury's Treads,Boots,0.0185,1,1.50,25,Essence Reaver,Maw Of Malmortius,Rapid Firecannon
ZAC,Hollow Radiance,Legendary,0.0741,0.5,7.79,10,Hextech Rocketbelt,Spirit Visage,Thornmail
ALISTAR,Control Ward,Consumable,0.8793,0.5686,3.24,15,Bandlepipes,Boots Of Swiftness,Kindlegem
BRIAR,Titanic Hydra,Legendary,0.7778,0.3571,2.11,15,Black Cleaver,Death's Dance,Spirit Visage
MONKEYKING,Stealth Ward,Trinket,0.2308,0.5,3.26,5,Doran's Blade,Sundered Sky,Tiamat
ZYRA,Bandleglass Mirror,Epic,0.0526,0,0.88,30,Liandry's Torment,,
LEONA,Bloodsong,Legendary,0.0182,1,5.67,20,Bandlepipes,Locket Of The Iron Solari,
RENGAR,Youmuu's Ghostblade,Legendary,0.1579,0.5556,3.77,15,Profane Hydra,Edge Of Night,Lord Dominik's Regards
VARUS,Giant's Belt,Epic,0.0328,0.75,2.02,25,Dusk And Dawn,Experimental Hexplate,Warden's Mail
FIDDLESTICKS,Randuin's Omen,Legendary,0.0357,1,3.00,20,Liandry's Torment,Shurelya's Battlesong,
DARIUS,Oracle Lens,Trinket,0.1707,0.5714,4.33,15,Stridebreaker,Negatron Cloak,Sterak's Gage
VLADIMIR,Cosmic Drive,Legendary,0.1579,0.5556,1.51,15,Riftmaker,Rabadon's Deathcap,
VEIGAR,Boots,Boots,0.0345,0,0.43,5,Hextech Alternator,Lost Chapter,
HWEI,Mejai's Soulstealer,Legendary,0.0455,1,2.25,25,Blackfire Torch,Shadowflame,
PYKE,Negatron Cloak,Epic,0.02,1,3.29,20,Edge Of Night,Frozen Heart,Youmuu's Ghostblade
AKALI,Sorcerer's Shoes,Boots,0.4194,0.5385,2.57,15,Hextech Gunblade,Shadowflame,Zhonya's Hourglass
SYLAS,Riftmaker,Legendary,0.5106,0.5625,2.65,20,Hextech Rocketbelt,Zhonya's Hourglass,Rod Of Ages
CHOGATH,Cloth Armor,Basic,0.1,0,1.17,15,Force Of Nature,Boots Of Swiftness,Heartsteel
DRAVEN,Stormrazor,Legendary,0.0455,1,2.03,30,Bloodthirster,Infinity Edge,Hubris
EZREAL,Mortal Reminder,Legendary,0.0154,0,1.57,25,Endless Hunger,Trinity Force,
VLADIMIR,Kaenic Rookern,Legendary,0.0175,1,2.00,25,Liandry's Torment,Riftmaker,
ZAC,"Jak'sho, The Protean",Legendary,0.0741,0,4.58,20,Spirit Visage,Sunfire Aegis,
ANIVIA,Oracle Lens,Trinket,0.1667,0.3333,2.90,10,Rod Of Ages,Control Ward,Blasting Wand
RENATA,Shadowflame,Legendary,0.1111,0,0.93,20,Nashor's Tooth,Rabadon's Deathcap,
RENEKTON,Death's Dance,Legendary,0.2462,0.5,3.23,30,Eclipse,Black Cleaver,Spear Of Shojin
LUCIAN,The Collector,Legendary,0.0345,0.5,4.83,20,Essence Reaver,Infinity Edge,Guardian Angel
YASUO,Infinity Edge,Legendary,0.3047,0.5128,2.25,25,Immortal Shieldbow,Kraken Slayer,Blade Of The Ruined King
LULU,Dark Seal,Starter,0.0864,0.2857,2.50,5,Ionian Boots Of Lucidity,Ardent Censer,Moonstone Renewer
TARIC,Winter's Approach,Legendary,0.0714,0,0.57,25,Bandlepipes,,
VOLIBEAR,Aether Wisp,Epic,0.0175,0,2.57,10,Dusk And Dawn,Navori Flickerblade,Spirit Visage
GANGPLANK,Spectre's Cowl,Epic,0.04,1,1.83,30,Essence Reaver,Immortal Shieldbow,Infinity Edge
SORAKA,Moonstone Renewer,Legendary,0.8333,0.44,2.82,15,Redemption,Dawncore,Ardent Censer
ZYRA,Boots,Boots,0.1053,0.5,1.40,10,Liandry's Torment,Fiendish Codex,Haunting Guise
SHYVANA,Spear Of Shojin,Legendary,0.25,1,4.33,10,Dusk And Dawn,,
MORGANA,Blackfire Torch,Legendary,0.3846,0.2,1.26,15,Zhonya's Hourglass,Liandry's Torment,Rylai's Crystal Scepter
NEEKO,Oracle Lens,Trinket,0.9487,0.4324,3.63,10,Hextech Rocketbelt,Ionian Boots Of Lucidity,Control Ward
DARIUS,Death's Dance,Legendary,0.0976,0.5,7.31,25,Sterak's Gage,Stridebreaker,Dead Man's Plate
KATARINA,Guinsoo's Rageblade,Legendary,0.0179,1,2.00,25,Kraken Slayer,Terminus,
NIDALEE,Gustwalker Hatchling,Starter,0.0313,0,0.40,5,Amplifying Tome,Boots,Dark Seal
JAX,Sheen,Epic,0.0278,1,0.58,10,Aether Wisp,Kindlegem,Nashor's Tooth
ORNN,Heartsteel,Legendary,0.0488,0,1.67,10,Frozen Heart,Sunfire Aegis,Thornmail
QIYANA,Lord Dominik's Regards,Legendary,0.0175,1,3.86,30,Axiom Arc,Profane Hydra,Youmuu's Ghostblade
PANTHEON,Mortal Reminder,Legendary,0.05,1,2.53,25,Sundered Sky,Youmuu's Ghostblade,Serpent's Fang
IVERN,Fiendish Codex,Epic,0.087,0,2.00,10,Forbidden Idol,Kindlegem,Malignance
KSANTE,Mercury's Treads,Boots,0.3235,0.5455,2.33,15,Iceborn Gauntlet,Kaenic Rookern,"Jak'sho, The Protean"
NEEKO,Winged Moonplate,Epic,0.0256,1,4.67,25,Hextech Rocketbelt,Zhonya's Hourglass,
ORIANNA,Stealth Ward,Trinket,0.1667,0.1667,1.71,5,Doran's Ring,Amplifying Tome,Shadowflame
SHEN,Sheen,Epic,0.025,1,3.60,25,Kaenic Rookern,Randuin's Omen,Titanic Hydra
RENGAR,Serylda's Grudge,Legendary,0.0526,0.6667,7.04,30,Profane Hydra,Edge Of Night,Serpent's Fang
JAX,Ruby Crystal,Basic,0.0556,0.25,0.83,5,Trinity Force,Mercury's Treads,Stridebreaker
SYLAS,Zhonya's Hourglass,Legendary,0.4468,0.5952,2.39,25,Hextech Rocketbelt,Riftmaker,Shadowflame
KAISA,Elixir Of Sorcery,Consumable,0.0097,0,3.00,35,Actualizer,Blackfire Torch,Horizon Focus
HWEI,Rabadon's Deathcap,Legendary,0.2727,0.6667,2.63,30,Blackfire Torch,Liandry's Torment,Shadowflame
LEESIN,Elixir Of Iron,Consumable,0.0139,1,4.60,25,Death's Dance,Maw Of Malmortius,Mercury's Treads
TWITCH,Cull,Starter,0.0909,0.3333,1.12,5,Doran's Blade,Long Sword,Yun Tal Wildarrows
SONA,Faerie Charm,Basic,0.1,0.6,4.19,5,Boots Of Swiftness,Echoes Of Helia,Whispering Circlet
GRAVES,Stormrazor,Legendary,0.0476,1,3.50,40,Immortal Shieldbow,Infinity Edge,Lord Dominik's Regards
PANTHEON,Tunneler,Epic,0.175,0.5714,2.84,25,Black Cleaver,Eclipse,Serrated Dirk
CAITLYN,Phantom Dancer,Legendary,0.04,0.75,3.51,30,Infinity Edge,Stormrazor,Lord Dominik's Regards
BELVETH,Vampiric Scepter,Epic,0.1429,0.6667,1.39,20,Yun Tal Wildarrows,Black Cleaver,
TARIC,Forbidden Idol,Epic,0.0714,1,2.38,20,Fiendish Codex,Locket Of The Iron Solari,
SAMIRA,Caulfield's Warhammer,Epic,0.04,1,2.11,30,Immortal Shieldbow,Infinity Edge,Lord Dominik's Regards
LISSANDRA,Doran's Ring,Starter,0.4118,0.4286,1.29,5,Dark Seal,Zhonya's Hourglass,Malignance
ZILEAN,Oracle Lens,Trinket,0.7949,0.4839,4.44,10,Control Ward,Ionian Boots Of Lucidity,Bandlepipes
ANIVIA,Sorcerer's Shoes,Boots,0.2222,0.375,4.00,15,Rod Of Ages,Liandry's Torment,Rabadon's Deathcap
VAYNE,Kaenic Rookern,Legendary,0.0141,1,0.77,35,Blade Of The Ruined King,Guinsoo's Rageblade,Kraken Slayer
SHEN,Refillable Potion,Consumable,0.125,0.4,1.84,5,Titanic Hydra,Doran's Shield,Plated Steelcaps
YASUO,Mercurial Scimitar,Legendary,0.0078,0,2.33,30,Fiendhunter Bolts,Stormrazor,
CAITLYN,Refillable Potion,Consumable,0.05,0.2,1.57,5,Berserker's Greaves,Doran's Blade,Infinity Edge
KOGMAW,Blackfire Torch,Legendary,0.0714,1,1.29,25,Mejai's Soulstealer,,
GALIO,Elixir Of Iron,Consumable,0.02,1,5.75,35,Abyssal Mask,Frozen Heart,Hollow Radiance
AMUMU,Boots,Boots,0.125,0,0.50,5,Liandry's Torment,Randuin's Omen,
SORAKA,Amplifying Tome,Basic,0.0333,1,12.00,5,Ionian Boots Of Lucidity,Lost Chapter,
GRAVES,Long Sword,Basic,0.0952,0,1.43,5,Infinity Edge,Plated Steelcaps,The Collector
KARMA,Malignance,Legendary,0.1233,0.2222,1.90,15,Moonstone Renewer,Echoes Of Helia,Cosmic Drive
EKKO,Shadowflame,Legendary,0.7,0.4714,2.83,20,Dusk And Dawn,Rabadon's Deathcap,Void Staff
SORAKA,Fiendish Codex,Epic,0.0333,0,1.50,20,Forbidden Idol,Moonstone Renewer,
BELVETH,Phage,Epic,0.0952,0,1.41,15,Bloodthirster,Kraken Slayer,Tiamat
XAYAH,Cloak Of Agility,Basic,0.125,0.5,4.00,10,Essence Reaver,Navori Flickerblade,Berserker's Greaves
TWITCH,Hexoptics C44,Legendary,0.0758,0.2,1.22,10,Infinity Edge,Fiendhunter Bolts,Lord Dominik's Regards
LEBLANC,Boots,Boots,0.0278,0,0.60,5,Hextech Gunblade,,
GNAR,Doran's Shield,Starter,0.04,0,0.56,5,Black Cleaver,"Jak'sho, The Protean",Long Sword
JAYCE,Opportunity,Legendary,0.4815,0.5385,3.71,15,Youmuu's Ghostblade,Edge Of Night,Serylda's Grudge
VOLIBEAR,"Jak'sho, The Protean",Legendary,0.0351,0,2.04,35,Dusk And Dawn,Spirit Visage,Dead Man's Plate
ZIGGS,Control Ward,Consumable,0.0323,1,3.50,15,Doran's Ring,Horizon Focus,Luden's Companion
NAUTILUS,Elixir Of Iron,Consumable,0.0104,1,3.33,25,Control Ward,Plated Steelcaps,Protoplasm Harness
SHEN,Frozen Heart,Legendary,0.025,0,1.27,40,Randuin's Omen,Thornmail,Titanic Hydra
SMOLDER,Steel Sigil,Epic,0.0185,0,1.14,30,Essence Reaver,Infinity Edge,Spear Of Shojin
KATARINA,Shadowflame,Legendary,0.4464,0.48,2.47,20,Hextech Gunblade,Lich Bane,Zhonya's Hourglass
CASSIOPEIA,Verdant Barrier,Epic,0.0385,1,2.88,35,Blackfire Torch,Rylai's Crystal Scepter,Zhonya's Hourglass
FIDDLESTICKS,Cloth Armor,Basic,0.0357,0,1.40,15,Amplifying Tome,Malignance,Needlessly Large Rod
XINZHAO,Plated Steelcaps,Boots,0.55,0.5455,3.30,15,Sundered Sky,Black Cleaver,Steel Sigil
LEESIN,Lord Dominik's Regards,Legendary,0.0278,0,3.24,25,Profane Hydra,Axiom Arc,Sundered Sky
GAREN,Stormrazor,Legendary,0.0811,0.6667,0.95,25,Stridebreaker,Lord Dominik's Regards,Mortal Reminder
YUNARA,Rectrix,Epic,0.0122,0,0.00,10,Hearthbound Axe,Recurve Bow,
DIANA,Elixir Of Sorcery,Consumable,0.037,0.75,3.41,25,Dark Seal,Dusk And Dawn,Hextech Rocketbelt
TARIC,Kindlegem,Epic,0.1429,1,3.32,10,Locket Of The Iron Solari,Knight's Vow,
BRAUM,Spectre's Cowl,Epic,0.0429,0.6667,3.66,25,Locket Of The Iron Solari,Bandlepipes,Frozen Heart
RIVEN,Oracle Lens,Trinket,0.2973,0.6364,2.56,20,Sundered Sky,Axiom Arc,Death's Dance
DIANA,Null-Magic Mantle,Basic,0.0185,0,2.06,20,Dusk And Dawn,Riftmaker,Liandry's Torment
SHACO,Ionian Boots Of Lucidity,Boots,0.28,0,1.81,15,Blackfire Torch,Haunting Guise,Liandry's Torment
SENNA,Tunneler,Epic,0.0476,1,1.33,20,Serrated Dirk,Eclipse,Hubris
NASUS,Phage,Epic,0.0417,0,0.50,10,Sheen,,
LISSANDRA,Rod Of Ages,Legendary,0.1176,0.5,1.50,15,Zhonya's Hourglass,,
QUINN,Boots,Boots,0.125,1,1.33,5,Mortal Reminder,Profane Hydra,
SAMIRA,Lord Dominik's Regards,Legendary,0.56,0.6429,2.45,25,Infinity Edge,The Collector,Immortal Shieldbow
CORKI,Executioner's Calling,Epic,0.0897,0.4286,2.05,20,Trinity Force,Infinity Edge,Last Whisper
SORAKA,Oblivion Orb,Epic,0.0667,0.5,2.39,25,Redemption,Ardent Censer,Kindlegem
LEESIN,Sundered Sky,Legendary,0.6528,0.4468,3.77,20,Eclipse,Black Cleaver,Death's Dance
ILLAOI,Boots Of Swiftness,Boots,0.125,1,0.86,25,Spirit Visage,Sterak's Gage,Sundered Sky
BRAND,Stealth Ward,Trinket,0.0357,0,0.60,5,Amplifying Tome,Dark Seal,Doran's Ring
MORGANA,Echoes Of Helia,Legendary,0.0769,0,1.00,20,,,
MONKEYKING,Sundered Sky,Legendary,0.6154,0.5625,3.56,20,Trinity Force,Black Cleaver,Death's Dance
ELISE,Rabadon's Deathcap,Legendary,0.1795,0.2857,2.85,30,Stormsurge,Shadowflame,Void Staff
LILLIA,Oracle Lens,Trinket,0.5714,0.375,3.37,5,Liandry's Torment,Riftmaker,Dark Seal
SYLAS,Elixir Of Sorcery,Consumable,0.0213,1,3.19,35,Shadowflame,Zhonya's Hourglass,Control Ward
RAKAN,Forbidden Idol,Epic,0.0238,1,5.75,25,Locket Of The Iron Solari,Zeke's Convergence,
NUNU,Doran's Ring,Starter,0.0345,0,0.57,5,Amplifying Tome,Hextech Rocketbelt,Lost Chapter
MORDEKAISER,Stealth Ward,Trinket,0.4545,0.3,1.20,5,Dusk And Dawn,Hextech Rocketbelt,Doran's Shield
DRAVEN,Bloodthirster,Legendary,0.5227,0.5217,2.58,15,Infinity Edge,Lord Dominik's Regards,The Collector
KAISA,Blackfire Torch,Legendary,0.0097,0,3.00,25,Actualizer,Horizon Focus,Rabadon's Deathcap
FIDDLESTICKS,Boots,Boots,0.0714,0.5,5.23,5,Hextech Rocketbelt,Liandry's Torment,Rabadon's Deathcap
AHRI,Rylai's Crystal Scepter,Legendary,0.0217,1,9.00,30,Blackfire Torch,Cosmic Drive,Rabadon's Deathcap
GWEN,Shadowflame,Legendary,0.2949,0.5217,2.38,20,Nashor's Tooth,Rabadon's Deathcap,Dusk And Dawn
JINX,Dagger,Basic,0.1471,0.2,1.80,5,Yun Tal Wildarrows,Berserker's Greaves,Cloak Of Agility
GRAGAS,Lich Bane,Legendary,0.1818,0.25,2.80,10,Shadowflame,Hextech Rocketbelt,Banshee's Veil
UDYR,Hextech Gunblade,Legendary,0.0667,0,3.33,25,Death's Dance,Endless Hunger,
KHAZIX,Endless Hunger,Legendary,0.0149,0,3.00,25,Axiom Arc,Profane Hydra,
VEIGAR,Control Ward,Consumable,0.069,0.5,4.86,5,Needlessly Large Rod,Boots Of Swiftness,Hextech Rocketbelt
HEIMERDINGER,Shadowflame,Legendary,0.4286,0,1.21,15,Blackfire Torch,Rabadon's Deathcap,Void Staff
VARUS,Stealth Ward,Trinket,0.1148,0.3571,1.66,5,Doran's Blade,Dusk And Dawn,Experimental Hexplate
GRAVES,Chain Vest,Epic,0.0476,1,6.00,25,Black Cleaver,Hubris,Negatron Cloak
KATARINA,Zhonya's Hourglass,Legendary,0.1429,0.5,1.78,30,Hextech Gunblade,Shadowflame,Rabadon's Deathcap
RYZE,Banshee's Veil,Legendary,0.0112,0,3.00,30,Actualizer,Rod Of Ages,
LEONA,Amplifying Tome,Basic,0.0182,1,2.86,15,Knight's Vow,Locket Of The Iron Solari,Plated Steelcaps
JHIN,Hubris,Legendary,0.0139,1,7.00,15,Infinity Edge,The Collector,
ASHE,Imperial Mandate,Legendary,0.0417,0,1.75,25,Bandlepipes,,
TALON,Eclipse,Legendary,0.0323,1,5.40,10,Black Cleaver,Edge Of Night,Endless Hunger
SENNA,Long Sword,Basic,0.1905,0.25,1.88,5,Boots Of Swiftness,Black Cleaver,Kraken Slayer
SWAIN,Doran's Ring,Starter,0.5909,0.3846,2.68,5,Rylai's Crystal Scepter,Malignance,Dark Seal
RAKAN,Solstice Sleigh,Legendary,0.0238,1,3.33,15,Locket Of The Iron Solari,,
CASSIOPEIA,Ruby Crystal,Basic,0.0385,0,2.00,10,Amplifying Tome,Plated Steelcaps,Rylai's Crystal Scepter
MISSFORTUNE,Vampiric Scepter,Epic,0.0345,1,2.40,10,Infinity Edge,Lord Dominik's Regards,Serpent's Fang
EVELYNN,Shadowflame,Legendary,0.25,0,1.83,20,Lich Bane,Rabadon's Deathcap,
DRMUNDO,Gustwalker Hatchling,Starter,0.0137,1,2.00,5,Giant's Belt,,
YUNARA,Nashor's Tooth,Legendary,0.0122,1,2.00,20,Hextech Gunblade,,
TALIYAH,Banshee's Veil,Legendary,0.0169,1,3.00,25,Cryptbloom,Rylai's Crystal Scepter,
KARMA,Refillable Potion,Consumable,0.0411,0.3333,1.98,5,Ionian Boots Of Lucidity,Control Ward,Moonstone Renewer
ILLAOI,Randuin's Omen,Legendary,0.125,0,1.38,30,Iceborn Gauntlet,Spear Of Shojin,Spirit Visage
AURELIONSOL,Mercury's Treads,Boots,0.129,0.5,3.85,15,Rylai's Crystal Scepter,Banshee's Veil,Liandry's Torment
LISSANDRA,Fiendish Codex,Epic,0.0588,0,2.50,20,Luden's Companion,Rabadon's Deathcap,Shadowflame
SORAKA,Ruby Crystal,Basic,0.0333,0,2.86,10,Kaenic Rookern,Locket Of The Iron Solari,Mercury's Treads
LUX,Rabadon's Deathcap,Legendary,0.2821,0.4545,3.88,30,Stormsurge,Luden's Companion,Malignance
TWITCH,Dusk And Dawn,Legendary,0.0152,0,2.00,20,Nashor's Tooth,,
FIORA,Trinity Force,Legendary,0.641,0.68,2.34,20,Ravenous Hydra,Death's Dance,Spear Of Shojin
NUNU,Mercury's Treads,Boots,0.1724,0.4,2.49,15,Liandry's Torment,Dead Man's Plate,Spirit Visage
KALISTA,Terminus,Legendary,0.5385,0.7143,2.76,25,Blade Of The Ruined King,Guinsoo's Rageblade,Wit's End
SENNA,Spirit Visage,Legendary,0.0238,0,1.36,35,Black Cleaver,Blade Of The Ruined King,
KASSADIN,Oblivion Orb,Epic,0.0137,1,4.00,20,Malignance,,
OLAF,Randuin's Omen,Legendary,0.0435,1,2.20,40,Experimental Hexplate,Sterak's Gage,Stridebreaker
YASUO,Pickaxe,Basic,0.1875,0.3333,1.83,15,Immortal Shieldbow,Blade Of The Ruined King,Berserker's Greaves
KAYLE,Kraken Slayer,Legendary,0.0345,0,0.75,15,Guinsoo's Rageblade,,
SENNA,Serpent's Fang,Legendary,0.0714,0,2.82,15,Edge Of Night,Mortal Reminder,Rapid Firecannon
ZILEAN,Chain Vest,Epic,0.0256,0,0.88,25,Bandlepipes,Shurelya's Battlesong,
CASSIOPEIA,Liandry's Torment,Legendary,0.0769,0.5,2.50,20,Rylai's Crystal Scepter,Rabadon's Deathcap,Rod Of Ages
GRAGAS,Sorcerer's Shoes,Boots,0.3182,0.5714,2.44,15,Hextech Rocketbelt,Luden's Companion,Lich Bane
CASSIOPEIA,Amplifying Tome,Basic,0.2692,0.5714,1.81,5,Rod Of Ages,Giant's Belt,Blackfire Torch
GRAGAS,Kindlegem,Epic,0.0909,0,0.69,20,Aether Wisp,Fiendish Codex,
ZYRA,Farsight Alteration,Trinket,0.2105,0.5,3.48,15,Liandry's Torment,Sorcerer's Shoes,Blackfire Torch
REKSAI,Infinity Edge,Legendary,0.0625,0,2.47,25,Essence Reaver,Titanic Hydra,Immortal Shieldbow
AATROX,Caulfield's Warhammer,Epic,0.2174,0.4,2.15,10,Sundered Sky,Voltaic Cyclosword,Death's Dance
DIANA,Hextech Rocketbelt,Legendary,0.2778,0.4,2.85,10,Riftmaker,Zhonya's Hourglass,Dusk And Dawn
ORNN,Spectre's Cowl,Epic,0.0244,1,2.00,20,"Jak'sho, The Protean",Negatron Cloak,Sunfire Aegis
CORKI,Caulfield's Warhammer,Epic,0.0513,0.5,1.33,10,Trinity Force,,
TRYNDAMERE,Oracle Lens,Trinket,0.2941,0.4,1.73,15,Ravenous Hydra,Berserker's Greaves,Essence Reaver
ZED,Hubris,Legendary,0.0323,0.6667,1.76,10,Edge Of Night,Profane Hydra,Axiom Arc
AKALI,Needlessly Large Rod,Basic,0.4032,0.68,2.31,20,Hextech Gunblade,Shadowflame,Sorcerer's Shoes
BRAUM,Null-Magic Mantle,Basic,0.2429,0.3529,2.30,10,Kindlegem,Bandlepipes,Cloth Armor
GWEN,Dusk And Dawn,Legendary,0.7308,0.5088,2.17,15,Nashor's Tooth,Riftmaker,Rabadon's Deathcap
ALISTAR,Null-Magic Mantle,Basic,0.1207,0.4286,1.91,15,Kindlegem,Bandlepipes,Boots Of Swiftness
TRISTANA,Cloak Of Agility,Basic,0.1231,0.625,1.92,15,Infinity Edge,Yun Tal Wildarrows,Berserker's Greaves
PYKE,Elixir Of Wrath,Consumable,0.02,1,2.25,25,Boots Of Swiftness,Edge Of Night,Long Sword
ZED,Guardian Angel,Legendary,0.0323,0.6667,2.43,30,Axiom Arc,Voltaic Cyclosword,Hubris
DRMUNDO,Spectre's Cowl,Epic,0.0411,0.6667,2.37,20,Dead Man's Plate,Heartsteel,
AKSHAN,Opportunity,Legendary,0.0392,0.5,1.42,20,Umbral Glaive,Mortal Reminder,The Collector
SYLAS,Rabadon's Deathcap,Legendary,0.0957,0.6667,3.14,25,Hextech Rocketbelt,Zhonya's Hourglass,Riftmaker
KINDRED,Boots Of Swiftness,Boots,0.0667,1,2.25,25,Hexoptics C44,Infinity Edge,Kraken Slayer
KAYLE,Berserker's Greaves,Boots,0.1034,0.3333,0.75,10,Guinsoo's Rageblade,Nashor's Tooth,Kraken Slayer
ALISTAR,Protoplasm Harness,Legendary,0.0862,0.4,1.95,25,Zeke's Convergence,Bandlepipes,Locket Of The Iron Solari
SMOLDER,Frozen Heart,Legendary,0.0185,1,3.00,35,Essence Reaver,Immortal Shieldbow,Infinity Edge
KOGMAW,Scout's Slingshot,Epic,0.0714,0,0.88,20,Blade Of The Ruined King,Guinsoo's Rageblade,Zeal
KATARINA,Pickaxe,Basic,0.0714,0.5,1.83,15,Kraken Slayer,Blade Of The Ruined King,Boots
AHRI,Horizon Focus,Legendary,0.0217,0,3.60,25,Blackfire Torch,Cryptbloom,
GRAGAS,Needlessly Large Rod,Basic,0.1818,0.75,2.37,20,Luden's Companion,Hextech Rocketbelt,Shadowflame
RENEKTON,Experimental Hexplate,Legendary,0.0154,1,4.50,25,Eclipse,Spear Of Shojin,
LULU,Oracle Lens,Trinket,0.9753,0.4937,3.47,10,Control Ward,Ionian Boots Of Lucidity,Ardent Censer
GWEN,Rabadon's Deathcap,Legendary,0.3333,0.5,2.48,25,Dusk And Dawn,Nashor's Tooth,Shadowflame
MISSFORTUNE,Bloodthirster,Legendary,0.2759,0.75,2.30,15,Infinity Edge,The Collector,Edge Of Night
LUCIAN,Refillable Potion,Consumable,0.1034,0.5,1.37,5,Doran's Blade,Essence Reaver,Navori Flickerblade
SHACO,Amplifying Tome,Basic,0.04,0,1.38,5,Haunting Guise,Ionian Boots Of Lucidity,Luden's Companion
SION,Tunneler,Epic,0.2051,1,3.05,25,Unending Despair,Hollow Radiance,"Jak'sho, The Protean"
LEESIN,Guardian Angel,Legendary,0.0417,0.3333,2.97,25,Sundered Sky,Death's Dance,Black Cleaver
YASUO,Vampiric Scepter,Epic,0.0234,0,1.25,10,Recurve Bow,Infinity Edge,Stormrazor
JAX,Maw Of Malmortius,Legendary,0.0139,1,1.43,20,Trinity Force,Wit's End,
ZAC,Ionian Boots Of Lucidity,Boots,0.2593,0.7143,6.91,15,Sunfire Aegis,Spirit Visage,Hextech Rocketbelt
YUUMI,Dark Seal,Starter,0.0345,0,1.17,10,Aether Wisp,Forbidden Idol,Mikael's Blessing
AKSHAN,Last Whisper,Epic,0.1961,0.6,3.35,25,The Collector,Umbral Glaive,Serpent's Fang
JARVANIV,Farsight Alteration,Trinket,0.0448,0.3333,2.25,30,Mercury's Treads,Sundered Sky,Doran's Shield
MORDEKAISER,Boots,Boots,0.0455,0,0.40,10,Riftmaker,,
WARWICK,Frozen Heart,Legendary,0.1818,0.5,1.64,25,Blade Of The Ruined King,"Jak'sho, The Protean",Kaenic Rookern
KASSADIN,Rod Of Ages,Legendary,0.8493,0.4677,2.72,15,Malignance,Zhonya's Hourglass,Rabadon's Deathcap
ZILEAN,Liandry's Torment,Legendary,0.0256,1,3.67,30,Blackfire Torch,Imperial Mandate,
KAISA,Needlessly Large Rod,Basic,0.1262,0.6923,2.75,25,Guinsoo's Rageblade,Kraken Slayer,Dusk And Dawn
VI,Sterak's Gage,Legendary,0.3,1,2.23,25,Sundered Sky,Death's Dance,Zeke's Convergence
AHRI,Oblivion Orb,Epic,0.1522,0.7143,3.28,25,Blackfire Torch,Cosmic Drive,Cryptbloom
VARUS,Elixir Of Wrath,Consumable,0.0164,1,3.58,30,Edge Of Night,Youmuu's Ghostblade,Boots Of Swiftness
NAMI,Fiendish Codex,Epic,0.1343,0.5,3.12,10,Imperial Mandate,Forbidden Idol,Moonstone Renewer
RENGAR,B. F. Sword,Basic,0.0702,0.25,1.71,20,Boots,Profane Hydra,Edge Of Night
AURELIONSOL,Rylai's Crystal Scepter,Legendary,1,0.5161,4.16,15,Liandry's Torment,Blackfire Torch,Bloodletter's Curse
ZIGGS,Lost Chapter,Epic,0.0323,0,1.67,10,,,
RENEKTON,Steel Sigil,Epic,0.1231,0.625,1.92,25,Black Cleaver,Eclipse,Spear Of Shojin
ZOE,Seeker's Armguard,Epic,0.0303,0,1.50,30,Hextech Alternator,Lich Bane,Luden's Companion
JAX,Hextech Rocketbelt,Legendary,0.0278,0.5,1.64,15,Dusk And Dawn,Bloodletter's Curse,Zhonya's Hourglass
FIDDLESTICKS,Bloodletter's Curse,Legendary,0.1429,0.25,2.35,35,Liandry's Torment,Zhonya's Hourglass,Abyssal Mask
SYLAS,Farsight Alteration,Trinket,0.1277,0.8333,2.55,15,Hextech Rocketbelt,Zhonya's Hourglass,Riftmaker
KASSADIN,Control Ward,Consumable,0.0137,1,1.33,30,Actualizer,Glacial Buckler,Mercury's Treads
MISSFORTUNE,Plated Steelcaps,Boots,0.069,0.5,2.39,10,Lord Dominik's Regards,The Collector,Essence Reaver
IVERN,Refillable Potion,Consumable,0.0435,1,3.20,5,Dark Seal,Kindlegem,Moonstone Renewer
ILLAOI,Sterak's Gage,Legendary,0.375,0.6667,3.13,30,Spirit Visage,Sundered Sky,Black Cleaver
HWEI,Blighting Jewel,Epic,0.1364,0.3333,2.68,30,Blackfire Torch,Oblivion Orb,Rabadon's Deathcap
GALIO,Randuin's Omen,Legendary,0.06,0,2.06,30,Hollow Radiance,Riftmaker,Hextech Rocketbelt
TWISTEDFATE,Cloth Armor,Basic,0.0278,1,2.33,5,Lich Bane,Rapid Firecannon,Rod Of Ages
YASUO,Chain Vest,Epic,0.0156,0.5,0.96,25,Immortal Shieldbow,Blade Of The Ruined King,Fiendhunter Bolts
YUNARA,Stormrazor,Legendary,0.0122,1,3.00,30,Bloodthirster,Fiendhunter Bolts,Kraken Slayer
NAUTILUS,Thornmail,Legendary,0.0625,0.3333,3.09,25,Bandlepipes,Locket Of The Iron Solari,Knight's Vow
HEIMERDINGER,Mercury's Treads,Boots,0.1429,0,1.40,30,Echoes Of Helia,,
OLAF,Stridebreaker,Legendary,0.7826,0.3333,1.91,15,Sundered Sky,Death's Dance,Sterak's Gage
ORNN,Kindlegem,Epic,0.0244,0,1.33,15,Giant's Belt,Kaenic Rookern,Sunfire Aegis
SYLAS,Giant's Belt,Epic,0.0106,1,1.57,25,Rod Of Ages,,
ZED,Opportunity,Legendary,0.0323,0.3333,4.67,10,Axiom Arc,Voltaic Cyclosword,Edge Of Night
MEL,Cryptbloom,Legendary,0.0294,0,2.50,40,Horizon Focus,Rabadon's Deathcap,Zhonya's Hourglass
RAMMUS,Winged Moonplate,Epic,0.1,1,7.50,20,Chain Vest,Thornmail,
RYZE,Plated Steelcaps,Boots,0.0674,0.3333,1.90,20,Rod Of Ages,Actualizer,Blighting Jewel
BARD,Ionian Boots Of Lucidity,Boots,0.0385,0.6667,2.44,20,Bandlepipes,Dead Man's Plate,Echoes Of Helia
NASUS,Randuin's Omen,Legendary,0.0417,0,1.40,30,Spirit Visage,Trinity Force,
MAOKAI,Control Ward,Consumable,0.9,0.4444,1.93,15,Bandlepipes,Boots Of Swiftness,Locket Of The Iron Solari
KASSADIN,Hextech Gunblade,Legendary,0.0137,1,6.67,25,Malignance,Mejai's Soulstealer,Rod Of Ages
LUX,Doran's Ring,Starter,0.1538,0.1667,2.50,5,Stormsurge,Luden's Companion,Malignance
MISSFORTUNE,Serrated Dirk,Epic,0.069,0.5,1.71,5,Youmuu's Ghostblade,Infinity Edge,Lord Dominik's Regards
RAKAN,Ionian Boots Of Lucidity,Boots,0.5714,0.4583,3.14,10,Locket Of The Iron Solari,Zeke's Convergence,Bandlepipes
DIANA,Stormsurge,Legendary,0.0648,0.5714,2.80,10,Shadowflame,Lich Bane,Rabadon's Deathcap
NILAH,Serpent's Fang,Legendary,0.0769,1,0.75,10,Infinity Edge,The Collector,
SHYVANA,Pickaxe,Basic,0.25,1,2.00,5,Dusk And Dawn,Kraken Slayer,Tunneler
KOGMAW,Mejai's Soulstealer,Legendary,0.0714,1,1.29,25,Blackfire Torch,,
GAREN,Refillable Potion,Consumable,0.0541,0.5,2.06,5,Dagger,Stridebreaker,Berserker's Greaves
VAYNE,Plated Steelcaps,Boots,0.0563,0.25,0.75,20,Blade Of The Ruined King,Guinsoo's Rageblade,Terminus
RENGAR,Kindlegem,Epic,0.0175,0,3.75,25,Edge Of Night,Profane Hydra,Youmuu's Ghostblade
DRAVEN,Cloak Of Agility,Basic,0.1364,0.3333,1.10,20,Bloodthirster,Lord Dominik's Regards,Berserker's Greaves
KAISA,Bloodthirster,Legendary,0.0194,0,0.92,25,Guinsoo's Rageblade,Kraken Slayer,Runaan's Hurricane
JAX,Steel Sigil,Epic,0.0278,0,2.70,20,Caulfield's Warhammer,Dusk And Dawn,Experimental Hexplate
JHIN,Mortal Reminder,Legendary,0.1111,0.5,3.04,25,Infinity Edge,Rapid Firecannon,Stormrazor
TRISTANA,Elixir Of Wrath,Consumable,0.0462,0.3333,2.62,30,Infinity Edge,Navori Flickerblade,The Collector
MASTERYI,Caulfield's Warhammer,Epic,0.0667,0.5,2.33,25,Guinsoo's Rageblade,Kraken Slayer,Endless Hunger
FIORA,Tunneler,Epic,0.2051,0.625,1.21,25,Ravenous Hydra,Trinity Force,Death's Dance
SYNDRA,Aether Wisp,Epic,0.0328,1,2.95,15,Blackfire Torch,Luden's Companion,Rabadon's Deathcap
VOLIBEAR,Bramble Vest,Epic,0.0526,0.6667,1.91,20,Cosmic Drive,Dead Man's Plate,Dusk And Dawn
ZOE,Lich Bane,Legendary,0.4545,0.6,3.74,20,Luden's Companion,Rabadon's Deathcap,Mejai's Soulstealer
KARMA,Kindlegem,Epic,0.0959,0.4286,1.69,15,Bandleglass Mirror,Moonstone Renewer,Echoes Of Helia
SHACO,Long Sword,Basic,0.12,0.6667,3.57,5,Berserker's Greaves,Hubris,Pickaxe
BELVETH,Boots,Boots,0.0952,0,0.33,10,Kraken Slayer,Phage,Tiamat
NAUTILUS,Spectre's Cowl,Epic,0.0208,0.5,2.43,25,Locket Of The Iron Solari,Negatron Cloak,Bandlepipes
RELL,Glowing Mote,Basic,0.0227,0,2.00,5,Abyssal Mask,Ionian Boots Of Lucidity,Ruby Crystal
GAREN,Phantom Dancer,Legendary,0.5135,0.5789,1.76,20,Stridebreaker,Mortal Reminder,Black Cleaver
APHELIOS,Pickaxe,Basic,0.1505,0.3571,1.41,10,Stormrazor,B. F. Sword,Berserker's Greaves
HECARIM,Ruby Crystal,Basic,0.0526,0,2.33,10,Black Cleaver,Ionian Boots Of Lucidity,Spear Of Shojin
SYLAS,Blasting Wand,Basic,0.0106,1,3.10,10,Hextech Rocketbelt,Rabadon's Deathcap,Shadowflame
NAUTILUS,Boots Of Swiftness,Boots,0.0417,0.75,2.63,10,Kindlegem,Bandlepipes,Fiendish Codex
AURORA,Haunting Guise,Epic,0.0455,1,3.33,10,Fiendish Codex,Liandry's Torment,Oblivion Orb
ZAAHEN,Doran's Blade,Starter,0.359,0.8571,2.19,5,Trinity Force,Mercury's Treads,Long Sword
TWITCH,B. F. Sword,Basic,0.1515,0.2,1.23,10,Cloak Of Agility,Fiendhunter Bolts,Runaan's Hurricane
URGOT,Cloth Armor,Basic,0.1176,0,2.30,10,Black Cleaver,Sterak's Gage,Bramble Vest
NUNU,Kaenic Rookern,Legendary,0.1379,0.5,3.18,20,Liandry's Torment,Frozen Heart,Thornmail
NEEKO,Doran's Ring,Starter,0.0513,0.5,4.64,5,Amplifying Tome,Boots,Dark Seal
PANTHEON,Refillable Potion,Consumable,0.05,0.5,4.44,5,Blade Of The Ruined King,Boots,Cloth Armor
TWISTEDFATE,Aether Wisp,Epic,0.0278,1,6.00,15,Rapid Firecannon,Rod Of Ages,Zhonya's Hourglass
LEONA,Solstice Sleigh,Legendary,0.0364,0.5,3.18,15,Bandlepipes,Locket Of The Iron Solari,Knight's Vow
GALIO,Bloodletter's Curse,Legendary,0.02,1,2.67,25,Hextech Rocketbelt,,
VARUS,Hubris,Legendary,0.0164,0.5,3.70,15,Bastionbreaker,Edge Of Night,Serpent's Fang
KASSADIN,Spectre's Cowl,Epic,0.0137,0,1.40,25,Force Of Nature,Negatron Cloak,Rod Of Ages
GALIO,Stealth Ward,Trinket,0.14,0.5714,2.64,5,Hollow Radiance,Doran's Ring,Cloth Armor
NUNU,Shadowflame,Legendary,0.0345,1,4.80,20,Hextech Rocketbelt,Zhonya's Hourglass,
ZAC,Stealth Ward,Trinket,0.037,1,1.00,5,Bami's Cinder,Chain Vest,Doran's Shield
VAYNE,Zeal,Epic,0.0141,0,0.75,20,Blade Of The Ruined King,Guinsoo's Rageblade,
BLITZCRANK,Doran's Blade,Starter,0.0333,0,1.33,5,Boots Of Swiftness,Malignance,Tear Of The Goddess
RIVEN,Sundered Sky,Legendary,0.8919,0.7273,2.65,20,Axiom Arc,Death's Dance,Serylda's Grudge
HWEI,Liandry's Torment,Legendary,0.3182,0.7143,2.52,25,Blackfire Torch,Rabadon's Deathcap,Zhonya's Hourglass
SINGED,Mejai's Soulstealer,Legendary,0.0435,1,7.00,20,Protoplasm Harness,Rylai's Crystal Scepter,
YONE,Lord Dominik's Regards,Legendary,0.1556,0.4286,1.77,20,Blade Of The Ruined King,Death's Dance,Immortal Shieldbow
IVERN,Staff Of Flowing Water,Legendary,0.087,1,2.61,25,Mejai's Soulstealer,Moonstone Renewer,Ardent Censer
AATROX,Spirit Visage,Legendary,0.0217,0,3.13,25,Guardian Angel,Spear Of Shojin,Sundered Sky
KARMA,Mikael's Blessing,Legendary,0.0685,0.6,4.39,15,Moonstone Renewer,Dawncore,Mejai's Soulstealer
JANNA,Tear Of The Goddess,Starter,0.0469,0.6667,2.47,5,Boots Of Swiftness,Dark Seal,Fiendish Codex
AKALI,Dark Seal,Starter,0.4677,0.5172,2.34,5,Hextech Gunblade,Shadowflame,Needlessly Large Rod
VEIGAR,Seeker's Armguard,Epic,0.0345,1,2.75,30,Rabadon's Deathcap,Rod Of Ages,
DRAVEN,Hubris,Legendary,0.0682,0.6667,2.38,15,Infinity Edge,The Collector,Bloodthirster
LUCIAN,Guardian Angel,Legendary,0.0517,0.6667,2.89,40,Essence Reaver,Infinity Edge,Navori Flickerblade
SEJUANI,Dusk And Dawn,Legendary,0.2143,0.3333,1.74,15,Protoplasm Harness,Thornmail,Kaenic Rookern
VIKTOR,Lich Bane,Legendary,0.1667,0.5,2.63,20,Rabadon's Deathcap,Blackfire Torch,Luden's Companion
JHIN,Maw Of Malmortius,Legendary,0.0139,1,2.50,35,Infinity Edge,Lord Dominik's Regards,Youmuu's Ghostblade
DARIUS,Randuin's Omen,Legendary,0.0244,0,1.14,30,Force Of Nature,,
QUINN,Long Sword,Basic,0.5,0.5,2.08,5,Edge Of Night,Boots Of Swiftness,Profane Hydra
XERATH,Blighting Jewel,Epic,0.1364,0.6667,3.95,30,Rabadon's Deathcap,Luden's Companion,Shadowflame
CORKI,Trinity Force,Legendary,0.5897,0.5652,2.51,15,The Collector,Infinity Edge,Lord Dominik's Regards
YASUO,Rapid Firecannon,Legendary,0.0078,0,0.14,30,Statikk Shiv,,
CORKI,Vampiric Scepter,Epic,0.0128,0,3.50,30,Infinity Edge,Lord Dominik's Regards,The Collector
AURORA,Needlessly Large Rod,Basic,0.3182,0.4286,2.17,25,Shadowflame,Sorcerer's Shoes,Luden's Companion
BELVETH,Dagger,Basic,0.1905,0.5,1.75,15,Kraken Slayer,Tiamat,Long Sword
ALISTAR,Abyssal Mask,Legendary,0.0517,0.6667,2.51,15,Knight's Vow,,
MORDEKAISER,Long Sword,Basic,0.0455,1,2.25,10,Dusk And Dawn,Hextech Rocketbelt,Mercury's Treads
HWEI,Control Ward,Consumable,0.0909,0,2.43,10,Blackfire Torch,Zhonya's Hourglass,Blighting Jewel
KALISTA,Seeker's Armguard,Epic,0.0769,1,4.00,30,Blade Of The Ruined King,Guinsoo's Rageblade,Terminus
PYKE,Farsight Alteration,Trinket,0.02,0,2.33,20,Doran's Blade,Edge Of Night,Ionian Boots Of Lucidity
GWEN,Blighting Jewel,Epic,0.0385,1,1.44,30,Rabadon's Deathcap,Shadowflame,Dusk And Dawn
NOCTURNE,Experimental Hexplate,Legendary,0.5333,0.625,3.45,15,Stridebreaker,Black Cleaver,Death's Dance
NEEKO,Needlessly Large Rod,Basic,0.2051,0.5,5.14,20,Hextech Rocketbelt,Zhonya's Hourglass,Ionian Boots Of Lucidity
MILIO,Kindlegem,Epic,0.1633,0.375,4.19,10,Echoes Of Helia,Bandleglass Mirror,Ardent Censer
SMOLDER,Executioner's Calling,Epic,0.0741,0.5,1.85,20,Essence Reaver,Rapid Firecannon,Spear Of Shojin
XERATH,Doran's Ring,Starter,0.3182,0.2857,1.54,5,Luden's Companion,Shadowflame,Amplifying Tome
ZERI,Fiendhunter Bolts,Legendary,0.6452,0.7,2.17,20,Yun Tal Wildarrows,Infinity Edge,Lord Dominik's Regards
SYNDRA,Mejai's Soulstealer,Legendary,0.0984,0.5,4.89,20,Cosmic Drive,Blackfire Torch,Zhonya's Hourglass
LUCIAN,Lord Dominik's Regards,Legendary,0.2414,0.4286,1.97,30,Essence Reaver,Infinity Edge,Navori Flickerblade
CASSIOPEIA,Fated Ashes,Epic,0.1154,0.6667,2.45,25,Rylai's Crystal Scepter,Rod Of Ages,Cosmic Drive
VOLIBEAR,Stealth Ward,Trinket,0.0877,0.4,0.72,5,Dusk And Dawn,Giant's Belt,Ionian Boots Of Lucidity
WARWICK,"Jak'sho, The Protean",Legendary,0.0909,0,1.83,30,Frozen Heart,Titanic Hydra,
GWEN,Mercury's Treads,Boots,0.141,0.6364,2.76,20,Dusk And Dawn,Nashor's Tooth,Rabadon's Deathcap
CASSIOPEIA,Cloth Armor,Basic,0.1154,1,1.66,10,Amplifying Tome,Rylai's Crystal Scepter,Blackfire Torch
KINDRED,Mercury's Treads,Boots,0.2,0.6667,3.47,20,Kraken Slayer,The Collector,Infinity Edge
NAUTILUS,Rejuvenation Bead,Basic,0.0208,0,0.76,20,Chain Vest,Kindlegem,Locket Of The Iron Solari
CAMILLE,Trinity Force,Legendary,1,0.5,1.91,15,Ravenous Hydra,Spear Of Shojin,Sterak's Gage
QIYANA,The Brutalizer,Epic,0.0526,1,3.84,15,Profane Hydra,Caulfield's Warhammer,Bastionbreaker
JHIN,Immortal Shieldbow,Legendary,0.0278,0,2.65,30,Infinity Edge,Rapid Firecannon,Guardian Angel
HEIMERDINGER,Blackfire Torch,Legendary,0.4286,0,1.40,15,Rabadon's Deathcap,Shadowflame,Liandry's Torment
JHIN,Dagger,Basic,0.0556,0.5,5.40,10,Infinity Edge,Stormrazor,Zeal
BARD,Winged Moonplate,Epic,0.1026,0.375,3.96,10,Bandlepipes,Dead Man's Plate,Chain Vest
NEEKO,Sorcerer's Shoes,Boots,0.1538,0.5,8.44,10,Hextech Rocketbelt,Zhonya's Hourglass,Banshee's Veil
KASSADIN,Amplifying Tome,Basic,0.1233,0.6667,1.96,15,Rod Of Ages,Malignance,Frozen Heart
NASUS,Thornmail,Legendary,0.0417,1,1.75,25,Frozen Heart,Trinity Force,
PANTHEON,Hexdrinker,Epic,0.075,0.3333,2.51,10,Sundered Sky,Black Cleaver,Caulfield's Warhammer
VARUS,Verdant Barrier,Epic,0.0328,0.25,1.80,30,Dusk And Dawn,Experimental Hexplate,Nashor's Tooth
LUX,Aether Wisp,Epic,0.0513,0.5,1.51,20,Luden's Companion,Hextech Alternator,
VLADIMIR,Shadowflame,Legendary,0.0526,1,2.30,20,Rabadon's Deathcap,Hextech Rocketbelt,Horizon Focus
ORNN,Knight's Vow,Legendary,0.0244,1,2.67,35,Bandlepipes,Unending Despair,
YUUMI,Aether Wisp,Epic,0.069,0.5,3.33,10,Forbidden Idol,Mikael's Blessing,Moonstone Renewer
FIZZ,Liandry's Torment,Legendary,0.0526,0,2.08,15,Lich Bane,Void Staff,Zhonya's Hourglass
TRYNDAMERE,Doran's Blade,Starter,0.3529,0.3333,1.86,5,Berserker's Greaves,Long Sword,Profane Hydra
RENATA,Warden's Mail,Epic,0.1111,1,3.50,25,Redemption,Shurelya's Battlesong,
XAYAH,Control Ward,Consumable,0.0625,1,5.00,20,B. F. Sword,Doran's Blade,Essence Reaver
BRAND,Boots Of Swiftness,Boots,0.1071,0.3333,1.72,10,Rylai's Crystal Scepter,Bandlepipes,Cryptbloom
POPPY,Executioner's Calling,Epic,0.0526,0,0.57,10,Sundered Sky,,
VELKOZ,Farsight Alteration,Trinket,0.3529,0.3333,2.81,15,Needlessly Large Rod,Doran's Ring,Luden's Companion
LULU,Stealth Ward,Trinket,0.0123,0,1.40,5,Doran's Ring,Luden's Companion,Shadowflame
NOCTURNE,Black Cleaver,Legendary,0.4667,0.8571,4.10,25,Stridebreaker,Experimental Hexplate,Death's Dance
ASHE,Farsight Alteration,Trinket,0.7917,0.5789,2.75,20,Kraken Slayer,Doran's Blade,Phantom Dancer
FIDDLESTICKS,Trailblazer,Legendary,0.0357,0,1.20,20,Bandlepipes,,
AATROX,Mortal Reminder,Legendary,0.0435,1,6.25,20,Death's Dance,Profane Hydra,Spear Of Shojin
SHEN,Doran's Blade,Starter,0.025,0,1.00,5,Giant's Belt,Negatron Cloak,Plated Steelcaps
LEONA,Boots,Boots,0.0182,0,0.91,5,Kindlegem,Protoplasm Harness,Zeke's Convergence
URGOT,Boots,Boots,0.0588,1,2.50,10,Hullbreaker,,
VIKTOR,Elixir Of Sorcery,Consumable,0.0556,0,5.54,35,Rabadon's Deathcap,Blackfire Torch,Dark Seal
VIEGO,Serrated Dirk,Epic,0.0177,0,0.63,15,Kraken Slayer,,
TRUNDLE,Gustwalker Hatchling,Starter,0.0909,1,0.00,5,Long Sword,Dagger,Sheen
MALPHITE,Ionian Boots Of Lucidity,Boots,0.0282,1,5.38,10,Zeke's Convergence,Frozen Heart,Giant's Belt
EKKO,Doran's Ring,Starter,0.11,0.3636,2.75,5,Dusk And Dawn,Dark Seal,Shadowflame
AATROX,Guardian Angel,Legendary,0.0217,0,3.13,30,Spear Of Shojin,Spirit Visage,Sundered Sky
JAYCE,The Collector,Legendary,0.0123,1,2.14,25,Guardian Angel,Opportunity,Youmuu's Ghostblade
YUNARA,Phantom Dancer,Legendary,0.0244,0.5,2.22,15,Yun Tal Wildarrows,Infinity Edge,
AMBESSA,Elixir Of Iron,Consumable,0.0106,0,1.09,35,Caulfield's Warhammer,Plated Steelcaps,Profane Hydra
XERATH,Malignance,Legendary,0.0909,0.5,3.63,15,Shadowflame,Mejai's Soulstealer,Rabadon's Deathcap
HEIMERDINGER,Oblivion Orb,Epic,0.1429,0,1.22,25,Blackfire Torch,Liandry's Torment,Rylai's Crystal Scepter
JHIN,Doran's Blade,Starter,0.6806,0.4286,2.16,5,Infinity Edge,Stormrazor,Rapid Firecannon
DRAVEN,Warden's Mail,Epic,0.0227,0,1.63,25,Infinity Edge,Mortal Reminder,The Collector
DIANA,Chain Vest,Epic,0.0093,1,4.00,25,Dusk And Dawn,Kindlegem,Riftmaker
SHACO,Caulfield's Warhammer,Epic,0.04,1,2.67,10,Blade Of The Ruined King,Lord Dominik's Regards,Youmuu's Ghostblade
SYNDRA,Blackfire Torch,Legendary,0.459,0.5,2.40,15,Cosmic Drive,Rabadon's Deathcap,Mejai's Soulstealer
JARVANIV,Chempunk Chainsword,Legendary,0.0149,0,2.45,30,Frozen Heart,Profane Hydra,Serpent's Fang
SEJUANI,Warden's Mail,Epic,0.0714,0,0.30,25,Glacial Buckler,Liandry's Torment,
KAYLE,Boots,Boots,0.069,0,0.17,5,Nashor's Tooth,,
SORAKA,Negatron Cloak,Epic,0.0333,1,2.83,20,Moonstone Renewer,Redemption,Spirit Visage
DRMUNDO,Titanic Hydra,Legendary,0.1781,0.6923,5.96,30,Heartsteel,Warmog's Armor,Spirit Visage
NUNU,Kindlegem,Epic,0.069,0.5,1.86,25,Frozen Heart,Liandry's Torment,Protoplasm Harness
KASSADIN,Long Sword,Basic,0.0137,0,0.25,15,Boots,Rod Of Ages,
CASSIOPEIA,Zhonya's Hourglass,Legendary,0.1154,0.6667,2.74,25,Rylai's Crystal Scepter,Rabadon's Deathcap,Blackfire Torch
CORKI,Cull,Starter,0.0128,0,1.00,5,Cloak Of Agility,Doran's Blade,Essence Reaver
CORKI,Edge Of Night,Legendary,0.0256,0.5,2.63,25,Bastionbreaker,Essence Reaver,Serpent's Fang
KENNEN,Stormsurge,Legendary,0.0571,0,1.26,15,Hextech Rocketbelt,Rabadon's Deathcap,Shadowflame
SERAPHINE,Blackfire Torch,Legendary,0.4688,0.7333,3.79,15,Echoes Of Helia,Moonstone Renewer,Dawncore
SAMIRA,Plated Steelcaps,Boots,0.4,0.6,2.84,25,Infinity Edge,The Collector,Lord Dominik's Regards
THRESH,Mercury's Treads,Boots,0.0517,0.3333,1.72,10,Bandlepipes,Knight's Vow,Celestial Opposition
YASUO,Randuin's Omen,Legendary,0.0156,0.5,3.49,30,Death's Dance,Immortal Shieldbow,Kraken Slayer
IRELIA,Vampiric Scepter,Epic,0.0167,1,2.00,5,,,
RENEKTON,Negatron Cloak,Epic,0.0308,0.5,3.15,30,Sterak's Gage,Black Cleaver,Death's Dance
EZREAL,Essence Reaver,Legendary,0.3846,0.36,1.92,15,Serylda's Grudge,Endless Hunger,Spear Of Shojin
ZAAHEN,Kindlegem,Epic,0.0256,1,1.75,20,Stridebreaker,Trinity Force,Tunneler
JAYCE,Tear Of The Goddess,Starter,0.0617,0.4,0.75,5,Doran's Blade,Youmuu's Ghostblade,Caulfield's Warhammer
RYZE,Blighting Jewel,Epic,0.0562,0.6,2.43,25,Rod Of Ages,Actualizer,Rabadon's Deathcap
FIDDLESTICKS,Mercury's Treads,Boots,0.0357,1,2.00,20,Abyssal Mask,Bloodletter's Curse,Liandry's Torment
DRAVEN,Immortal Shieldbow,Legendary,0.0455,0.5,4.51,20,Infinity Edge,The Collector,Bloodthirster
AKSHAN,Cloak Of Agility,Basic,0.1373,0.2857,2.77,10,The Collector,Statikk Shiv,Last Whisper
ASHE,Last Whisper,Epic,0.0417,1,2.14,30,Infinity Edge,Kraken Slayer,Phantom Dancer
XINZHAO,Phage,Epic,0.1,0.5,1.88,20,Eclipse,Essence Reaver,Kindlegem
LILLIA,Rabadon's Deathcap,Legendary,0.0714,0,4.33,40,Liandry's Torment,Morellonomicon,Riftmaker
RENGAR,The Collector,Legendary,0.0175,1,7.33,15,Infinity Edge,Lord Dominik's Regards,Ravenous Hydra
JAYCE,Serylda's Grudge,Legendary,0.4444,0.4722,2.98,25,Youmuu's Ghostblade,Edge Of Night,Opportunity
VIEGO,Pickaxe,Basic,0.0619,0.4286,3.00,15,Cloak Of Agility,Noonquiver,The Collector
TAHMKENCH,Glowing Mote,Basic,0.0769,0,0.20,20,Dagger,Heartsteel,Mercury's Treads
VEIGAR,Tear Of The Goddess,Starter,0.0345,0,0.43,5,Boots,Dark Seal,Doran's Ring
XERATH,Mejai's Soulstealer,Legendary,0.2273,0.6,4.33,25,Shadowflame,Luden's Companion,Rabadon's Deathcap
AZIR,Oblivion Orb,Epic,0.0769,0,2.17,20,Liandry's Torment,Nashor's Tooth,
NAAFIRI,Farsight Alteration,Trinket,0.0635,0,1.31,20,Ionian Boots Of Lucidity,Eclipse,Opportunity
LISSANDRA,Rabadon's Deathcap,Legendary,0.0588,0,2.50,35,Luden's Companion,Shadowflame,Zhonya's Hourglass
AZIR,Blighting Jewel,Epic,0.1538,0.5,2.92,25,Nashor's Tooth,Rabadon's Deathcap,Rylai's Crystal Scepter
ASHE,Long Sword,Basic,0.0833,0.5,4.06,5,Infinity Edge,Kraken Slayer,Mortal Reminder
ORNN,Oracle Lens,Trinket,0.0976,0.5,3.63,20,Bramble Vest,Kaenic Rookern,Frozen Heart
TWISTEDFATE,Rabadon's Deathcap,Legendary,0.0556,0.5,2.80,30,Lich Bane,Luden's Companion,Rapid Firecannon
YUNARA,Dagger,Basic,0.0122,0,0.17,5,Kraken Slayer,,
BRIAR,Serpent's Fang,Legendary,0.1111,0.5,2.58,15,Black Cleaver,Death's Dance,Edge Of Night
APHELIOS,Last Whisper,Epic,0.0645,0.3333,2.13,20,Infinity Edge,Stormrazor,The Collector
EKKO,Control Ward,Consumable,0.03,0.6667,3.06,20,Dusk And Dawn,Sorcerer's Shoes,Dark Seal
TEEMO,Liandry's Torment,Legendary,0.5714,0.5,1.84,15,Malignance,Hextech Gunblade,Nashor's Tooth
AURELIONSOL,Rabadon's Deathcap,Legendary,0.0968,0.3333,3.69,30,Rylai's Crystal Scepter,Blackfire Torch,Bloodletter's Curse
KENNEN,Shadowflame,Legendary,0.6571,0.5217,2.26,20,Hextech Rocketbelt,Hextech Gunblade,Zhonya's Hourglass
EZREAL,Long Sword,Basic,0.4154,0.4444,2.08,5,Ionian Boots Of Lucidity,Trinity Force,Essence Reaver
FIZZ,Mejai's Soulstealer,Legendary,0.1053,1,5.90,15,Lich Bane,Zhonya's Hourglass,Rabadon's Deathcap
BRAND,Blasting Wand,Basic,0.1429,0.25,1.08,10,Liandry's Torment,Amplifying Tome,Sorcerer's Shoes
KARTHUS,Rabadon's Deathcap,Legendary,0.5,0.6667,2.63,25,Blackfire Torch,Shadowflame,Zhonya's Hourglass
SHEN,Boots Of Swiftness,Boots,0.05,1,3.13,15,Titanic Hydra,Dead Man's Plate,Fiendish Codex
SINGED,Boots Of Swiftness,Boots,0.6522,0.6,2.30,10,Liandry's Torment,Rylai's Crystal Scepter,Protoplasm Harness
REKSAI,Ruby Crystal,Basic,0.3438,0.7273,6.56,10,Titanic Hydra,Spear Of Shojin,Mercury's Treads
KHAZIX,Caulfield's Warhammer,Epic,0.1493,0.1,1.43,10,Umbral Glaive,Bastionbreaker,Opportunity
RENGAR,Serrated Dirk,Epic,0.2807,0.9375,3.65,5,Profane Hydra,Umbral Glaive,Lord Dominik's Regards
WARWICK,Dagger,Basic,0.1818,0,0.58,10,Boots,Kraken Slayer,Phage
VLADIMIR,Boots Of Swiftness,Boots,0.1053,0.5,2.60,10,Hextech Rocketbelt,Rabadon's Deathcap,Riftmaker
ZYRA,Haunting Guise,Epic,0.1053,1,6.20,10,Liandry's Torment,Blackfire Torch,Fiendish Codex
KOGMAW,Navori Flickerblade,Legendary,0.0714,0,0.50,20,Guinsoo's Rageblade,Hexoptics C44,
PYKE,Frozen Heart,Legendary,0.06,0.3333,3.58,30,Youmuu's Ghostblade,Edge Of Night,Guardian Angel
JAX,Seeker's Armguard,Epic,0.0417,0.3333,1.70,25,Sundered Sky,Trinity Force,Chempunk Chainsword
JAX,Amplifying Tome,Basic,0.1389,0.2,0.89,25,Dusk And Dawn,Plated Steelcaps,Nashor's Tooth
CAITLYN,Doran's Blade,Starter,0.68,0.4706,1.98,5,Infinity Edge,The Collector,Berserker's Greaves
KAYN,Plated Steelcaps,Boots,0.2414,0.2857,1.82,20,Black Cleaver,Death's Dance,Eclipse
KAISA,Plated Steelcaps,Boots,0.0097,1,2.33,15,Guinsoo's Rageblade,Hextech Alternator,Kraken Slayer
RENATA,Frozen Heart,Legendary,0.1111,0,3.11,35,Bandlepipes,Locket Of The Iron Solari,
GAREN,Winged Moonplate,Epic,0.0811,0.6667,1.79,25,Stridebreaker,Chain Vest,Phantom Dancer
MASTERYI,Stealth Ward,Trinket,0.1,0.3333,2.08,5,Dagger,Infinity Edge,Berserker's Greaves
GALIO,Giant's Belt,Epic,0.06,0.6667,2.16,25,Hextech Rocketbelt,Bandlepipes,Bloodletter's Curse
TALON,Elixir Of Wrath,Consumable,0.1613,0.7,3.23,30,Edge Of Night,Youmuu's Ghostblade,Serylda's Grudge
SIVIR,Last Whisper,Epic,0.1111,0.6,1.55,25,Infinity Edge,Essence Reaver,Navori Flickerblade
KLED,Cull,Starter,0.1,0,1.33,10,Doran's Blade,Ionian Boots Of Lucidity,Long Sword
NAUTILUS,Ruby Crystal,Basic,0.2083,0.65,2.91,5,Locket Of The Iron Solari,Bandlepipes,Plated Steelcaps
JAX,Ionian Boots Of Lucidity,Boots,0.1528,0.6364,2.18,15,Dusk And Dawn,Zhonya's Hourglass,Sundered Sky
GANGPLANK,Control Ward,Consumable,0.04,1,2.50,5,Cloak Of Agility,Doran's Blade,Essence Reaver
RENGAR,Farsight Alteration,Trinket,0.0351,0.5,2.04,15,Profane Hydra,B. F. Sword,Bastionbreaker
NUNU,Locket Of The Iron Solari,Legendary,0.0345,1,4.25,20,Knight's Vow,,
AKSHAN,Infinity Edge,Legendary,0.4314,0.5,2.71,25,The Collector,Statikk Shiv,Lord Dominik's Regards
JARVANIV,Bramble Vest,Epic,0.0299,0.5,4.39,20,Spirit Visage,Sundered Sky,Black Cleaver
TALON,Boots Of Swiftness,Boots,0.1774,1,3.85,25,Youmuu's Ghostblade,Edge Of Night,Serylda's Grudge
QIYANA,Dusk And Dawn,Legendary,0.0175,1,4.00,20,Hextech Gunblade,Mejai's Soulstealer,Zhonya's Hourglass
SORAKA,Spirit Visage,Legendary,0.0333,1,2.83,25,Moonstone Renewer,Redemption,
MALPHITE,Ruby Crystal,Basic,0.0563,0.25,1.38,5,Bramble Vest,Plated Steelcaps,Sunfire Aegis
JAYCE,Boots,Boots,0.1235,0.5,1.94,10,Youmuu's Ghostblade,Opportunity,Edge Of Night
LILLIA,Liandry's Torment,Legendary,1,0.3571,3.02,15,Riftmaker,Zhonya's Hourglass,Rylai's Crystal Scepter
RENGAR,Elixir Of Wrath,Consumable,0.0175,1,5.20,35,Essence Reaver,Mortal Reminder,Phantom Dancer
LILLIA,Amplifying Tome,Basic,0.2857,0.5,1.18,5,Liandry's Torment,Ionian Boots Of Lucidity,Riftmaker
GALIO,Luden's Companion,Legendary,0.02,0,0.83,15,Zhonya's Hourglass,,
KHAZIX,Lord Dominik's Regards,Legendary,0.0149,0,3.50,15,Bastionbreaker,Opportunity,Profane Hydra
EKKO,Refillable Potion,Consumable,0.01,0,0.43,5,Dark Seal,Dusk And Dawn,Shadowflame
MISSFORTUNE,Stealth Ward,Trinket,0.0345,1,2.44,5,Boots Of Swiftness,Infinity Edge,Lord Dominik's Regards
BARD,Bramble Vest,Epic,0.0128,1,13.00,15,Dead Man's Plate,,
MEL,Cosmic Drive,Legendary,0.1765,0.6667,4.43,20,Blackfire Torch,Rabadon's Deathcap,Bloodletter's Curse
MAOKAI,Kaenic Rookern,Legendary,0.1,1,4.50,30,Zeke's Convergence,,
GALIO,Stormsurge,Legendary,0.1,0.4,4.37,15,Shadowflame,Zhonya's Hourglass,Banshee's Veil
CORKI,Rapid Firecannon,Legendary,0.1154,0.5556,3.77,25,Infinity Edge,Essence Reaver,Mortal Reminder
SHEN,Spectre's Cowl,Epic,0.075,1,4.67,25,Titanic Hydra,Hollow Radiance,Thornmail
VARUS,Tunneler,Epic,0.0246,0.3333,1.42,15,Serrated Dirk,Youmuu's Ghostblade,Manamune
KARMA,Imperial Mandate,Legendary,0.0274,0,3.79,15,Moonstone Renewer,Ardent Censer,Dawncore
ORNN,Frozen Heart,Legendary,0.1707,0.4286,2.60,20,Unending Despair,Hollow Radiance,Sunfire Aegis
GWEN,Negatron Cloak,Epic,0.0128,1,0.25,20,Nashor's Tooth,Sheen,
NIDALEE,Doran's Ring,Starter,0.125,0.25,1.28,5,Boots,Lich Bane,Needlessly Large Rod
BRAUM,Chain Vest,Epic,0.0714,0.6,4.39,20,Bandlepipes,Kindlegem,Locket Of The Iron Solari
KOGMAW,Hexoptics C44,Legendary,0.1429,0.5,1.08,25,Guinsoo's Rageblade,Kraken Slayer,Navori Flickerblade
SION,Kindlegem,Epic,0.0769,0.6667,4.08,15,Hollow Radiance,"Jak'sho, The Protean",Randuin's Omen
SENNA,Serrated Dirk,Epic,0.119,0.8,1.68,10,Eclipse,Hubris,Opportunity
VAYNE,Boots Of Swiftness,Boots,0.0563,0.5,1.50,10,Stormrazor,Essence Reaver,Caulfield's Warhammer
EVELYNN,Void Staff,Legendary,0.25,1,10.08,30,Lich Bane,Rabadon's Deathcap,Banshee's Veil
LEESIN,Bastionbreaker,Legendary,0.0139,1,7.67,15,Edge Of Night,Profane Hydra,Umbral Glaive
AZIR,Elixir Of Sorcery,Consumable,0.0769,0,1.75,40,Dusk And Dawn,Nashor's Tooth,Rabadon's Deathcap
ZED,Executioner's Calling,Epic,0.0108,1,1.17,20,Caulfield's Warhammer,Voltaic Cyclosword,
ZILEAN,Luden's Companion,Legendary,0.0256,0,2.38,30,Cosmic Drive,,
MISSFORTUNE,Edge Of Night,Legendary,0.1034,0.6667,2.62,25,The Collector,Bloodthirster,Bastionbreaker
SORAKA,Kaenic Rookern,Legendary,0.0667,0,3.08,25,Locket Of The Iron Solari,Moonstone Renewer,Redemption
QUINN,Boots Of Swiftness,Boots,0.5,0.25,1.92,25,Profane Hydra,Edge Of Night,Mortal Reminder
SYNDRA,Refillable Potion,Consumable,0.1148,0.7143,3.17,5,Blackfire Torch,Doran's Ring,Mercury's Treads
NEEKO,Control Ward,Consumable,0.6923,0.4444,3.79,15,Hextech Rocketbelt,Ionian Boots Of Lucidity,Zhonya's Hourglass
SIVIR,Cloak Of Agility,Basic,0.1333,0.3333,1.29,20,Essence Reaver,Berserker's Greaves,Infinity Edge
TWISTEDFATE,Farsight Alteration,Trinket,0.3611,0.4615,2.54,15,Lich Bane,Rod Of Ages,Rapid Firecannon
SORAKA,Kindlegem,Epic,0.0667,0,1.83,10,Dawncore,Forbidden Idol,Moonstone Renewer
NAMI,Dark Seal,Starter,0.1119,0.4,3.39,5,Imperial Mandate,Ionian Boots Of Lucidity,Boots Of Swiftness
HEIMERDINGER,Sorcerer's Shoes,Boots,0.4286,0.3333,2.03,20,Blackfire Torch,Liandry's Torment,Malignance
REKSAI,Executioner's Calling,Epic,0.0313,0,3.50,25,Serpent's Fang,Spear Of Shojin,Titanic Hydra
TRYNDAMERE,Profane Hydra,Legendary,0.2941,0.2,1.67,15,The Collector,Lord Dominik's Regards,Navori Flickerblade
HWEI,Blackfire Torch,Legendary,0.8636,0.5789,2.07,15,Liandry's Torment,Rabadon's Deathcap,Horizon Focus
BRAND,Oracle Lens,Trinket,0.4286,0.25,1.25,10,Control Ward,Sorcerer's Shoes,Rylai's Crystal Scepter
PANTHEON,Elixir Of Wrath,Consumable,0.025,1,2.67,30,Hexdrinker,Plated Steelcaps,Sundered Sky
CAITLYN,Maw Of Malmortius,Legendary,0.01,0,2.14,40,Bloodthirster,Infinity Edge,Lord Dominik's Regards
ZERI,Last Whisper,Epic,0.0323,0,1.13,25,Fiendhunter Bolts,Infinity Edge,Yun Tal Wildarrows
SYLAS,Oracle Lens,Trinket,0.4362,0.5366,2.68,10,Hextech Rocketbelt,Riftmaker,Zhonya's Hourglass
XINZHAO,Endless Hunger,Legendary,0.05,1,1.80,25,Black Cleaver,,
VLADIMIR,Stealth Ward,Trinket,0.2105,0.4167,2.26,5,Dark Seal,Doran's Ring,Hextech Rocketbelt
JAYCE,Caulfield's Warhammer,Epic,0.1111,0.6667,2.29,25,Youmuu's Ghostblade,Opportunity,Edge Of Night
XAYAH,Farsight Alteration,Trinket,0.8125,0.5385,2.90,15,Infinity Edge,Navori Flickerblade,Doran's Blade
HEIMERDINGER,Rabadon's Deathcap,Legendary,0.2857,0,1.48,20,Blackfire Torch,Shadowflame,Malignance
JINX,Long Sword,Basic,0.1618,0.4545,2.66,5,Infinity Edge,Yun Tal Wildarrows,Cloak Of Agility
QIYANA,Blasting Wand,Basic,0.0175,0,0.38,25,Boots Of Swiftness,Hextech Gunblade,Stormsurge
LEONA,Winter's Approach,Legendary,0.0182,0,1.80,25,Frozen Heart,,
SIVIR,Phantom Dancer,Legendary,0.0222,0,2.25,35,Infinity Edge,Lord Dominik's Regards,Navori Flickerblade
LUCIAN,Boots,Boots,0.0517,0.3333,1.42,10,Essence Reaver,Infinity Edge,Lord Dominik's Regards
UDYR,Null-Magic Mantle,Basic,0.2667,0.25,1.24,20,Liandry's Torment,Dead Man's Plate,Plated Steelcaps
KHAZIX,The Brutalizer,Epic,0.0299,0.5,2.25,15,Opportunity,Umbral Glaive,Edge Of Night
GRAGAS,Cryptbloom,Legendary,0.0455,0,1.67,30,Hextech Rocketbelt,Rod Of Ages,Zhonya's Hourglass
BARD,Force Of Nature,Legendary,0.0128,1,5.00,25,Bandlepipes,Locket Of The Iron Solari,
LISSANDRA,Amplifying Tome,Basic,0.2941,0.4,1.43,5,Malignance,Shadowflame,Cosmic Drive
URGOT,Stealth Ward,Trinket,0.2353,0.25,1.37,5,Black Cleaver,Boots Of Swiftness,Sterak's Gage
SONA,Kindlegem,Epic,0.08,0.25,1.85,10,Bandleglass Mirror,Echoes Of Helia,Forbidden Idol
TARIC,Oracle Lens,Trinket,1,0.5714,2.32,10,Control Ward,Locket Of The Iron Solari,Plated Steelcaps
SENNA,Berserker's Greaves,Boots,0.0238,0,2.75,20,Black Cleaver,Executioner's Calling,Zeal
MISSFORTUNE,Farsight Alteration,Trinket,0.8621,0.68,2.51,20,The Collector,Infinity Edge,Doran's Blade
MALPHITE,Doran's Shield,Starter,0.169,0.5833,1.48,5,Plated Steelcaps,Cloth Armor,Malignance
VOLIBEAR,Redemption,Legendary,0.0175,0,1.10,35,Cosmic Drive,Dusk And Dawn,Frozen Heart
NASUS,Negatron Cloak,Epic,0.0417,1,4.33,25,Frozen Heart,Giant's Belt,Iceborn Gauntlet
TRISTANA,Stealth Ward,Trinket,0.2154,0.5,1.74,5,Doran's Blade,Infinity Edge,Yun Tal Wildarrows
SYNDRA,Banshee's Veil,Legendary,0.0164,0,0.78,25,Luden's Companion,Void Staff,
TRISTANA,Navori Flickerblade,Legendary,0.4154,0.4815,2.68,20,Infinity Edge,Yun Tal Wildarrows,Lord Dominik's Regards
HECARIM,Farsight Alteration,Trinket,0.1053,0.5,4.56,25,Death's Dance,Endless Hunger,Ionian Boots Of Lucidity
OLAF,Immortal Shieldbow,Legendary,0.087,0,0.96,20,Fiendhunter Bolts,Infinity Edge,Stridebreaker
TALIYAH,Seeker's Armguard,Epic,0.0169,1,6.50,20,Luden's Companion,Mejai's Soulstealer,
AZIR,Stealth Ward,Trinket,0.1538,0.5,1.11,5,Nashor's Tooth,Amplifying Tome,Liandry's Torment
MORGANA,Stealth Ward,Trinket,0.0769,0,0.67,5,Blackfire Torch,Doran's Ring,Haunting Guise
TRYNDAMERE,Mortal Reminder,Legendary,0.0588,0,1.14,20,Ravenous Hydra,,
CORKI,Infinity Edge,Legendary,0.4744,0.5946,3.11,25,Essence Reaver,The Collector,Trinity Force
KARTHUS,Morellonomicon,Legendary,0.0476,1,1.89,30,Blackfire Torch,Shadowflame,Liandry's Torment
SHYVANA,Haunting Guise,Epic,0.25,1,4.33,20,Dusk And Dawn,Fiendish Codex,Spear Of Shojin
KENNEN,Oracle Lens,Trinket,0.4571,0.4375,2.44,20,Shadowflame,Sorcerer's Shoes,Hextech Rocketbelt
DIANA,Cloth Armor,Basic,0.0556,0.1667,2.17,20,Dusk And Dawn,Amplifying Tome,Riftmaker
NAMI,Elixir Of Iron,Consumable,0.0075,1,3.33,30,Control Ward,Echoes Of Helia,Forbidden Idol
IRELIA,Oracle Lens,Trinket,0.0667,0.75,3.98,20,Blade Of The Ruined King,Kraken Slayer,Plated Steelcaps
MEL,Blackfire Torch,Legendary,0.5588,0.3158,2.71,15,Rabadon's Deathcap,Zhonya's Hourglass,Shadowflame
MONKEYKING,Cloth Armor,Basic,0.0769,0,2.32,20,Sundered Sky,Trinity Force,Black Cleaver
VOLIBEAR,Doran's Shield,Starter,0.0175,0,0.50,5,Chain Vest,Ionian Boots Of Lucidity,Kindlegem
FIORA,Caulfield's Warhammer,Epic,0.1538,0.6667,1.92,10,Ravenous Hydra,Trinity Force,Steel Sigil
NILAH,Doran's Shield,Starter,0.1538,0.5,0.38,5,The Collector,Cull,Infinity Edge
DARIUS,Negatron Cloak,Epic,0.1951,0.5,6.99,20,Stridebreaker,Sterak's Gage,Death's Dance
PYKE,Bastionbreaker,Legendary,0.06,0,1.87,15,Opportunity,Youmuu's Ghostblade,Axiom Arc
GALIO,Refillable Potion,Consumable,0.06,0.3333,1.70,5,Doran's Ring,Cloth Armor,Hextech Rocketbelt
NOCTURNE,Death's Dance,Legendary,0.2667,1,5.06,25,Black Cleaver,Experimental Hexplate,Stridebreaker
KHAZIX,Guardian Angel,Legendary,0.0448,1,8.30,35,Serylda's Grudge,Edge Of Night,Profane Hydra
VOLIBEAR,Cloth Armor,Basic,0.1228,0.5714,1.51,20,Dusk And Dawn,Navori Flickerblade,Mercury's Treads
AKSHAN,Stormrazor,Legendary,0.098,0.8,3.69,15,Infinity Edge,The Collector,Lord Dominik's Regards
EKKO,Cosmic Drive,Legendary,0.01,0,3.38,35,Dusk And Dawn,Rabadon's Deathcap,Shadowflame
DIANA,Nashor's Tooth,Legendary,0.0185,0.5,1.15,10,Dusk And Dawn,,
YORICK,Caulfield's Warhammer,Epic,0.1667,0,0.44,20,Last Whisper,Spear Of Shojin,Trinity Force
URGOT,Bramble Vest,Epic,0.1765,0,2.18,25,Black Cleaver,Sterak's Gage,Chain Vest
RIVEN,Doran's Shield,Starter,0.027,1,0.67,5,Long Sword,Axiom Arc,Pickaxe
MORDEKAISER,Chain Vest,Epic,0.0909,0,0.94,25,Riftmaker,Bloodletter's Curse,Liandry's Torment
KOGMAW,Quicksilver Sash,Epic,0.0714,1,3.33,30,Blade Of The Ruined King,Giant's Belt,Guinsoo's Rageblade
MAOKAI,Bandlepipes,Legendary,0.3,0.6667,1.87,15,Dead Man's Plate,Knight's Vow,Locket Of The Iron Solari
NOCTURNE,Long Sword,Basic,0.3333,0.2,1.56,15,Boots,Stridebreaker,Axiom Arc
REKSAI,Sterak's Gage,Legendary,0.1875,0.1667,2.52,30,Spear Of Shojin,Titanic Hydra,Black Cleaver
MONKEYKING,Maw Of Malmortius,Legendary,0.1923,0.8,4.57,25,Black Cleaver,Trinity Force,Sundered Sky
NIDALEE,Boots,Boots,0.25,0.125,0.93,10,Lich Bane,Echoes Of Helia,Seeker's Armguard
ZOE,Cloth Armor,Basic,0.0303,0,1.00,5,Amplifying Tome,Luden's Companion,Shadowflame
BELVETH,Pickaxe,Basic,0.1429,0.3333,2.10,20,Plated Steelcaps,Steel Sigil,Yun Tal Wildarrows
NAAFIRI,Eclipse,Legendary,0.1746,0.1818,1.60,15,Black Cleaver,Death's Dance,Edge Of Night
VELKOZ,Hextech Alternator,Epic,0.1471,0,1.29,15,Luden's Companion,Zhonya's Hourglass,Aether Wisp
AKSHAN,Farsight Alteration,Trinket,0.6863,0.5714,2.74,15,The Collector,Umbral Glaive,Infinity Edge
VI,Mortal Reminder,Legendary,0.1,0,2.33,25,Opportunity,Youmuu's Ghostblade,
RENATA,Quicksilver Sash,Epic,0.1111,0,4.00,25,Blighting Jewel,Nashor's Tooth,Rabadon's Deathcap
KHAZIX,Plated Steelcaps,Boots,0.0597,0.5,4.06,20,Umbral Glaive,Opportunity,Axiom Arc
TRISTANA,Boots,Boots,0.0462,0,0.29,10,Yun Tal Wildarrows,Infinity Edge,Noonquiver
KSANTE,Null-Magic Mantle,Basic,0.1176,0,1.18,10,Iceborn Gauntlet,Plated Steelcaps,Bramble Vest
RENEKTON,Oracle Lens,Trinket,0.1846,0.5,1.90,25,Sterak's Gage,Black Cleaver,Eclipse
GNAR,"Jak'sho, The Protean",Legendary,0.04,0,0.56,30,Black Cleaver,,
SYNDRA,Cosmic Drive,Legendary,0.3934,0.4583,2.55,20,Blackfire Torch,Rabadon's Deathcap,Mejai's Soulstealer
XINZHAO,Oracle Lens,Trinket,0.3,0.5,2.90,5,Sundered Sky,Black Cleaver,Plated Steelcaps
FIDDLESTICKS,Oblivion Orb,Epic,0.1071,0.3333,2.08,15,Liandry's Torment,Bloodletter's Curse,Hextech Rocketbelt
SION,"Jak'sho, The Protean",Legendary,0.359,0.4286,2.86,30,Unending Despair,Hollow Radiance,Randuin's Omen
SORAKA,Redemption,Legendary,0.5667,0.5294,3.23,20,Moonstone Renewer,Dawncore,Ardent Censer
NEEKO,Refillable Potion,Consumable,0.0769,0.6667,2.51,5,Hextech Rocketbelt,Ionian Boots Of Lucidity,Amplifying Tome
LUX,Elixir Of Iron,Consumable,0.0256,1,6.00,30,Amplifying Tome,Echoes Of Helia,Horizon Focus
SWAIN,Quicksilver Sash,Epic,0.0227,1,1.88,15,Blackfire Torch,Oblivion Orb,Rylai's Crystal Scepter
SETT,Doran's Blade,Starter,0.3889,0.4286,1.02,5,Stridebreaker,Long Sword,Ruby Crystal
BARD,Boots,Boots,0.0385,0.3333,1.11,5,Dead Man's Plate,Bandlepipes,Kindlegem
TRISTANA,Vampiric Scepter,Epic,0.1077,0.5714,2.77,35,Infinity Edge,Navori Flickerblade,Yun Tal Wildarrows
ZERI,Stormrazor,Legendary,0.0645,0.5,3.01,15,Fiendhunter Bolts,Infinity Edge,Lord Dominik's Regards
YUNARA,Zeal,Epic,0.0366,0.3333,1.76,15,Kraken Slayer,Scout's Slingshot,Bloodthirster
KAISA,Executioner's Calling,Epic,0.0097,0,1.71,25,Fiendhunter Bolts,Guinsoo's Rageblade,Infinity Edge
ZIGGS,Amplifying Tome,Basic,0.0968,0.3333,1.81,5,Luden's Companion,Shadowflame,Sorcerer's Shoes
URGOT,Hullbreaker,Legendary,0.0588,1,2.50,15,,,
TALIYAH,Farsight Alteration,Trinket,0.3559,0.5714,2.85,15,Needlessly Large Rod,Rylai's Crystal Scepter,Liandry's Torment
EKKO,Mercury's Treads,Boots,0.12,0.5833,3.66,15,Dusk And Dawn,Shadowflame,Rabadon's Deathcap
SHACO,Bastionbreaker,Legendary,0.04,1,4.17,30,Profane Hydra,Youmuu's Ghostblade,
AURELIONSOL,Farsight Alteration,Trinket,0.6774,0.5238,4.56,15,Rylai's Crystal Scepter,Liandry's Torment,Blackfire Torch
VOLIBEAR,Force Of Nature,Legendary,0.0526,1,1.69,25,Dusk And Dawn,Navori Flickerblade,Spirit Visage
AKALI,Seeker's Armguard,Epic,0.0806,0.6,2.45,25,Hextech Gunblade,Shadowflame,Rabadon's Deathcap
GAREN,Cloth Armor,Basic,0.0811,0.3333,1.31,20,Stridebreaker,Phantom Dancer,Black Cleaver
RYZE,Mejai's Soulstealer,Legendary,0.0112,0,0.33,25,Rod Of Ages,,
MALZAHAR,Shadowflame,Legendary,0.2857,1,2.03,30,Liandry's Torment,Blackfire Torch,Malignance
VIKTOR,Blighting Jewel,Epic,0.1111,0.25,2.11,30,Zhonya's Hourglass,Liandry's Torment,Luden's Companion
SWAIN,Refillable Potion,Consumable,0.0682,0.3333,2.00,5,Doran's Ring,Malignance,Rylai's Crystal Scepter
APHELIOS,B. F. Sword,Basic,0.1398,0.4615,1.64,10,The Collector,Pickaxe,Berserker's Greaves
SIVIR,Essence Reaver,Legendary,0.7556,0.4118,2.15,15,Infinity Edge,Navori Flickerblade,Lord Dominik's Regards
EZREAL,B. F. Sword,Basic,0.0462,0.3333,2.86,35,Ionian Boots Of Lucidity,Spear Of Shojin,Trinity Force
YUNARA,Yun Tal Wildarrows,Legendary,0.0732,0.8333,1.65,15,Infinity Edge,Fiendhunter Bolts,Phantom Dancer
FIDDLESTICKS,Bandlepipes,Legendary,0.0357,0,1.20,25,Trailblazer,,
NAAFIRI,Caulfield's Warhammer,Epic,0.1111,0.2857,1.67,10,Eclipse,Last Whisper,Opportunity
DRAVEN,Farsight Alteration,Trinket,0.9318,0.5854,2.38,20,Infinity Edge,The Collector,Berserker's Greaves
ILLAOI,Mercury's Treads,Boots,0.375,0.6667,3.51,15,Spear Of Shojin,Spirit Visage,Sterak's Gage
VELKOZ,Blackfire Torch,Legendary,0.2353,0.5,3.25,15,Shadowflame,Mejai's Soulstealer,Rabadon's Deathcap
RUMBLE,Ionian Boots Of Lucidity,Boots,0.0667,1,2.83,15,Fiendish Codex,Bloodletter's Curse,Hextech Rocketbelt
DRMUNDO,Elixir Of Iron,Consumable,0.0548,0.75,7.22,30,Boots Of Swiftness,Dead Man's Plate,Heartsteel
ORIANNA,Verdant Barrier,Epic,0.0278,1,4.00,20,Luden's Companion,Rabadon's Deathcap,Shadowflame
SWAIN,Abyssal Mask,Legendary,0.0227,1,3.57,25,Rylai's Crystal Scepter,Zhonya's Hourglass,
AMBESSA,Death's Dance,Legendary,0.383,0.6111,3.82,25,Profane Hydra,Spear Of Shojin,Axiom Arc
AMBESSA,Elixir Of Wrath,Consumable,0.0532,0.6,7.07,30,Axiom Arc,Death's Dance,Endless Hunger
XINZHAO,Cloth Armor,Basic,0.1,0,0.67,20,Black Cleaver,Long Sword,Plated Steelcaps
EKKO,Seeker's Armguard,Epic,0.06,0.1667,2.18,25,Dusk And Dawn,Shadowflame,Rabadon's Deathcap
VIEGO,Cloth Armor,Basic,0.0177,0,5.75,10,Kraken Slayer,Noonquiver,
SERAPHINE,Blasting Wand,Basic,0.0625,1,3.88,25,Blackfire Torch,Echoes Of Helia,Amplifying Tome
SENNA,Eclipse,Legendary,0.0476,1,1.82,10,Opportunity,Edge Of Night,
PYKE,Voltaic Cyclosword,Legendary,0.06,0,2.10,20,Edge Of Night,Umbral Glaive,Axiom Arc
KENNEN,Boots,Boots,0.0286,1,3.00,5,Hextech Gunblade,Zhonya's Hourglass,
SONA,Glowing Mote,Basic,0.04,0,1.52,10,Echoes Of Helia,Boots,Boots Of Swiftness
YORICK,Endless Hunger,Legendary,0.0833,1,2.75,20,Spirit Visage,Trinity Force,
SYLAS,Morellonomicon,Legendary,0.0106,1,2.50,30,Hextech Gunblade,Hextech Rocketbelt,Riftmaker
SHACO,Edge Of Night,Legendary,0.04,0,5.40,25,Profane Hydra,Serylda's Grudge,Umbral Glaive
TAHMKENCH,Ruby Crystal,Basic,0.3077,1,2.79,5,Heartsteel,Dusk And Dawn,Boots
KAYN,Farsight Alteration,Trinket,0.1379,0.5,3.92,15,Opportunity,Axiom Arc,Ionian Boots Of Lucidity
TAHMKENCH,Dagger,Basic,0.1538,0.5,0.98,20,Mercury's Treads,Dusk And Dawn,Glowing Mote
KOGMAW,Refillable Potion,Consumable,0.0714,0,0.88,5,Blade Of The Ruined King,Doran's Blade,Guinsoo's Rageblade
RAKAN,Bandlepipes,Legendary,0.3095,0.3846,2.96,15,Locket Of The Iron Solari,Zeke's Convergence,Shurelya's Battlesong
TRUNDLE,Negatron Cloak,Epic,0.0909,1,0.92,30,Spirit Visage,Trinity Force,Winged Moonplate
YASUO,Blade Of The Ruined King,Legendary,0.4922,0.3492,1.34,15,Immortal Shieldbow,Infinity Edge,Death's Dance
OLAF,Elixir Of Wrath,Consumable,0.087,0.5,2.04,30,Plated Steelcaps,Stridebreaker,Death's Dance
AKALI,Blasting Wand,Basic,0.0806,0.4,2.05,30,Hextech Gunblade,Shadowflame,Blighting Jewel
SWAIN,Tear Of The Goddess,Starter,0.0227,1,1.00,5,Doran's Ring,Rylai's Crystal Scepter,
AURORA,Bloodletter's Curse,Legendary,0.0455,0,1.43,25,Hextech Rocketbelt,,
IRELIA,Zhonya's Hourglass,Legendary,0.0167,1,1.92,35,Blade Of The Ruined King,Death's Dance,Kraken Slayer
ORNN,Mercury's Treads,Boots,0.2195,0.6667,2.13,15,Hollow Radiance,Giant's Belt,Unending Despair
JAYCE,Farsight Alteration,Trinket,0.1975,0.625,2.26,15,Youmuu's Ghostblade,Doran's Blade,Ionian Boots Of Lucidity
SERAPHINE,Dream Maker,Legendary,0.0625,0.5,1.58,15,Echoes Of Helia,Dawncore,
POPPY,Elixir Of Iron,Consumable,0.0526,1,1.67,35,Bandlepipes,Doran's Shield,Iceborn Gauntlet
EZREAL,Tunneler,Epic,0.1077,0.5714,3.22,30,Essence Reaver,Trinity Force,Endless Hunger
NAAFIRI,Refillable Potion,Consumable,0.0794,0.4,1.02,5,Voltaic Cyclosword,Doran's Blade,Long Sword
SIVIR,Executioner's Calling,Epic,0.0444,0,1.46,25,Navori Flickerblade,Essence Reaver,Infinity Edge
KOGMAW,Negatron Cloak,Epic,0.0714,0,0.50,30,Guinsoo's Rageblade,Hexoptics C44,Navori Flickerblade
BARD,Plated Steelcaps,Boots,0.0641,0.6,5.25,20,Dead Man's Plate,Kindlegem,Bandlepipes
MORDEKAISER,Needlessly Large Rod,Basic,0.0455,0,2.00,30,Dusk And Dawn,Experimental Hexplate,Hextech Rocketbelt
ILLAOI,Hexdrinker,Epic,0.125,0,1.00,20,Bramble Vest,Spear Of Shojin,
KASSADIN,Mercury's Treads,Boots,0.2603,0.6842,2.85,15,Rod Of Ages,Malignance,Zhonya's Hourglass
SHACO,Aether Wisp,Epic,0.04,0,2.00,25,Abyssal Mask,Fiendish Codex,Kindlegem
KARTHUS,Horizon Focus,Legendary,0.1667,0.4286,2.70,20,Blackfire Torch,Shadowflame,Rabadon's Deathcap
GALIO,Ionian Boots Of Lucidity,Boots,0.02,0,0.63,25,Fiendish Codex,Haunting Guise,Hextech Rocketbelt
ASHE,Yun Tal Wildarrows,Legendary,0.0833,0.5,1.60,10,Phantom Dancer,Infinity Edge,Mortal Reminder
TALIYAH,Needlessly Large Rod,Basic,0.339,0.6,3.63,15,Blackfire Torch,Liandry's Torment,Rylai's Crystal Scepter
MASTERYI,The Collector,Legendary,0.0333,1,5.00,15,Fiendhunter Bolts,Infinity Edge,
GWEN,Boots Of Swiftness,Boots,0.0641,0.8,3.84,15,Dusk And Dawn,Nashor's Tooth,Mejai's Soulstealer
JARVANIV,Sterak's Gage,Legendary,0.0746,0.6,3.10,30,Sundered Sky,Black Cleaver,Eclipse
KLED,Phage,Epic,0.2,0.5,3.61,25,Kindlegem,Eclipse,Profane Hydra
RAMMUS,"Jak'sho, The Protean",Legendary,0.2,0,1.90,25,Thornmail,Protoplasm Harness,Randuin's Omen
VLADIMIR,Blighting Jewel,Epic,0.1053,0.3333,2.06,30,Hextech Rocketbelt,Rabadon's Deathcap,Riftmaker
AKSHAN,Umbral Glaive,Legendary,0.451,0.5217,2.77,10,Serpent's Fang,The Collector,Lord Dominik's Regards
MAOKAI,Liandry's Torment,Legendary,0.1,1,4.00,15,Bloodletter's Curse,,
NAMI,Forbidden Idol,Epic,0.2164,0.5862,3.27,20,Imperial Mandate,Echoes Of Helia,Fiendish Codex
TARIC,Ruby Crystal,Basic,0.0714,1,5.60,10,Locket Of The Iron Solari,Mercury's Treads,Zeke's Convergence
BELVETH,Yun Tal Wildarrows,Legendary,0.2857,0.5,1.82,15,Black Cleaver,Bloodthirster,Death's Dance
VLADIMIR,Bloodletter's Curse,Legendary,0.0351,1,3.25,20,Hextech Rocketbelt,Riftmaker,Mejai's Soulstealer
OLAF,Refillable Potion,Consumable,0.087,0,0.52,5,Doran's Blade,Long Sword,Ravenous Hydra
CASSIOPEIA,Aether Wisp,Epic,0.0385,1,3.00,30,Liandry's Torment,Rod Of Ages,Rylai's Crystal Scepter
SONA,Boots,Boots,0.12,0,1.76,10,Echoes Of Helia,Bandleglass Mirror,Kindlegem
AZIR,Zhonya's Hourglass,Legendary,0.2308,0.3333,1.33,20,Nashor's Tooth,Rabadon's Deathcap,Dusk And Dawn
JARVANIV,Tunneler,Epic,0.0597,0.5,4.86,10,Black Cleaver,Sundered Sky,Axiom Arc
SETT,Long Sword,Basic,0.2222,0,0.43,5,Plated Steelcaps,Stridebreaker,Blade Of The Ruined King
TARIC,Zeal,Epic,0.0714,0,2.18,25,Frozen Heart,Locket Of The Iron Solari,
KAYN,Hubris,Legendary,0.1379,1,3.66,10,Serylda's Grudge,Serpent's Fang,Axiom Arc
TEEMO,Hextech Gunblade,Legendary,0.2857,0.5,1.30,15,Liandry's Torment,Bloodletter's Curse,Malignance
KINDRED,The Collector,Legendary,0.8,0.5833,3.04,20,Kraken Slayer,Infinity Edge,Lord Dominik's Regards
SIVIR,Serpent's Fang,Legendary,0.0222,1,2.89,30,Bloodthirster,Essence Reaver,Fiendhunter Bolts
DRAVEN,Rapid Firecannon,Legendary,0.0682,0.6667,1.51,30,Infinity Edge,Lord Dominik's Regards,Bloodthirster
NOCTURNE,Edge Of Night,Legendary,0.1333,0.5,2.35,25,Axiom Arc,Profane Hydra,Opportunity
ZED,Caulfield's Warhammer,Epic,0.0323,0.3333,1.24,20,Voltaic Cyclosword,Axiom Arc,Eclipse
IVERN,Faerie Charm,Basic,0.0435,0,1.67,15,Bandlepipes,Ionian Boots Of Lucidity,Moonstone Renewer
TWITCH,Stealth Ward,Trinket,0.0909,0.1667,0.99,5,Doran's Blade,Yun Tal Wildarrows,B. F. Sword
KAISA,Infinity Edge,Legendary,0.0874,0.4444,2.69,30,Guinsoo's Rageblade,Kraken Slayer,Fiendhunter Bolts
NAUTILUS,Rabadon's Deathcap,Legendary,0.0104,1,1.75,40,,,
NAMI,Echoes Of Helia,Legendary,0.2164,0.6552,3.34,25,Imperial Mandate,Moonstone Renewer,Dawncore
ZERI,B. F. Sword,Basic,0.1935,0.6667,2.44,10,Yun Tal Wildarrows,Fiendhunter Bolts,Lord Dominik's Regards
RYZE,Refillable Potion,Consumable,0.0787,0.2857,0.57,5,Rod Of Ages,Doran's Ring,Tear Of The Goddess
VEX,Elixir Of Sorcery,Consumable,0.0526,0,1.70,35,Luden's Companion,Mejai's Soulstealer,Rabadon's Deathcap
LEBLANC,Mercury's Treads,Boots,0.0278,0,1.67,25,Aether Wisp,Hextech Alternator,Luden's Companion
WARWICK,Refillable Potion,Consumable,0.0909,0,1.00,5,Blade Of The Ruined King,Boots,Cull
MALPHITE,Blasting Wand,Basic,0.0141,0,1.83,10,Kaenic Rookern,Mercury's Treads,Randuin's Omen
DARIUS,Farsight Alteration,Trinket,0.1463,0.5,3.17,20,Sterak's Gage,Stridebreaker,Dead Man's Plate
KATARINA,Stealth Ward,Trinket,0.3214,0.6111,2.51,5,Shadowflame,Hextech Gunblade,Dark Seal
SHEN,Giant's Belt,Epic,0.15,0.5,3.12,10,Sunfire Aegis,Titanic Hydra,Bandlepipes
JARVANIV,Negatron Cloak,Epic,0.0149,1,2.22,30,Eclipse,Frozen Heart,Sundered Sky
SONA,Tear Of The Goddess,Starter,0.26,0.5385,3.48,5,Echoes Of Helia,Ionian Boots Of Lucidity,Fiendish Codex
CAITLYN,Mercury's Treads,Boots,0.02,0.5,2.92,15,Hexoptics C44,Infinity Edge,Lord Dominik's Regards
URGOT,Doran's Blade,Starter,0.5294,0.5556,1.52,5,Black Cleaver,Plated Steelcaps,Sterak's Gage
TALIYAH,Amplifying Tome,Basic,0.2203,0.6923,2.16,5,Blackfire Torch,Rylai's Crystal Scepter,Sorcerer's Shoes
ZAAHEN,Pickaxe,Basic,0.1282,0.6,1.83,25,Trinity Force,Mercury's Treads,Sundered Sky
VIKTOR,Cryptbloom,Legendary,0.0278,0,1.00,40,Luden's Companion,Rabadon's Deathcap,Shadowflame
TRYNDAMERE,Navori Flickerblade,Legendary,0.0588,0,1.67,20,Profane Hydra,,
ORIANNA,Lost Chapter,Epic,0.0278,1,0.25,10,,,
NASUS,Null-Magic Mantle,Basic,0.0833,0.5,3.05,20,Trinity Force,Cloth Armor,Frozen Heart
NAUTILUS,Chain Vest,Epic,0.0625,0.3333,2.02,20,Kindlegem,Locket Of The Iron Solari,Bandlepipes
RELL,Ruby Crystal,Basic,0.1364,0.5,4.58,5,Ionian Boots Of Lucidity,Locket Of The Iron Solari,Zeke's Convergence
RIVEN,Death's Dance,Legendary,0.3514,0.8462,4.00,25,Sundered Sky,Axiom Arc,Serylda's Grudge
DRMUNDO,Cloth Armor,Basic,0.0411,0.6667,2.58,15,Heartsteel,Boots Of Swiftness,Winged Moonplate
ZERI,Lord Dominik's Regards,Legendary,0.4194,0.6923,2.44,25,Infinity Edge,Yun Tal Wildarrows,Fiendhunter Bolts
SWAIN,Glowing Mote,Basic,0.0227,0,0.83,5,"Jak'sho, The Protean",Plated Steelcaps,Rylai's Crystal Scepter
LUCIAN,Cloak Of Agility,Basic,0.1552,0.4444,1.86,10,Essence Reaver,Navori Flickerblade,Infinity Edge
RAMMUS,Hollow Radiance,Legendary,0.3,0.6667,5.38,20,Thornmail,Kaenic Rookern,
LISSANDRA,Abyssal Mask,Legendary,0.0588,1,2.86,35,Malignance,Zhonya's Hourglass,
WARWICK,Long Sword,Basic,0.0909,0,1.00,5,Blade Of The Ruined King,Boots,Bramble Vest
SORAKA,Ardent Censer,Legendary,0.0333,1,3.11,30,Moonstone Renewer,Redemption,
XAYAH,Hexoptics C44,Legendary,0.125,1,2.18,10,Essence Reaver,Infinity Edge,Navori Flickerblade
KHAZIX,Youmuu's Ghostblade,Legendary,0.2239,0.6,4.05,15,Edge Of Night,Umbral Glaive,Serylda's Grudge
TWISTEDFATE,Sheen,Epic,0.0278,0,3.00,15,Rapid Firecannon,Rod Of Ages,
AATROX,Eclipse,Legendary,0.1304,0.5,2.18,15,Sundered Sky,Black Cleaver,Death's Dance
KAYN,Serpent's Fang,Legendary,0.3103,0.5556,3.34,20,Opportunity,Serylda's Grudge,Axiom Arc
GRAGAS,Stealth Ward,Trinket,0.0909,0,1.94,5,Doran's Ring,Fiendish Codex,Aether Wisp
GNAR,Ruby Crystal,Basic,0.2,0.2,4.01,5,Black Cleaver,Mercury's Treads,Trinity Force
MONKEYKING,Elixir Of Wrath,Consumable,0.0385,1,4.00,30,Black Cleaver,Guardian Angel,Maw Of Malmortius
RENEKTON,Blade Of The Ruined King,Legendary,0.0462,0,1.23,10,Black Cleaver,Death's Dance,Sterak's Gage
KSANTE,Bramble Vest,Epic,0.1176,0.75,2.29,5,Iceborn Gauntlet,Chain Vest,Force Of Nature
GAREN,Elixir Of Iron,Consumable,0.027,1,2.25,40,Berserker's Greaves,Dead Man's Plate,Force Of Nature
WARWICK,Vampiric Scepter,Epic,0.0909,0,0.67,10,Stridebreaker,,
OLAF,Executioner's Calling,Epic,0.087,0.5,1.70,25,Stridebreaker,Death's Dance,Sundered Sky
BRAUM,Warden's Mail,Epic,0.0143,1,4.40,10,Abyssal Mask,Giant's Belt,Protoplasm Harness
GWEN,Haunting Guise,Epic,0.0385,0.3333,0.93,20,Dusk And Dawn,Nashor's Tooth,Fiendish Codex
EKKO,Dark Seal,Starter,0.45,0.4667,2.40,5,Dusk And Dawn,Shadowflame,Sorcerer's Shoes
GRAGAS,Dark Seal,Starter,0.2273,0.6,2.46,5,Luden's Companion,Sorcerer's Shoes,Amplifying Tome
JANNA,Control Ward,Consumable,0.8281,0.5849,3.56,15,Boots Of Swiftness,Moonstone Renewer,Redemption
HECARIM,Stealth Ward,Trinket,0.0526,1,10.00,5,Long Sword,Plated Steelcaps,Spear Of Shojin
VAYNE,Mortal Reminder,Legendary,0.0282,0.5,1.59,30,Essence Reaver,Stormrazor,Infinity Edge
DIANA,Negatron Cloak,Epic,0.0093,1,3.20,20,Hextech Rocketbelt,Liandry's Torment,Riftmaker
BELVETH,Warden's Mail,Epic,0.0476,0,1.11,25,Death's Dance,Giant's Belt,Kraken Slayer
SYLAS,Void Staff,Legendary,0.0106,0,4.20,30,Hextech Rocketbelt,Rabadon's Deathcap,Riftmaker
EZREAL,Stealth Ward,Trinket,0.1846,0.3333,1.86,5,Doran's Blade,Long Sword,Ionian Boots Of Lucidity
MORGANA,Sorcerer's Shoes,Boots,0.1538,0.5,3.06,15,Liandry's Torment,Mejai's Soulstealer,Seeker's Armguard
XAYAH,Lord Dominik's Regards,Legendary,0.3125,0.4,3.01,25,Navori Flickerblade,Essence Reaver,Infinity Edge
AKSHAN,Noonquiver,Epic,0.098,0.4,3.40,25,Umbral Glaive,Infinity Edge,Serpent's Fang
JAX,"Jak'sho, The Protean",Legendary,0.0139,1,1.60,45,Sterak's Gage,Trinity Force,Zhonya's Hourglass
SYLAS,Rod Of Ages,Legendary,0.1277,0.75,2.14,15,Riftmaker,Zhonya's Hourglass,Hextech Rocketbelt
NUNU,Zhonya's Hourglass,Legendary,0.1034,0.6667,3.31,25,Liandry's Torment,Spirit Visage,Hextech Rocketbelt
VI,Phage,Epic,0.1,0,0.14,20,Kindlegem,Sundered Sky,
RAMMUS,Boots Of Swiftness,Boots,0.1,1,7.50,15,Chain Vest,Thornmail,Winged Moonplate
XINZHAO,Doran's Ring,Starter,0.1,0.5,0.94,5,Pickaxe,Boots,Eclipse
DRAVEN,Boots,Boots,0.0227,1,1.67,10,Infinity Edge,Mortal Reminder,The Collector
DARIUS,Force Of Nature,Legendary,0.2927,0.3333,2.15,25,Stridebreaker,Dead Man's Plate,Sterak's Gage
SERAPHINE,Kindlegem,Epic,0.1563,0.8,4.54,15,Blackfire Torch,Bandleglass Mirror,Echoes Of Helia
FIDDLESTICKS,Spirit Visage,Legendary,0.0357,1,2.00,25,Abyssal Mask,Bloodletter's Curse,Liandry's Torment
KSANTE,Chain Vest,Epic,0.2353,0.5,2.37,10,Kaenic Rookern,Iceborn Gauntlet,"Jak'sho, The Protean"
TWITCH,Yun Tal Wildarrows,Legendary,0.4091,0.4444,1.90,15,Infinity Edge,Runaan's Hurricane,Fiendhunter Bolts
SYLAS,Cosmic Drive,Legendary,0.0532,0.6,1.62,20,Zhonya's Hourglass,Hextech Rocketbelt,Riftmaker
KARTHUS,Doran's Ring,Starter,0.2143,0.4444,2.21,5,Blackfire Torch,Shadowflame,Dark Seal
BRIAR,Sundered Sky,Legendary,0.1111,0.5,2.90,15,Titanic Hydra,Overlord's Bloodmail,Spirit Visage
TRUNDLE,Kindlegem,Epic,0.1818,0.5,2.71,5,Bandlepipes,Knight's Vow,Protoplasm Harness
KAYN,Endless Hunger,Legendary,0.069,0.5,2.64,25,Axiom Arc,Black Cleaver,Death's Dance
NAUTILUS,Negatron Cloak,Epic,0.0625,0.5,2.18,30,Bandlepipes,Locket Of The Iron Solari,Protoplasm Harness
VELKOZ,Luden's Companion,Legendary,0.5,0.4118,2.04,15,Zhonya's Hourglass,Shadowflame,Horizon Focus
SINGED,Fated Ashes,Epic,0.1739,0.75,2.01,5,Rylai's Crystal Scepter,Haunting Guise,Frozen Heart
AURORA,Liandry's Torment,Legendary,0.0909,1,2.67,15,Actualizer,Mejai's Soulstealer,Shadowflame
PYKE,Mikael's Blessing,Legendary,0.02,1,3.00,15,Abyssal Mask,Axiom Arc,
KHAZIX,Serylda's Grudge,Legendary,0.3284,0.5,3.43,30,Edge Of Night,Umbral Glaive,Serpent's Fang
KENNEN,Hextech Rocketbelt,Legendary,0.4571,0.5,1.98,15,Shadowflame,Zhonya's Hourglass,Rabadon's Deathcap
NASUS,Ruby Crystal,Basic,0.2083,1,2.99,10,Trinity Force,Frozen Heart,Ionian Boots Of Lucidity
VELKOZ,Hextech Rocketbelt,Legendary,0.0588,0,1.22,15,Banshee's Veil,Horizon Focus,Rylai's Crystal Scepter
VEIGAR,Blighting Jewel,Epic,0.1034,0,1.76,30,Rabadon's Deathcap,Luden's Companion,Rod Of Ages
LULU,Moonstone Renewer,Legendary,0.3704,0.5,3.50,20,Ardent Censer,Redemption,Shurelya's Battlesong
MALPHITE,Boots,Boots,0.0563,0.25,0.73,5,Malignance,Sunfire Aegis,Kaenic Rookern
TRUNDLE,Bandlepipes,Legendary,0.4545,0.4,1.98,15,Dead Man's Plate,Protoplasm Harness,Blade Of The Ruined King
IRELIA,Thornmail,Legendary,0.0167,1,2.00,30,Death's Dance,Guardian Angel,
HECARIM,Pickaxe,Basic,0.1053,0,1.66,10,Endless Hunger,Ionian Boots Of Lucidity,Spear Of Shojin
MALPHITE,Refillable Potion,Consumable,0.0704,0.4,1.54,5,Doran's Ring,Sunfire Aegis,Boots
NAMI,Health Potion,Consumable,0.0299,0,1.88,5,Ionian Boots Of Lucidity,Imperial Mandate,Aether Wisp
JAYCE,Tunneler,Epic,0.0247,0,2.19,25,Opportunity,Youmuu's Ghostblade,Serrated Dirk
KAYLE,Ruby Crystal,Basic,0.0345,1,0.00,15,Blasting Wand,Boots Of Swiftness,Nashor's Tooth
KOGMAW,"Jak'sho, The Protean",Legendary,0.0714,1,2.67,35,Blade Of The Ruined King,Guinsoo's Rageblade,Randuin's Omen
VARUS,Hextech Gunblade,Legendary,0.0574,0.8571,2.80,10,Dusk And Dawn,Riftmaker,Zhonya's Hourglass
JINX,Kraken Slayer,Legendary,0.2206,0.6,2.44,15,Infinity Edge,Runaan's Hurricane,Lord Dominik's Regards
KATARINA,Terminus,Legendary,0.1607,0.5556,1.98,25,Kraken Slayer,Blade Of The Ruined King,Death's Dance
KARMA,Amplifying Tome,Basic,0.1233,0.3333,2.91,5,Ionian Boots Of Lucidity,Moonstone Renewer,Redemption
MAOKAI,Bramble Vest,Epic,0.2,0,1.65,15,Locket Of The Iron Solari,Protoplasm Harness,Solstice Sleigh
KAISA,Luden's Companion,Legendary,0.0097,0,3.67,15,Cryptbloom,Horizon Focus,
RENEKTON,Dagger,Basic,0.0462,0,0.72,10,Black Cleaver,Mercury's Treads,Phage
DARIUS,Mercury's Treads,Boots,0.3902,0.5625,1.80,20,Stridebreaker,Force Of Nature,Sterak's Gage
POPPY,Knight's Vow,Legendary,0.0526,1,3.67,25,Bandlepipes,Zeke's Convergence,
VEX,Amplifying Tome,Basic,0.1579,1,3.00,5,Luden's Companion,Blackfire Torch,Needlessly Large Rod
SYNDRA,Void Staff,Legendary,0.0984,0.3333,2.51,30,Blackfire Torch,Cosmic Drive,Luden's Companion
ZERI,Noonquiver,Epic,0.0323,0,0.20,25,Yun Tal Wildarrows,,
TWISTEDFATE,Cryptbloom,Legendary,0.0278,0,2.83,25,Rapid Firecannon,Rod Of Ages,
MEL,Doran's Ring,Starter,0.4118,0.4286,4.39,5,Shadowflame,Blackfire Torch,Rabadon's Deathcap
POPPY,Refillable Potion,Consumable,0.0526,0,2.25,5,Boots Of Swiftness,Chain Vest,Ruby Crystal
ZAAHEN,Glowing Mote,Basic,0.0769,0.6667,0.79,15,Trinity Force,Mercury's Treads,Phage
SYLAS,Ionian Boots Of Lucidity,Boots,0.2553,0.5417,2.41,15,Hextech Rocketbelt,Zhonya's Hourglass,Riftmaker
AKALI,B. F. Sword,Basic,0.0161,1,8.33,25,Hextech Gunblade,Shadowflame,Steel Sigil
SIVIR,Yun Tal Wildarrows,Legendary,0.2,0.5556,3.78,15,Infinity Edge,Navori Flickerblade,Lord Dominik's Regards
BLITZCRANK,Warden's Mail,Epic,0.0667,0,1.10,20,Bandlepipes,Locket Of The Iron Solari,Malignance
KHAZIX,Elixir Of Wrath,Consumable,0.1343,0.6667,4.91,35,Edge Of Night,Ionian Boots Of Lucidity,Serylda's Grudge
JAYCE,Hexdrinker,Epic,0.0123,1,1.86,25,Serylda's Grudge,Youmuu's Ghostblade,
RYZE,Sapphire Crystal,Basic,0.0787,0.4286,2.17,5,Rod Of Ages,Amplifying Tome,Blasting Wand
AKSHAN,B. F. Sword,Basic,0.0588,0,1.03,15,The Collector,Cloak Of Agility,Immortal Shieldbow
JAX,Dark Seal,Starter,0.0833,0.3333,1.72,5,Dusk And Dawn,Nashor's Tooth,Zhonya's Hourglass
NAMI,Ruby Crystal,Basic,0.0522,0.5714,2.15,20,Imperial Mandate,Ionian Boots Of Lucidity,Ardent Censer
ZAAHEN,Overlord's Bloodmail,Legendary,0.0256,1,1.83,30,Sundered Sky,Trinity Force,
LUX,Stormsurge,Legendary,0.5385,0.4286,3.49,20,Luden's Companion,Malignance,Rabadon's Deathcap
FIORA,Hearthbound Axe,Epic,0.0256,1,0.63,15,Phage,Ravenous Hydra,
LUCIAN,Plated Steelcaps,Boots,0.1724,0.5,1.55,15,Essence Reaver,Navori Flickerblade,Infinity Edge
SENNA,Cloak Of Agility,Basic,0.0952,0.5,1.83,20,Black Cleaver,Boots Of Swiftness,Rapid Firecannon
NUNU,Boots Of Swiftness,Boots,0.069,0.5,2.48,5,Spectre's Cowl,Kindlegem,Knight's Vow
ZIGGS,Haunting Guise,Epic,0.0323,0,1.80,15,Luden's Companion,Rabadon's Deathcap,Shadowflame
BRAUM,Abyssal Mask,Legendary,0.0429,0.3333,2.76,25,Knight's Vow,Bandlepipes,Protoplasm Harness
YASUO,Mercury's Treads,Boots,0.0156,0.5,2.50,15,Phantom Dancer,Stridebreaker,Executioner's Calling
KAISA,Kraken Slayer,Legendary,0.9417,0.4948,2.31,15,Guinsoo's Rageblade,Dusk And Dawn,Nashor's Tooth
APHELIOS,Cloth Armor,Basic,0.0215,0.5,1.86,5,Infinity Edge,Lord Dominik's Regards,Stormrazor
GANGPLANK,B. F. Sword,Basic,0.16,0.5,1.74,25,Cloak Of Agility,Essence Reaver,Boots Of Swiftness
ZAC,Warden's Mail,Epic,0.0741,1,4.38,25,Spirit Visage,Fated Ashes,Giant's Belt
AURORA,Mejai's Soulstealer,Legendary,0.0455,1,2.00,20,Actualizer,Liandry's Torment,
JAX,Titanic Hydra,Legendary,0.0139,0,1.00,25,Trinity Force,,
YONE,Stridebreaker,Legendary,0.0222,0,2.20,25,Blade Of The Ruined King,Immortal Shieldbow,Infinity Edge
AKSHAN,Mortal Reminder,Legendary,0.1176,0.5,2.45,25,Infinity Edge,The Collector,Umbral Glaive
NAMI,Boots,Boots,0.0224,0.3333,3.47,5,Imperial Mandate,Moonstone Renewer,
SENNA,B. F. Sword,Basic,0.0952,0,1.77,25,Boots Of Swiftness,Black Cleaver,Rapid Firecannon
JANNA,Bandlepipes,Legendary,0.0469,0.3333,1.38,25,Redemption,,
LEESIN,Doran's Shield,Starter,0.0139,1,1.29,5,Black Cleaver,Caulfield's Warhammer,Mercury's Treads
BARD,Negatron Cloak,Epic,0.0385,0.3333,1.94,20,Dead Man's Plate,Bandlepipes,Chain Vest
LEONA,Control Ward,Consumable,0.9455,0.5769,2.78,10,Bandlepipes,Plated Steelcaps,Locket Of The Iron Solari
RAKAN,Hextech Rocketbelt,Legendary,0.0238,1,10.50,15,Mejai's Soulstealer,,
VEIGAR,Sorcerer's Shoes,Boots,0.3448,0.4,1.77,15,Rabadon's Deathcap,Luden's Companion,Rod Of Ages
EZREAL,Refillable Potion,Consumable,0.0769,0.4,1.60,5,Doran's Blade,Long Sword,Essence Reaver
CASSIOPEIA,Void Staff,Legendary,0.0385,1,3.33,40,Rabadon's Deathcap,Rylai's Crystal Scepter,Zhonya's Hourglass
AHRI,Sorcerer's Shoes,Boots,0.1087,0.4,1.87,15,Malignance,Shadowflame,Blackfire Torch
YUUMI,Dawncore,Legendary,0.2414,0.5714,4.94,25,Moonstone Renewer,Mikael's Blessing,Redemption
YASUO,Long Sword,Basic,0.1797,0.4348,1.73,10,Berserker's Greaves,Immortal Shieldbow,Blade Of The Ruined King
LUCIAN,Randuin's Omen,Legendary,0.0172,0,2.00,35,Essence Reaver,Guardian Angel,Infinity Edge
JANNA,Aether Wisp,Epic,0.0938,0.5,3.14,10,Moonstone Renewer,Bandleglass Mirror,Redemption
RENATA,Forbidden Idol,Epic,0.1111,1,11.00,15,Echoes Of Helia,,
HEIMERDINGER,Void Staff,Legendary,0.2857,0,0.88,25,Shadowflame,Blackfire Torch,Rabadon's Deathcap
KATARINA,Giant's Belt,Epic,0.0179,1,3.60,25,Blade Of The Ruined King,Kraken Slayer,Terminus
LULU,Kindlegem,Epic,0.2346,0.4737,3.02,20,Ardent Censer,Redemption,Mikael's Blessing
RENGAR,Profane Hydra,Legendary,0.807,0.6957,3.52,20,Umbral Glaive,Edge Of Night,Lord Dominik's Regards
GALIO,Fiendish Codex,Epic,0.04,0.5,0.69,20,Haunting Guise,Bramble Vest,Hextech Rocketbelt
URGOT,Farsight Alteration,Trinket,0.2353,0.75,2.40,15,Black Cleaver,Sterak's Gage,Doran's Blade
GRAVES,Black Cleaver,Legendary,0.1429,1,5.36,15,Youmuu's Ghostblade,Hubris,Sundered Sky
YASUO,Doran's Shield,Starter,0.1641,0.4762,2.05,5,Blade Of The Ruined King,Immortal Shieldbow,Kraken Slayer
JAYCE,Edge Of Night,Legendary,0.3704,0.6,4.06,25,Youmuu's Ghostblade,Opportunity,Serylda's Grudge
KINDRED,Long Sword,Basic,0.4667,0.4286,2.05,5,Kraken Slayer,The Collector,Berserker's Greaves
TWISTEDFATE,Kraken Slayer,Legendary,0.0278,1,2.00,15,,,
JHIN,Infinity Edge,Legendary,0.7639,0.4182,2.79,20,Rapid Firecannon,Stormrazor,The Collector
SERAPHINE,Forbidden Idol,Epic,0.375,0.5833,4.63,20,Echoes Of Helia,Blackfire Torch,Moonstone Renewer
VARUS,Blade Of The Ruined King,Legendary,0.0328,0.5,2.54,15,Terminus,Guinsoo's Rageblade,"Jak'sho, The Protean"
URGOT,Plated Steelcaps,Boots,0.4118,0.4286,1.79,20,Black Cleaver,Sterak's Gage,Bramble Vest
KARMA,Control Ward,Consumable,0.8082,0.4746,2.57,15,Ionian Boots Of Lucidity,Moonstone Renewer,Redemption
TRUNDLE,Tiamat,Epic,0.1818,0.5,3.25,5,Bandlepipes,Blade Of The Ruined King,Trinity Force
JHIN,Lord Dominik's Regards,Legendary,0.2917,0.5238,3.37,25,Infinity Edge,Rapid Firecannon,Stormrazor
JANNA,Faerie Charm,Basic,0.125,0.5,3.19,5,Boots Of Swiftness,Moonstone Renewer,Fiendish Codex
ELISE,Gustwalker Hatchling,Starter,0.0256,0,1.29,5,Dark Seal,Lich Bane,Sorcerer's Shoes
BRAND,Fiendish Codex,Epic,0.0357,1,1.56,30,Liandry's Torment,Oblivion Orb,Rylai's Crystal Scepter
XERATH,Amplifying Tome,Basic,0.1818,0.25,1.03,5,Luden's Companion,Boots,Rabadon's Deathcap
BRIAR,Guardian Angel,Legendary,0.0556,0,3.43,35,Black Cleaver,Death's Dance,Serpent's Fang
BLITZCRANK,Malignance,Legendary,0.0333,0,1.33,15,,,
ORNN,Thornmail,Legendary,0.3415,0.6429,3.19,20,Sunfire Aegis,Kaenic Rookern,Unending Despair
ALISTAR,Ruby Crystal,Basic,0.1897,0.6364,4.74,5,Boots Of Swiftness,Bandlepipes,Locket Of The Iron Solari
VARUS,Blasting Wand,Basic,0.0574,0.4286,1.69,5,Dusk And Dawn,Experimental Hexplate,Guinsoo's Rageblade
AATROX,Tunneler,Epic,0.1957,0.2222,2.14,15,Sundered Sky,Eclipse,Voltaic Cyclosword
KSANTE,Rejuvenation Bead,Basic,0.0294,0,0.83,10,Giant's Belt,Iceborn Gauntlet,Mercury's Treads
ZAC,Spectre's Cowl,Epic,0.1481,0.5,6.48,15,Sunfire Aegis,Cosmic Drive,Hextech Rocketbelt
ZIGGS,Blighting Jewel,Epic,0.0968,0.3333,2.56,25,Luden's Companion,Rabadon's Deathcap,Shadowflame
YUUMI,Knight's Vow,Legendary,0.069,1,7.50,25,Ardent Censer,Echoes Of Helia,Mikael's Blessing
MALPHITE,Fiendish Codex,Epic,0.0141,0,1.33,30,Malignance,Shurelya's Battlesong,Zeke's Convergence
TRUNDLE,Blade Of The Ruined King,Legendary,0.2727,0,0.82,20,Ravenous Hydra,Bandlepipes,Hullbreaker
ASHE,Recurve Bow,Epic,0.0833,1,2.67,10,Infinity Edge,Kraken Slayer,Phantom Dancer
VARUS,Glowing Mote,Basic,0.041,0.2,0.96,15,Edge Of Night,Serpent's Fang,Youmuu's Ghostblade
ORIANNA,Luden's Companion,Legendary,0.2778,0.5,2.15,10,Rabadon's Deathcap,Shadowflame,Void Staff
POPPY,Negatron Cloak,Epic,0.0526,0,1.40,25,Dead Man's Plate,Umbral Glaive,Winged Moonplate
KATARINA,Hextech Alternator,Epic,0.0179,0,0.70,10,Hextech Gunblade,,
IRELIA,Blasting Wand,Basic,0.0167,0,1.25,25,Blade Of The Ruined King,Death's Dance,Plated Steelcaps
YASUO,Refillable Potion,Consumable,0.0938,0.25,0.84,5,Doran's Blade,Noonquiver,Pickaxe
SENNA,Edge Of Night,Legendary,0.0952,0.25,2.40,20,Serpent's Fang,Eclipse,Maw Of Malmortius
ORNN,Null-Magic Mantle,Basic,0.0488,0.5,1.36,5,Force Of Nature,Heartsteel,Hollow Radiance
RELL,Zeke's Convergence,Legendary,0.7045,0.4194,3.51,15,Locket Of The Iron Solari,Bandlepipes,Protoplasm Harness
PYKE,Axiom Arc,Legendary,0.12,0.5,2.96,20,Youmuu's Ghostblade,Abyssal Mask,Bastionbreaker
MASTERYI,Infinity Edge,Legendary,0.1,0.6667,2.30,25,Yun Tal Wildarrows,Fiendhunter Bolts,Immortal Shieldbow
JAX,Stridebreaker,Legendary,0.0417,0.3333,0.84,25,Trinity Force,,
JARVANIV,Boots,Boots,0.0597,0.75,5.15,10,Profane Hydra,Axiom Arc,Black Cleaver
WARWICK,Doran's Blade,Starter,0.3636,0,0.88,5,Blade Of The Ruined King,Boots,Bramble Vest
GAREN,Oracle Lens,Trinket,0.1622,0.1667,1.27,20,Stridebreaker,Berserker's Greaves,Phantom Dancer
JANNA,Null-Magic Mantle,Basic,0.0156,1,1.80,15,Boots Of Swiftness,Cloth Armor,Kindlegem
BELVETH,Infinity Edge,Legendary,0.0476,1,2.09,40,Black Cleaver,Bloodthirster,Death's Dance
NUNU,Farsight Alteration,Trinket,0.0345,0,2.40,25,Dead Man's Plate,Liandry's Torment,Mercury's Treads
KSANTE,Negatron Cloak,Epic,0.1765,0.3333,1.97,5,Iceborn Gauntlet,Thornmail,Bramble Vest
LEESIN,Phage,Epic,0.0556,0.25,1.64,25,Sundered Sky,Eclipse,Death's Dance
KATARINA,Farsight Alteration,Trinket,0.1071,0.1667,1.61,20,Dark Seal,Amplifying Tome,Lich Bane
EVELYNN,Rabadon's Deathcap,Legendary,0.625,0.4,5.69,25,Lich Bane,Mejai's Soulstealer,Void Staff
IVERN,Mejai's Soulstealer,Legendary,0.2174,1,5.48,20,Malignance,Moonstone Renewer,Staff Of Flowing Water
NAUTILUS,Control Ward,Consumable,0.9375,0.5444,2.99,10,Locket Of The Iron Solari,Bandlepipes,Plated Steelcaps
YONE,Executioner's Calling,Epic,0.0222,0,0.33,10,Immortal Shieldbow,,
YONE,Elixir Of Wrath,Consumable,0.0444,0.5,1.83,30,Blade Of The Ruined King,Death's Dance,Infinity Edge
SAMIRA,Quicksilver Sash,Epic,0.04,0,1.05,30,Bloodthirster,Immortal Shieldbow,Infinity Edge
ZILEAN,Shurelya's Battlesong,Legendary,0.3846,0.6667,3.47,15,Imperial Mandate,Bandlepipes,Cosmic Drive
RENATA,Oblivion Orb,Epic,0.2222,0.5,3.72,25,Bandlepipes,Frozen Heart,Locket Of The Iron Solari
NASUS,Giant's Belt,Epic,0.0833,1,5.00,25,Frozen Heart,Bandlepipes,Chain Vest
TALON,Refillable Potion,Consumable,0.0161,1,5.00,5,Ionian Boots Of Lucidity,Opportunity,The Brutalizer
PANTHEON,The Brutalizer,Epic,0.025,0,0.17,15,Serrated Dirk,,
GRAGAS,Banshee's Veil,Legendary,0.0455,0,3.17,30,Hextech Rocketbelt,Lich Bane,Mejai's Soulstealer
MASTERYI,Mercury's Treads,Boots,0.2333,0.7143,2.36,15,Guinsoo's Rageblade,Kraken Slayer,Wit's End
JINX,Runaan's Hurricane,Legendary,0.4265,0.5862,2.44,25,Infinity Edge,Yun Tal Wildarrows,Lord Dominik's Regards
SENNA,Boots Of Swiftness,Boots,0.6667,0.3929,3.22,10,Black Cleaver,Rapid Firecannon,Echoes Of Helia
NUNU,Stormsurge,Legendary,0.0345,0,3.40,15,Hextech Rocketbelt,Mejai's Soulstealer,
KASSADIN,Glowing Mote,Basic,0.0137,0,1.13,15,Plated Steelcaps,Rod Of Ages,Zhonya's Hourglass
JANNA,Locket Of The Iron Solari,Legendary,0.0156,1,2.67,35,Moonstone Renewer,Redemption,Shurelya's Battlesong
BELVETH,Plated Steelcaps,Boots,0.6667,0.5,2.09,15,Kraken Slayer,Stridebreaker,Yun Tal Wildarrows
JANNA,Glowing Mote,Basic,0.0156,1,6.50,10,Boots Of Swiftness,Mikael's Blessing,Moonstone Renewer
SEJUANI,Haunting Guise,Epic,0.0714,0,3.00,15,Dusk And Dawn,Protoplasm Harness,Thornmail
NEEKO,Seeker's Armguard,Epic,0.1026,0.25,3.32,20,Hextech Rocketbelt,Shadowflame,Stormsurge
BARD,Oblivion Orb,Epic,0.0385,0.6667,4.03,20,Dead Man's Plate,Bandlepipes,Fated Ashes
KAISA,Kindlegem,Epic,0.0388,0.25,1.63,20,Guinsoo's Rageblade,Kraken Slayer,Nashor's Tooth
GALIO,Liandry's Torment,Legendary,0.02,1,2.57,15,Cosmic Drive,Zhonya's Hourglass,
KHAZIX,Long Sword,Basic,0.2388,0.25,2.49,5,Umbral Glaive,Opportunity,Ionian Boots Of Lucidity
VARUS,Dagger,Basic,0.0328,0.5,1.89,5,Kindlegem,Amplifying Tome,Blasting Wand
AKALI,Doran's Ring,Starter,0.2419,0.5333,1.92,5,Hextech Gunblade,Sorcerer's Shoes,Shadowflame
MORDEKAISER,Health Potion,Consumable,0.0909,0.5,1.26,5,Amplifying Tome,Riftmaker,Doran's Ring
LUCIAN,Doran's Blade,Starter,0.7241,0.5238,1.95,5,Essence Reaver,Navori Flickerblade,Infinity Edge
SWAIN,Boots Of Swiftness,Boots,0.0455,1,3.62,15,Fated Ashes,Rylai's Crystal Scepter,Zhonya's Hourglass
PANTHEON,Edge Of Night,Legendary,0.1,0.75,4.96,25,Youmuu's Ghostblade,Serpent's Fang,Opportunity
YASUO,Hearthbound Axe,Epic,0.0078,0,0.11,10,,,
TRYNDAMERE,Executioner's Calling,Epic,0.0588,0,1.33,15,Ravenous Hydra,Zeal,
MORDEKAISER,Amplifying Tome,Basic,0.1818,0.25,1.29,5,Dusk And Dawn,Experimental Hexplate,Hextech Rocketbelt
SERAPHINE,Oracle Lens,Trinket,0.4375,0.5714,4.29,10,Ionian Boots Of Lucidity,Control Ward,Echoes Of Helia
ORNN,Giant's Belt,Epic,0.2683,0.6364,2.20,25,Chain Vest,Hollow Radiance,Sunfire Aegis
ELISE,Stormsurge,Legendary,0.641,0.28,2.38,15,Shadowflame,Rabadon's Deathcap,Zhonya's Hourglass
VIEGO,Steel Sigil,Epic,0.0088,0,1.78,20,The Collector,,
SETT,Boots,Boots,0.1111,0,0.51,5,Stridebreaker,Black Cleaver,Hullbreaker
RENEKTON,Guardian Angel,Legendary,0.0308,0.5,6.90,35,Black Cleaver,Eclipse,Death's Dance
TRYNDAMERE,Ravenous Hydra,Legendary,0.6471,0.5455,1.80,15,Infinity Edge,Essence Reaver,Phantom Dancer
RELL,Thornmail,Legendary,0.0227,0,4.50,25,Locket Of The Iron Solari,Zeke's Convergence,
VI,Tunneler,Epic,0.2,1,5.75,10,Black Cleaver,Negatron Cloak,Sundered Sky
TRYNDAMERE,Serylda's Grudge,Legendary,0.0588,1,2.50,35,Essence Reaver,Infinity Edge,Ravenous Hydra
BLITZCRANK,Boots Of Swiftness,Boots,0.9,0.5185,2.77,10,Locket Of The Iron Solari,Bandlepipes,Zeke's Convergence
KHAZIX,Ruby Crystal,Basic,0.0149,1,2.75,20,Death's Dance,Edge Of Night,Ionian Boots Of Lucidity
SHACO,Liandry's Torment,Legendary,0.16,0,1.61,25,Blackfire Torch,Abyssal Mask,Cryptbloom
LEBLANC,Farsight Alteration,Trinket,0.1389,0.2,1.94,15,Luden's Companion,Shadowflame,Doran's Ring
VELKOZ,Haunting Guise,Epic,0.0294,1,3.00,20,Horizon Focus,Rylai's Crystal Scepter,
RYZE,Oracle Lens,Trinket,0.0449,0.75,3.84,25,Actualizer,Rod Of Ages,Doran's Ring
NAAFIRI,Voltaic Cyclosword,Legendary,0.4444,0.3929,2.16,15,Opportunity,Serylda's Grudge,Axiom Arc
SION,Long Sword,Basic,0.0769,1,2.72,10,Hollow Radiance,Plated Steelcaps,Titanic Hydra
ZOE,Blasting Wand,Basic,0.0303,1,12.00,15,Aether Wisp,Luden's Companion,Mejai's Soulstealer
BARD,Boots Of Swiftness,Boots,0.6667,0.5577,4.22,10,Dead Man's Plate,Bandlepipes,Kindlegem
NAUTILUS,Forbidden Idol,Epic,0.0313,0.6667,3.36,25,Locket Of The Iron Solari,Fiendish Codex,Knight's Vow
AHRI,Lich Bane,Legendary,0.0652,0.3333,1.76,20,Blackfire Torch,Malignance,Rabadon's Deathcap
RAKAN,Bramble Vest,Epic,0.0476,0.5,2.22,15,Kindlegem,Locket Of The Iron Solari,Solstice Sleigh
VARUS,Pickaxe,Basic,0.0164,1,2.71,10,Serrated Dirk,Youmuu's Ghostblade,Boots Of Swiftness
TALIYAH,Giant's Belt,Epic,0.0169,1,3.00,15,Luden's Companion,Shadowflame,
NEEKO,Mejai's Soulstealer,Legendary,0.0256,1,8.33,30,Banshee's Veil,Hextech Rocketbelt,Zaz'zak's Realmspike
VEIGAR,Blasting Wand,Basic,0.069,0.5,5.75,25,Rabadon's Deathcap,Blighting Jewel,Rod Of Ages
NEEKO,Ruby Crystal,Basic,0.0513,0,1.33,10,Glowing Mote,Hextech Alternator,Hextech Rocketbelt
MALZAHAR,Liandry's Torment,Legendary,0.8571,0.75,1.49,20,Blackfire Torch,Rylai's Crystal Scepter,Shadowflame
EKKO,Morellonomicon,Legendary,0.01,0,2.80,35,Dusk And Dawn,Hextech Gunblade,Rabadon's Deathcap
EKKO,Sorcerer's Shoes,Boots,0.67,0.4179,2.99,15,Dusk And Dawn,Shadowflame,Rabadon's Deathcap
ANIVIA,Ruby Crystal,Basic,0.0278,0,0.67,5,Boots,,
ZYRA,Luden's Companion,Legendary,0.0526,0,1.22,15,Liandry's Torment,Shadowflame,
SION,Boots Of Swiftness,Boots,0.2051,0.375,2.10,15,Hollow Radiance,Unending Despair,"Jak'sho, The Protean"
PYKE,Ionian Boots Of Lucidity,Boots,0.14,0.2857,2.04,15,Youmuu's Ghostblade,Umbral Glaive,Serrated Dirk
NOCTURNE,Bastionbreaker,Legendary,0.0667,1,2.67,25,Axiom Arc,Profane Hydra,
NIDALEE,Tear Of The Goddess,Starter,0.0625,0.5,4.25,15,Echoes Of Helia,Forbidden Idol,Ionian Boots Of Lucidity
TEEMO,Oblivion Orb,Epic,0.1429,1,1.78,30,Liandry's Torment,Malignance,Mejai's Soulstealer
XAYAH,Pickaxe,Basic,0.125,0.5,2.90,15,B. F. Sword,Essence Reaver,Navori Flickerblade
GRAGAS,Doran's Ring,Starter,0.4091,0.3333,1.90,5,Hextech Rocketbelt,Amplifying Tome,Ionian Boots Of Lucidity
VI,Opportunity,Legendary,0.1,0,2.33,20,Mortal Reminder,Youmuu's Ghostblade,
VAYNE,Null-Magic Mantle,Basic,0.0423,0.6667,8.04,25,Berserker's Greaves,Stormrazor,Chain Vest
PYKE,Oracle Lens,Trinket,0.94,0.383,2.41,5,Control Ward,Youmuu's Ghostblade,Boots Of Swiftness
TRUNDLE,Mercury's Treads,Boots,0.2727,0.6667,2.03,15,Trinity Force,Winged Moonplate,Blade Of The Ruined King
VEX,Cosmic Drive,Legendary,0.1053,0.5,8.50,15,Blackfire Torch,Rabadon's Deathcap,
JAYCE,Hubris,Legendary,0.0123,1,2.50,20,Serylda's Grudge,Youmuu's Ghostblade,
KAYLE,Dagger,Basic,0.0345,0,1.50,5,Blasting Wand,Boots Of Swiftness,Kindlegem
ASHE,Vampiric Scepter,Epic,0.125,0.6667,1.91,30,Fiendhunter Bolts,Infinity Edge,Kraken Slayer
ANIVIA,Banshee's Veil,Legendary,0.0278,1,2.86,35,Rod Of Ages,Zhonya's Hourglass,
LILLIA,Bloodletter's Curse,Legendary,0.0714,1,5.00,40,Liandry's Torment,Riftmaker,Rylai's Crystal Scepter
LEBLANC,Elixir Of Sorcery,Consumable,0.0556,0.5,6.13,25,Luden's Companion,Rabadon's Deathcap,Void Staff
YUNARA,Infinity Edge,Legendary,0.5488,0.6,2.85,25,Fiendhunter Bolts,Kraken Slayer,Lord Dominik's Regards
AURELIONSOL,Kaenic Rookern,Legendary,0.0323,1,1.63,25,Hollow Radiance,Rylai's Crystal Scepter,
PYKE,Control Ward,Consumable,0.8,0.375,2.42,15,Youmuu's Ghostblade,Boots Of Swiftness,Umbral Glaive
OLAF,Plated Steelcaps,Boots,0.3913,0.4444,2.27,15,Stridebreaker,Sundered Sky,Death's Dance
VIKTOR,Needlessly Large Rod,Basic,0.2222,0.25,1.83,25,Blackfire Torch,Liandry's Torment,Mercury's Treads
MISSFORTUNE,Phantom Dancer,Legendary,0.0345,1,2.00,15,Infinity Edge,Lord Dominik's Regards,Opportunity
ZERI,Long Sword,Basic,0.0968,0.3333,1.69,10,Fiendhunter Bolts,Infinity Edge,Yun Tal Wildarrows
SHYVANA,Control Ward,Consumable,0.5,0.5,1.50,5,Dusk And Dawn,Kraken Slayer,Long Sword
SETT,Mercury's Treads,Boots,0.2222,0.5,1.94,15,Stridebreaker,Overlord's Bloodmail,Sterak's Gage
TWITCH,Oracle Lens,Trinket,0.0303,1,1.95,10,Ionian Boots Of Lucidity,Nashor's Tooth,Amplifying Tome
KHAZIX,Last Whisper,Epic,0.1642,0.5455,3.30,25,Umbral Glaive,Edge Of Night,Bastionbreaker
PANTHEON,Umbral Glaive,Legendary,0.075,0.6667,1.83,15,Eclipse,Bloodsong,Serpent's Fang
LULU,Staff Of Flowing Water,Legendary,0.0247,0,0.98,25,Ardent Censer,Shurelya's Battlesong,
RENGAR,Serpent's Fang,Legendary,0.1579,0.8889,3.19,30,Profane Hydra,Umbral Glaive,Edge Of Night
ANIVIA,Blighting Jewel,Epic,0.0278,1,13.00,25,Fiendish Codex,Liandry's Torment,Rod Of Ages
SYNDRA,Doran's Ring,Starter,0.4098,0.52,2.21,5,Luden's Companion,Blackfire Torch,Shadowflame
EZREAL,Guardian Angel,Legendary,0.0154,1,6.75,35,Endless Hunger,Essence Reaver,Serylda's Grudge
ANIVIA,Oblivion Orb,Epic,0.0833,0.3333,2.56,10,Rod Of Ages,Liandry's Torment,Bloodletter's Curse
KAISA,Boots,Boots,0.0097,0,1.00,10,Kraken Slayer,,
NILAH,Infinity Edge,Legendary,0.9231,0.4167,2.01,20,The Collector,Lord Dominik's Regards,Immortal Shieldbow
LILLIA,Dark Seal,Starter,0.5,0.2857,2.64,5,Liandry's Torment,Amplifying Tome,Ionian Boots Of Lucidity
BRIAR,Control Ward,Consumable,0.0556,1,1.73,10,Boots,Edge Of Night,Lord Dominik's Regards
AHRI,Amplifying Tome,Basic,0.1304,0.6667,3.66,5,Blackfire Torch,Luden's Companion,Malignance
ZOE,Verdant Barrier,Epic,0.0606,1,7.69,25,Luden's Companion,Horizon Focus,Lich Bane
MORDEKAISER,Liandry's Torment,Legendary,0.1818,0.5,1.14,15,Riftmaker,Rylai's Crystal Scepter,Thornmail
KLED,Sterak's Gage,Legendary,0.1,1,5.50,25,Hullbreaker,Overlord's Bloodmail,Titanic Hydra
NIDALEE,Echoes Of Helia,Legendary,0.25,0.5,3.35,15,Redemption,Moonstone Renewer,Locket Of The Iron Solari
YUNARA,Tunneler,Epic,0.0122,1,4.50,30,Infinity Edge,Kraken Slayer,Lord Dominik's Regards
BELVETH,Bloodthirster,Legendary,0.0952,0.5,2.25,20,Yun Tal Wildarrows,Black Cleaver,Death's Dance
POPPY,Serpent's Fang,Legendary,0.0526,1,1.63,20,Iceborn Gauntlet,"Jak'sho, The Protean",
LULU,Mikael's Blessing,Legendary,0.321,0.5385,4.02,25,Ardent Censer,Redemption,Shurelya's Battlesong
VARUS,Serrated Dirk,Epic,0.1066,0.4615,2.22,10,Youmuu's Ghostblade,Edge Of Night,Opportunity
KARTHUS,Blasting Wand,Basic,0.0476,0.5,5.90,15,Blackfire Torch,Shadowflame,Blighting Jewel
LEESIN,Elixir Of Wrath,Consumable,0.0278,0.5,3.66,30,Black Cleaver,Plated Steelcaps,B. F. Sword
UDYR,Bloodletter's Curse,Legendary,0.0667,1,8.00,25,Liandry's Torment,Mejai's Soulstealer,Riftmaker
DRMUNDO,Null-Magic Mantle,Basic,0.0548,0.25,1.58,15,Boots Of Swiftness,Heartsteel,Dead Man's Plate
JHIN,Executioner's Calling,Epic,0.0139,1,1.44,20,Infinity Edge,Rapid Firecannon,Serpent's Fang
ZED,Ruby Crystal,Basic,0.0215,0.5,6.08,20,Umbral Glaive,Voltaic Cyclosword,Ionian Boots Of Lucidity
AKSHAN,Long Sword,Basic,0.1176,0.8333,4.30,5,The Collector,Berserker's Greaves,Umbral Glaive
JAYCE,Doran's Blade,Starter,0.2593,0.619,2.23,5,Youmuu's Ghostblade,Long Sword,Ionian Boots Of Lucidity
SHEN,Sunfire Aegis,Legendary,0.05,0.5,2.75,10,Bandlepipes,Unending Despair,
SERAPHINE,Oblivion Orb,Epic,0.0313,0,2.60,20,Rylai's Crystal Scepter,,
KARTHUS,Control Ward,Consumable,0.0238,1,2.11,10,Blackfire Torch,Dark Seal,Rabadon's Deathcap
IVERN,Needlessly Large Rod,Basic,0.0435,1,8.33,20,Bloodletter's Curse,Ionian Boots Of Lucidity,Malignance
KATARINA,Death's Dance,Legendary,0.0179,1,2.50,30,Blade Of The Ruined King,Kraken Slayer,Terminus
MISSFORTUNE,Long Sword,Basic,0.1034,0.3333,0.87,5,Infinity Edge,The Collector,Youmuu's Ghostblade
FIORA,Stealth Ward,Trinket,0.3333,0.6923,2.56,5,Ravenous Hydra,Plated Steelcaps,Trinity Force
SENNA,Infinity Edge,Legendary,0.0952,0.5,2.12,25,Rapid Firecannon,Statikk Shiv,Black Cleaver
KLED,Doran's Blade,Starter,0.6,0.5,2.07,5,Titanic Hydra,Pickaxe,Plated Steelcaps
BLITZCRANK,Bramble Vest,Epic,0.2,0.6667,3.13,20,Bandlepipes,Zeke's Convergence,Locket Of The Iron Solari
KAYN,Mortal Reminder,Legendary,0.069,0.5,1.70,20,Axiom Arc,Bastionbreaker,Edge Of Night
KAISA,Yun Tal Wildarrows,Legendary,0.0097,1,4.80,15,Infinity Edge,Lord Dominik's Regards,Phantom Dancer
HEIMERDINGER,Dark Seal,Starter,0.2857,0.5,2.05,5,Blackfire Torch,Liandry's Torment,Lost Chapter
NAAFIRI,Zeke's Convergence,Legendary,0.0159,0,2.33,30,Death's Dance,Eclipse,Endless Hunger
AMBESSA,Executioner's Calling,Epic,0.0213,0,4.05,30,Death's Dance,Eclipse,Hexdrinker
TAHMKENCH,Kindlegem,Epic,0.2308,0.6667,1.40,10,Dusk And Dawn,Heartsteel,Bandlepipes
SHACO,Serpent's Fang,Legendary,0.04,1,4.17,10,Infinity Edge,Lord Dominik's Regards,Profane Hydra
KOGMAW,Dagger,Basic,0.0714,1,1.67,5,Boots Of Swiftness,Hexoptics C44,Kraken Slayer
NUNU,Cloth Armor,Basic,0.2069,0.3333,2.84,20,Liandry's Torment,Plated Steelcaps,Spirit Visage
AMUMU,Plated Steelcaps,Boots,0.625,0.6,2.37,10,Kindlegem,Liandry's Torment,Sunfire Aegis
RELL,Knight's Vow,Legendary,0.1136,1,9.01,25,Locket Of The Iron Solari,Bandlepipes,Celestial Opposition
AATROX,Voltaic Cyclosword,Legendary,0.3696,0.2941,1.89,15,Sundered Sky,Spear Of Shojin,Death's Dance
ASHE,Bloodthirster,Legendary,0.0417,1,4.00,30,Infinity Edge,Kraken Slayer,Phantom Dancer
ALISTAR,Mercury's Treads,Boots,0.1207,0.7143,2.47,10,Bandlepipes,Kindlegem,Locket Of The Iron Solari
KSANTE,Refillable Potion,Consumable,0.0882,0,0.22,5,Cloth Armor,Doran's Shield,Bandlepipes
RYZE,Tear Of The Goddess,Starter,0.2247,0.35,1.38,5,Doran's Ring,Rod Of Ages,Lost Chapter
CORKI,Stealth Ward,Trinket,0.0769,0.5,3.06,5,Doran's Blade,Essence Reaver,B. F. Sword
OLAF,Doran's Blade,Starter,0.5217,0.25,1.07,5,Stridebreaker,Plated Steelcaps,Death's Dance
CORKI,Noonquiver,Epic,0.0641,0.8,2.53,25,Infinity Edge,Trinity Force,Essence Reaver
SINGED,"Jak'sho, The Protean",Legendary,0.087,1,5.18,25,Liandry's Torment,Protoplasm Harness,Riftmaker
RYZE,Lost Chapter,Epic,0.191,0.2941,1.71,20,Rod Of Ages,Catalyst Of Aeons,Oblivion Orb
MALPHITE,Bami's Cinder,Epic,0.0282,0.5,1.83,10,Abyssal Mask,Chain Vest,Spectre's Cowl
TWITCH,Needlessly Large Rod,Basic,0.0455,0.3333,2.33,15,Nashor's Tooth,Dusk And Dawn,Amplifying Tome
LULU,Farsight Alteration,Trinket,0.0123,1,4.00,20,Bandleglass Mirror,Kindlegem,Redemption
RYZE,Winter's Approach,Legendary,0.0112,0,2.67,30,Actualizer,Rabadon's Deathcap,Rod Of Ages
XERATH,Rabadon's Deathcap,Legendary,0.4545,0.6,4.62,30,Luden's Companion,Shadowflame,Mejai's Soulstealer
TRUNDLE,Protoplasm Harness,Legendary,0.1818,0.5,1.69,20,Bandlepipes,Dead Man's Plate,Trinity Force
ZYRA,Mejai's Soulstealer,Legendary,0.0526,1,2.50,25,Liandry's Torment,Shadowflame,
NAUTILUS,Refillable Potion,Consumable,0.0417,1,9.61,5,Control Ward,Bandlepipes,Kindlegem
LUCIAN,Health Potion,Consumable,0.0172,1,6.00,5,Doran's Blade,Essence Reaver,Ionian Boots Of Lucidity
DRAVEN,Essence Reaver,Legendary,0.3182,0.5,2.33,15,Infinity Edge,Bloodthirster,Lord Dominik's Regards
KASSADIN,Stealth Ward,Trinket,0.0685,0.4,0.84,5,Rod Of Ages,Amplifying Tome,Malignance
JHIN,Farsight Alteration,Trinket,0.8472,0.4262,2.64,15,Infinity Edge,Doran's Blade,Rapid Firecannon
ALISTAR,Boots Of Swiftness,Boots,0.569,0.5758,3.54,10,Bandlepipes,Locket Of The Iron Solari,Kindlegem
URGOT,Giant's Belt,Epic,0.1765,0.6667,1.69,25,Black Cleaver,Sterak's Gage,Chain Vest
DRMUNDO,Glowing Mote,Basic,0.0137,1,1.60,5,Boots Of Swiftness,Dead Man's Plate,Heartsteel
NASUS,Glacial Buckler,Epic,0.125,0,1.47,20,Bandlepipes,Trinity Force,Protoplasm Harness
RIVEN,Cloth Armor,Basic,0.0811,0.6667,2.33,5,Ionian Boots Of Lucidity,Sundered Sky,Axiom Arc
AMBESSA,Guardian Angel,Legendary,0.0426,0.75,8.04,30,Death's Dance,Profane Hydra,Spear Of Shojin
HECARIM,Zeke's Convergence,Legendary,0.0526,0,2.40,25,Death's Dance,Spear Of Shojin,
SENNA,Opportunity,Legendary,0.0476,1,1.82,20,Eclipse,Edge Of Night,
VI,Boots,Boots,0.2,0.5,1.50,10,Serrated Dirk,Youmuu's Ghostblade,Mortal Reminder
YASUO,Bloodthirster,Legendary,0.0234,0.6667,1.70,30,Infinity Edge,Immortal Shieldbow,Kraken Slayer
KATARINA,Hextech Gunblade,Legendary,0.4464,0.36,2.37,15,Shadowflame,Zhonya's Hourglass,Lich Bane
YUNARA,Blade Of The Ruined King,Legendary,0.0122,0,0.71,20,Fiendhunter Bolts,Infinity Edge,Lord Dominik's Regards
CHOGATH,Oracle Lens,Trinket,0.1,1,2.15,5,Dead Man's Plate,Hextech Rocketbelt,Riftmaker
YONE,Oracle Lens,Trinket,0.1556,0.2857,1.40,30,Berserker's Greaves,Blade Of The Ruined King,Immortal Shieldbow
AHRI,Haunting Guise,Epic,0.0217,1,2.50,15,Blackfire Torch,Liandry's Torment,Oblivion Orb
ORNN,Ruby Crystal,Basic,0.1951,0.625,2.36,5,Plated Steelcaps,Kaenic Rookern,Sunfire Aegis
JHIN,Axiom Arc,Legendary,0.0139,1,2.63,10,Lord Dominik's Regards,The Collector,
NASUS,Farsight Alteration,Trinket,0.2083,0.6,3.23,15,Trinity Force,Bandlepipes,Frozen Heart
GRAVES,Farsight Alteration,Trinket,0.0476,1,1.57,25,Immortal Shieldbow,Lord Dominik's Regards,Pickaxe
SIVIR,Mortal Reminder,Legendary,0.1556,0.5714,3.37,30,Infinity Edge,Essence Reaver,Navori Flickerblade
AMUMU,Protoplasm Harness,Legendary,0.125,1,2.44,20,Zeke's Convergence,,
YASUO,Lord Dominik's Regards,Legendary,0.0547,0.8571,2.32,25,Immortal Shieldbow,Blade Of The Ruined King,Kraken Slayer
KAYLE,Needlessly Large Rod,Basic,0.2759,0.625,2.02,20,Nashor's Tooth,Dusk And Dawn,Boots Of Swiftness
JINX,Bloodthirster,Legendary,0.1176,0.875,2.71,30,Infinity Edge,Lord Dominik's Regards,Runaan's Hurricane
UDYR,Warden's Mail,Epic,0.1333,0.5,3.67,20,Death's Dance,Endless Hunger,Giant's Belt
NAAFIRI,Edge Of Night,Legendary,0.2063,0.5385,2.61,25,Serylda's Grudge,Voltaic Cyclosword,Axiom Arc
NIDALEE,Oracle Lens,Trinket,0.5625,0.2778,2.82,10,Control Ward,Dark Seal,Echoes Of Helia
VIEGO,Plated Steelcaps,Boots,0.0088,1,9.00,15,,,
SHACO,Fated Ashes,Epic,0.08,0,1.45,5,Blackfire Torch,Haunting Guise,
RUMBLE,Hextech Alternator,Epic,0.1,0.3333,0.87,10,Liandry's Torment,Aether Wisp,Banshee's Veil
SION,Serpent's Fang,Legendary,0.0256,0,3.29,25,"Jak'sho, The Protean",Locket Of The Iron Solari,Thornmail
SWAIN,Frozen Heart,Legendary,0.0455,0,1.39,15,Rylai's Crystal Scepter,,
AKALI,Blighting Jewel,Epic,0.129,0.375,1.71,30,Hextech Gunblade,Shadowflame,Zhonya's Hourglass
MALPHITE,Elixir Of Sorcery,Consumable,0.0141,1,5.60,35,"Jak'sho, The Protean",Malignance,Plated Steelcaps
KAISA,Nashor's Tooth,Legendary,0.233,0.5833,2.87,25,Guinsoo's Rageblade,Kraken Slayer,Zhonya's Hourglass
KSANTE,Plated Steelcaps,Boots,0.5882,0.6,2.35,10,Iceborn Gauntlet,"Jak'sho, The Protean",Thornmail
IRELIA,Plated Steelcaps,Boots,0.4833,0.4483,1.67,15,Blade Of The Ruined King,Hullbreaker,Death's Dance
REKSAI,Chain Vest,Epic,0.0313,1,4.14,35,Spear Of Shojin,Sterak's Gage,Titanic Hydra
KAISA,Berserker's Greaves,Boots,0.534,0.5818,2.62,15,Kraken Slayer,Guinsoo's Rageblade,Dusk And Dawn
SHACO,B. F. Sword,Basic,0.04,1,4.17,30,Bastionbreaker,Boots Of Swiftness,Profane Hydra
NASUS,Sheen,Epic,0.0417,0,0.50,10,Phage,,
ELISE,Seeker's Armguard,Epic,0.0769,0.3333,1.99,20,Shadowflame,Stormsurge,Lich Bane
MALPHITE,Sheen,Epic,0.0141,0,1.00,10,Bramble Vest,Hollow Radiance,Malignance
VLADIMIR,Elixir Of Sorcery,Consumable,0.0877,0.8,4.95,25,Rabadon's Deathcap,Hextech Rocketbelt,Dark Seal
SIVIR,Stealth Ward,Trinket,0.0889,0.25,2.23,5,Doran's Blade,Essence Reaver,Cull
IRELIA,Randuin's Omen,Legendary,0.0167,1,1.50,30,Blade Of The Ruined King,Death's Dance,Hullbreaker
BARD,Aether Wisp,Epic,0.0128,1,5.00,25,Bandlepipes,Locket Of The Iron Solari,Redemption
AURELIONSOL,Dark Seal,Starter,0.2258,0.5714,5.31,5,Rylai's Crystal Scepter,Liandry's Torment,Banshee's Veil
JINX,Pickaxe,Basic,0.1765,0.4167,3.00,20,Yun Tal Wildarrows,B. F. Sword,Berserker's Greaves
EZREAL,Shadowflame,Legendary,0.0154,0,3.38,25,Cryptbloom,Hextech Gunblade,Lich Bane
TARIC,Knight's Vow,Legendary,0.1429,0.5,2.78,25,Locket Of The Iron Solari,Protoplasm Harness,
DRAVEN,Guardian Angel,Legendary,0.0227,1,3.63,35,Immortal Shieldbow,Infinity Edge,Mortal Reminder
ORNN,Glacial Buckler,Epic,0.0244,1,2.50,5,Bramble Vest,Kaenic Rookern,Sunfire Aegis
GNAR,Elixir Of Iron,Consumable,0.04,1,1.67,35,Black Cleaver,Mercury's Treads,Negatron Cloak
QIYANA,Edge Of Night,Legendary,0.3684,0.619,3.00,30,Profane Hydra,Serylda's Grudge,Axiom Arc
RENGAR,Lost Chapter,Epic,0.0175,0,0.71,25,Hextech Alternator,Malignance,
REKSAI,Stridebreaker,Legendary,0.25,0.5,3.78,15,Spear Of Shojin,Black Cleaver,Chempunk Chainsword
ZILEAN,Protoplasm Harness,Legendary,0.0513,0.5,11.58,20,Bandlepipes,,
THRESH,Boots,Boots,0.0172,0,0.38,5,Bandlepipes,,
THRESH,Chain Vest,Epic,0.0517,0.6667,3.51,25,Bandlepipes,Kindlegem,Locket Of The Iron Solari
MORDEKAISER,Elixir Of Iron,Consumable,0.0455,1,3.29,35,Dusk And Dawn,Experimental Hexplate,Hextech Rocketbelt
HWEI,Oracle Lens,Trinket,0.0909,0.5,2.89,10,Blackfire Torch,Blighting Jewel,Control Ward
JHIN,B. F. Sword,Basic,0.0972,0.4286,2.68,10,Stormrazor,Rapid Firecannon,Cloak Of Agility
ANIVIA,Mercury's Treads,Boots,0.1111,0.5,1.51,20,Rod Of Ages,Lost Chapter,Abyssal Mask
LEBLANC,Rabadon's Deathcap,Legendary,0.3056,0.7273,4.73,25,Luden's Companion,Shadowflame,Stormsurge
VELKOZ,Control Ward,Consumable,0.5,0.3529,2.19,15,Ionian Boots Of Lucidity,Horizon Focus,Luden's Companion
YORICK,Long Sword,Basic,0.25,0.3333,1.67,5,Spear Of Shojin,Trinity Force,Plated Steelcaps
KENNEN,Plated Steelcaps,Boots,0.0286,0,1.33,10,Hextech Alternator,Zhonya's Hourglass,
ORNN,Doran's Shield,Starter,0.5122,0.619,2.16,5,Plated Steelcaps,Sunfire Aegis,Kaenic Rookern
AATROX,Long Sword,Basic,0.3478,0.4375,1.66,5,Plated Steelcaps,Sundered Sky,Spear Of Shojin
ZED,Stealth Ward,Trinket,0.0753,0.4286,1.91,5,Long Sword,Ionian Boots Of Lucidity,Voltaic Cyclosword
ZAC,Bami's Cinder,Epic,0.037,1,1.00,5,Chain Vest,,
TRISTANA,Quicksilver Sash,Epic,0.0308,0.5,2.06,25,Infinity Edge,Yun Tal Wildarrows,Guardian Angel
SIVIR,Elixir Of Wrath,Consumable,0.0444,0.5,4.29,35,Infinity Edge,Berserker's Greaves,Essence Reaver
IRELIA,Stealth Ward,Trinket,0.1833,0.6364,1.60,5,Blade Of The Ruined King,Doran's Blade,Death's Dance
SETT,Dagger,Basic,0.0556,1,1.25,10,Blade Of The Ruined King,Plated Steelcaps,Ruby Crystal
QUINN,Lord Dominik's Regards,Legendary,0.375,0.6667,2.57,20,Profane Hydra,The Collector,Edge Of Night
VIEGO,Lord Dominik's Regards,Legendary,0.0796,0.6667,3.73,25,The Collector,,
KAYN,Control Ward,Consumable,0.1034,0.3333,1.55,10,Edge Of Night,Ionian Boots Of Lucidity,Opportunity
GNAR,Oracle Lens,Trinket,0.04,1,13.00,15,Black Cleaver,Pickaxe,Plated Steelcaps
APHELIOS,Mercury's Treads,Boots,0.0108,1,2.83,25,Chain Vest,Infinity Edge,Stormrazor
NAUTILUS,Glowing Mote,Basic,0.0313,0.6667,3.71,20,Bandlepipes,Mercury's Treads,Knight's Vow
GAREN,Dagger,Basic,0.2162,0.25,1.48,5,Stridebreaker,Berserker's Greaves,Mortal Reminder
LULU,Shadowflame,Legendary,0.0123,0,1.40,20,Luden's Companion,,
LULU,Ionian Boots Of Lucidity,Boots,0.8395,0.5147,3.49,15,Ardent Censer,Moonstone Renewer,Redemption
JHIN,Noonquiver,Epic,0.0556,0,1.32,25,Infinity Edge,Rapid Firecannon,Stormrazor
TALON,Bastionbreaker,Legendary,0.0484,0.3333,1.89,15,Axiom Arc,Umbral Glaive,Youmuu's Ghostblade
SAMIRA,Boots Of Swiftness,Boots,0.04,0,2.00,25,Infinity Edge,Lord Dominik's Regards,The Collector
IVERN,Farsight Alteration,Trinket,0.0435,0,1.63,15,Bandleglass Mirror,Bloodletter's Curse,Dark Seal
KAYN,Steel Sigil,Epic,0.1034,0.6667,2.97,30,Black Cleaver,Caulfield's Warhammer,Axiom Arc
ZAAHEN,Farsight Alteration,Trinket,0.0769,0.3333,1.30,25,Long Sword,Mercury's Treads,Sundered Sky
MAOKAI,Dead Man's Plate,Legendary,0.1,0,2.20,15,Bandlepipes,,
MEL,Echoes Of Helia,Legendary,0.0294,0,1.00,25,Blackfire Torch,,
KSANTE,Ruby Crystal,Basic,0.2353,0.375,0.81,10,"Jak'sho, The Protean",Kaenic Rookern,Mercury's Treads
BRAUM,Refillable Potion,Consumable,0.0143,1,4.67,10,Control Ward,Knight's Vow,Locket Of The Iron Solari
VIKTOR,Sorcerer's Shoes,Boots,0.3333,0.5,2.32,15,Blackfire Torch,Liandry's Torment,Rabadon's Deathcap
LEESIN,Serylda's Grudge,Legendary,0.0278,0.5,3.13,30,Opportunity,Profane Hydra,Umbral Glaive
GALIO,Haunting Guise,Epic,0.12,0.5,1.97,20,Hollow Radiance,Fiendish Codex,Bramble Vest
VARUS,Zhonya's Hourglass,Legendary,0.1557,0.4737,2.13,30,Dusk And Dawn,Nashor's Tooth,Experimental Hexplate
KASSADIN,Seeker's Armguard,Epic,0.0274,0.5,1.42,25,Luden's Companion,Malignance,Rod Of Ages
ANIVIA,Fated Ashes,Epic,0.0556,0.5,1.50,20,Haunting Guise,Rod Of Ages,Malignance
NIDALEE,Forbidden Idol,Epic,0.0625,0.5,4.25,20,Echoes Of Helia,Fiendish Codex,Redemption
EZREAL,Sheen,Epic,0.0154,0,0.00,10,Phage,,
OLAF,Experimental Hexplate,Legendary,0.087,1,2.10,15,Maw Of Malmortius,Randuin's Omen,Ravenous Hydra
KAYLE,Nashor's Tooth,Legendary,0.8276,0.4583,1.59,15,Dusk And Dawn,Rabadon's Deathcap,Void Staff
FIORA,Plated Steelcaps,Boots,0.6154,0.7083,1.31,20,Ravenous Hydra,Trinity Force,Death's Dance
RAKAN,Mercury's Treads,Boots,0.2857,0.8333,4.62,20,Zeke's Convergence,Bandlepipes,Locket Of The Iron Solari
ORNN,Farsight Alteration,Trinket,0.122,0.6,3.21,20,Plated Steelcaps,Kaenic Rookern,Sunfire Aegis
FIORA,Long Sword,Basic,0.2308,0.6667,0.84,5,Ravenous Hydra,Plated Steelcaps,Trinity Force
KSANTE,Boots Of Swiftness,Boots,0.0294,0,0.00,10,Chain Vest,Negatron Cloak,
AKALI,Boots,Boots,0.0484,0,1.33,10,Hextech Gunblade,Rabadon's Deathcap,Shadowflame
SEJUANI,Thornmail,Legendary,0.2857,0.25,3.08,25,Protoplasm Harness,Dusk And Dawn,Bandlepipes
GRAVES,Cloak Of Agility,Basic,0.2381,0.4,1.74,15,Youmuu's Ghostblade,Lord Dominik's Regards,Mercury's Treads
KLED,Kindlegem,Epic,0.2,0.5,3.61,25,Phage,Eclipse,Profane Hydra
AZIR,Void Staff,Legendary,0.0769,0,5.00,30,Nashor's Tooth,Rylai's Crystal Scepter,
KASSADIN,Elixir Of Iron,Consumable,0.0137,1,3.20,30,Malignance,Rabadon's Deathcap,Rod Of Ages
DRMUNDO,Chain Vest,Epic,0.1096,0.375,1.65,15,Heartsteel,Spirit Visage,Dead Man's Plate
LULU,Refillable Potion,Consumable,0.0494,0.5,2.52,5,Ionian Boots Of Lucidity,Ardent Censer,Control Ward
KHAZIX,Glowing Mote,Basic,0.0149,0,1.67,5,Bastionbreaker,Edge Of Night,Ionian Boots Of Lucidity
SYNDRA,Ruby Crystal,Basic,0.0164,1,2.20,15,Amplifying Tome,Luden's Companion,Rabadon's Deathcap
BRAUM,Control Ward,Consumable,0.8,0.5,3.32,15,Bandlepipes,Plated Steelcaps,Locket Of The Iron Solari
SONA,Verdant Barrier,Epic,0.02,0,1.94,35,Dream Maker,Echoes Of Helia,Zhonya's Hourglass
AURELIONSOL,Stealth Ward,Trinket,0.0323,0,0.73,5,Blackfire Torch,Boots,Liandry's Torment
ANNIE,Stormsurge,Legendary,0.25,1,2.00,20,Malignance,Shadowflame,Zhonya's Hourglass
HEIMERDINGER,Farsight Alteration,Trinket,0.2857,0,1.48,15,Blackfire Torch,Rabadon's Deathcap,Shadowflame
DRAVEN,"Jak'sho, The Protean",Legendary,0.0227,0,2.67,30,Bloodthirster,Infinity Edge,Serpent's Fang
MORGANA,Oracle Lens,Trinket,0.6923,0.3333,2.26,10,Control Ward,Ionian Boots Of Lucidity,Liandry's Torment
KASSADIN,Fiendish Codex,Epic,0.0411,0.3333,1.08,20,Rod Of Ages,Frozen Heart,Lost Chapter
DIANA,Void Staff,Legendary,0.037,0.5,1.60,35,Dusk And Dawn,Zhonya's Hourglass,Riftmaker
SMOLDER,Hubris,Legendary,0.0185,0,0.75,20,Essence Reaver,Spear Of Shojin,
BRIAR,The Collector,Legendary,0.1111,0.5,1.65,10,Lord Dominik's Regards,Edge Of Night,Infinity Edge
VOLIBEAR,Mercury's Treads,Boots,0.386,0.5,2.92,15,Dusk And Dawn,Navori Flickerblade,Spirit Visage
ASHE,B. F. Sword,Basic,0.1667,0.5,2.07,20,Kraken Slayer,Phantom Dancer,Berserker's Greaves
QIYANA,Long Sword,Basic,0.3158,0.5556,1.68,5,Profane Hydra,Axiom Arc,Ionian Boots Of Lucidity
JARVANIV,Opportunity,Legendary,0.0149,1,5.00,20,Axiom Arc,Profane Hydra,
YUNARA,Berserker's Greaves,Boots,0.3415,0.6071,2.45,15,Kraken Slayer,Fiendhunter Bolts,Infinity Edge
NUNU,Negatron Cloak,Epic,0.2069,0.5,2.23,25,Liandry's Torment,Dead Man's Plate,Frozen Heart
KASSADIN,Doran's Shield,Starter,0.0685,0,0.91,5,Tear Of The Goddess,Rod Of Ages,Boots
SHACO,Serrated Dirk,Epic,0.24,0.5,3.76,5,Profane Hydra,Opportunity,Serylda's Grudge
VOLIBEAR,Abyssal Mask,Legendary,0.0175,1,1.75,30,Dusk And Dawn,Navori Flickerblade,Spirit Visage
NUNU,Bramble Vest,Epic,0.1034,0.6667,1.60,20,Liandry's Torment,Frozen Heart,Glacial Buckler
POPPY,Protoplasm Harness,Legendary,0.1053,0.5,2.65,30,Bandlepipes,Dead Man's Plate,Locket Of The Iron Solari
TRYNDAMERE,Guardian Angel,Legendary,0.0588,1,3.13,35,Endless Hunger,Infinity Edge,Ravenous Hydra
NASUS,Force Of Nature,Legendary,0.0833,1,2.91,30,Frozen Heart,Trinity Force,Spirit Visage
MONKEYKING,Ruby Crystal,Basic,0.0385,0,0.83,10,Glowing Mote,Long Sword,Trinity Force
GRAVES,Infinity Edge,Legendary,0.3333,0.5714,2.82,25,The Collector,Lord Dominik's Regards,Youmuu's Ghostblade
SMOLDER,Trinity Force,Legendary,0.0556,0.6667,1.16,15,Spear Of Shojin,Death's Dance,Guardian Angel
HECARIM,Cloth Armor,Basic,0.1053,0,2.08,20,Ionian Boots Of Lucidity,Spear Of Shojin,Caulfield's Warhammer
SHYVANA,Sundered Sky,Legendary,0.25,0,1.00,15,Navori Flickerblade,,
ALISTAR,Locket Of The Iron Solari,Legendary,0.4828,0.5,3.65,15,Bandlepipes,Zeke's Convergence,Knight's Vow
VIKTOR,Dark Seal,Starter,0.25,0.4444,2.04,5,Shadowflame,Zhonya's Hourglass,Blackfire Torch
ZAC,Randuin's Omen,Legendary,0.2593,0.5714,5.09,25,Sunfire Aegis,Thornmail,Spirit Visage
WARWICK,Zeke's Convergence,Legendary,0.0909,0,1.25,25,Bandlepipes,Kraken Slayer,
AMUMU,Boots Of Swiftness,Boots,0.125,1,2.44,15,Kindlegem,Protoplasm Harness,Zeke's Convergence
SENNA,Statikk Shiv,Legendary,0.0476,0.5,2.13,15,Infinity Edge,Lord Dominik's Regards,Rapid Firecannon
THRESH,Warden's Mail,Epic,0.0345,0.5,5.75,25,Knight's Vow,Bandlepipes,Locket Of The Iron Solari
NOCTURNE,Cloth Armor,Basic,0.0667,0,1.00,15,Experimental Hexplate,Hexdrinker,Long Sword
RENGAR,Tunneler,Epic,0.0702,1,7.19,25,Profane Hydra,Serrated Dirk,Umbral Glaive
LULU,Cloth Armor,Basic,0.037,0,1.54,30,Ionian Boots Of Lucidity,Ardent Censer,Mikael's Blessing
CAITLYN,Berserker's Greaves,Boots,0.4,0.45,2.44,15,Infinity Edge,The Collector,Lord Dominik's Regards
RENEKTON,Stridebreaker,Legendary,0.2615,0.3529,2.02,15,Black Cleaver,Death's Dance,Sterak's Gage
LUCIAN,Essence Reaver,Legendary,0.9828,0.5439,2.11,15,Navori Flickerblade,Infinity Edge,Lord Dominik's Regards
FIZZ,Sorcerer's Shoes,Boots,0.2632,0.6,2.53,15,Lich Bane,Shadowflame,Rabadon's Deathcap
THRESH,Bandlepipes,Legendary,0.5172,0.5333,3.26,15,Locket Of The Iron Solari,Knight's Vow,Protoplasm Harness
LUX,Horizon Focus,Legendary,0.0769,0.6667,3.70,30,Zhonya's Hourglass,Echoes Of Helia,Luden's Companion
IRELIA,Forbidden Idol,Epic,0.0333,1,0.73,30,,,
GNAR,Phage,Epic,0.12,1,1.48,10,Trinity Force,Bramble Vest,Kindlegem
FIDDLESTICKS,Hextech Rocketbelt,Legendary,0.3929,0.5455,5.26,15,Zhonya's Hourglass,Rabadon's Deathcap,Shadowflame
OLAF,Death's Dance,Legendary,0.3913,0.4444,1.92,25,Stridebreaker,Sundered Sky,Maw Of Malmortius
SHYVANA,Sorcerer's Shoes,Boots,0.25,1,4.33,20,Dusk And Dawn,Fiendish Codex,Haunting Guise
BLITZCRANK,Knight's Vow,Legendary,0.0667,0,5.25,25,Bandlepipes,Locket Of The Iron Solari,Protoplasm Harness
SENNA,Hexdrinker,Epic,0.0476,1,2.33,35,Blade Of The Ruined King,Black Cleaver,Infinity Edge
VIEGO,Cloak Of Agility,Basic,0.0973,0.3636,2.23,15,Long Sword,Pickaxe,The Collector
NASUS,Cloth Armor,Basic,0.1667,0.5,2.29,5,Ionian Boots Of Lucidity,Bandlepipes,Glacial Buckler
VLADIMIR,Needlessly Large Rod,Basic,0.3333,0.5789,2.91,20,Hextech Rocketbelt,Ionian Boots Of Lucidity,Rabadon's Deathcap
VAYNE,Caulfield's Warhammer,Epic,0.0141,0,0.50,10,,,
XINZHAO,Tunneler,Epic,0.05,1,3.75,10,Caulfield's Warhammer,Eclipse,
SORAKA,Mercury's Treads,Boots,0.0333,0,2.86,20,Kaenic Rookern,Locket Of The Iron Solari,
ZAAHEN,Maw Of Malmortius,Legendary,0.1026,0.5,1.88,25,Death's Dance,Stridebreaker,Sundered Sky
MORDEKAISER,Cloth Armor,Basic,0.0455,0,0.40,15,Boots,Riftmaker,
TWISTEDFATE,Scout's Slingshot,Epic,0.1111,0,1.34,20,Lich Bane,Rod Of Ages,Zeal
KATARINA,Ruby Crystal,Basic,0.0357,0.5,1.55,25,Blade Of The Ruined King,Kraken Slayer,Terminus
MORGANA,Rylai's Crystal Scepter,Legendary,0.0769,0,0.88,25,Blackfire Torch,,
KATARINA,Kraken Slayer,Legendary,0.2679,0.6667,1.98,15,Blade Of The Ruined King,Terminus,Hextech Gunblade
ZAAHEN,Ravenous Hydra,Legendary,0.0256,1,1.67,15,Death's Dance,Trinity Force,
GAREN,Cloak Of Agility,Basic,0.0541,0,0.64,15,Stridebreaker,Berserker's Greaves,Executioner's Calling
SWAIN,Zhonya's Hourglass,Legendary,0.3182,0.5,2.29,30,Rylai's Crystal Scepter,Malignance,Blackfire Torch
GALIO,Riftmaker,Legendary,0.34,0.4118,2.42,25,Hollow Radiance,Zhonya's Hourglass,Hextech Rocketbelt
IVERN,Bandleglass Mirror,Epic,0.1304,0.3333,3.49,15,Malignance,Bloodletter's Curse,Kindlegem
KOGMAW,Dusk And Dawn,Legendary,0.4286,0.5,2.10,15,Guinsoo's Rageblade,Nashor's Tooth,Shadowflame
SIVIR,Fiendhunter Bolts,Legendary,0.0889,1,2.91,20,Essence Reaver,Infinity Edge,Mortal Reminder
RENATA,Oracle Lens,Trinket,0.7778,0.8571,4.58,10,Control Ward,Ionian Boots Of Lucidity,Bandlepipes
VARUS,Manamune,Legendary,0.0082,1,2.00,20,Youmuu's Ghostblade,,
KINDRED,Rapid Firecannon,Legendary,0.0667,1,3.17,25,Infinity Edge,Kraken Slayer,The Collector
GRAGAS,Control Ward,Consumable,0.0455,1,3.60,5,Dark Seal,Lich Bane,Shadowflame
SAMIRA,Immortal Shieldbow,Legendary,0.28,0.7143,2.36,30,Infinity Edge,The Collector,Lord Dominik's Regards
NAUTILUS,Bramble Vest,Epic,0.1146,0.6364,2.74,20,Locket Of The Iron Solari,Bandlepipes,Knight's Vow
VIKTOR,Mercury's Treads,Boots,0.1667,0.5,3.26,15,Blackfire Torch,Shadowflame,Lich Bane
LUCIAN,Mercurial Scimitar,Legendary,0.0172,1,7.67,25,Essence Reaver,Infinity Edge,The Collector
MALPHITE,Sorcerer's Shoes,Boots,0.0282,0.5,1.77,20,Fiendish Codex,Hextech Alternator,Malignance
YUNARA,Stealth Ward,Trinket,0.0488,0.25,1.23,5,Doran's Blade,Fiendhunter Bolts,Kraken Slayer
DRAVEN,Dagger,Basic,0.0455,0.5,1.40,15,Bloodthirster,Boots,Cloak Of Agility
MONKEYKING,Tunneler,Epic,0.0769,0,0.99,15,Trinity Force,Death's Dance,Ravenous Hydra
DRMUNDO,Tunneler,Epic,0.1644,0.5,4.13,25,Heartsteel,Titanic Hydra,Spirit Visage
ASHE,Essence Reaver,Legendary,0.0417,1,2.38,15,Fiendhunter Bolts,Infinity Edge,Lord Dominik's Regards
UDYR,Oracle Lens,Trinket,0.3333,0.4,1.55,5,Liandry's Torment,Dark Seal,Dead Man's Plate
ZERI,Doran's Blade,Starter,0.7097,0.5455,1.89,5,Yun Tal Wildarrows,Fiendhunter Bolts,Infinity Edge
VLADIMIR,Zhonya's Hourglass,Legendary,0.1228,0.7143,2.66,30,Hextech Rocketbelt,Rabadon's Deathcap,Riftmaker
AURELIONSOL,Fiendish Codex,Epic,0.0323,1,1.40,25,Liandry's Torment,Rylai's Crystal Scepter,
AMBESSA,Hexdrinker,Epic,0.0957,0.3333,2.58,25,Eclipse,Spear Of Shojin,Profane Hydra
IRELIA,Caulfield's Warhammer,Epic,0.1,0.3333,2.22,25,Blade Of The Ruined King,Hullbreaker,Steel Sigil
ILLAOI,Steel Sigil,Epic,0.125,0,1.38,30,Iceborn Gauntlet,Randuin's Omen,Spear Of Shojin
CAMILLE,Steel Sigil,Epic,0.1429,0,1.57,30,Ravenous Hydra,Trinity Force,Executioner's Calling
APHELIOS,Zeal,Epic,0.0323,0.6667,2.64,15,Infinity Edge,Stormrazor,Lord Dominik's Regards
LUCIAN,Berserker's Greaves,Boots,0.0172,1,1.00,10,Essence Reaver,Infinity Edge,Last Whisper
MORDEKAISER,Farsight Alteration,Trinket,0.1364,0.3333,2.57,10,Riftmaker,Dusk And Dawn,Giant's Belt
KARMA,Bandleglass Mirror,Epic,0.1233,0.5556,2.06,10,Moonstone Renewer,Kindlegem,Redemption
NEEKO,Shadowflame,Legendary,0.0513,0.5,5.19,15,Hextech Rocketbelt,Luden's Companion,Stormsurge
DARIUS,Elixir Of Iron,Consumable,0.0244,1,1.75,40,Bramble Vest,Force Of Nature,Mercury's Treads
SETT,Control Ward,Consumable,0.0556,1,1.50,5,Hullbreaker,Overlord's Bloodmail,Plated Steelcaps
JAX,Plated Steelcaps,Boots,0.4028,0.4138,1.40,20,Trinity Force,Sundered Sky,Dusk And Dawn
LUX,Zaz'zak's Realmspike,Legendary,0.0256,1,1.85,15,Luden's Companion,Malignance,
IRELIA,Ruby Crystal,Basic,0.1,0.3333,1.08,15,Blade Of The Ruined King,Death's Dance,Tunneler
KAISA,Dagger,Basic,0.1942,0.35,1.54,5,Kraken Slayer,Guinsoo's Rageblade,Berserker's Greaves
MISSFORTUNE,Boots,Boots,0.069,0.5,2.75,10,Bloodthirster,Essence Reaver,The Collector
DIANA,Rabadon's Deathcap,Legendary,0.0926,0.6,4.29,20,Dusk And Dawn,Zhonya's Hourglass,Riftmaker
AMBESSA,Serpent's Fang,Legendary,0.0851,0.5,4.27,20,Death's Dance,Endless Hunger,Profane Hydra
CAITLYN,Oracle Lens,Trinket,0.01,0,0.91,10,Cloak Of Agility,Lord Dominik's Regards,Stormrazor
BRIAR,Death's Dance,Legendary,0.3889,0.4286,2.88,25,Black Cleaver,Titanic Hydra,Blade Of The Ruined King
AURELIONSOL,Elixir Of Iron,Consumable,0.0323,1,9.67,40,Blackfire Torch,Mercury's Treads,Needlessly Large Rod
VIEGO,Ruby Crystal,Basic,0.0088,0,2.44,10,Long Sword,,
SIVIR,Refillable Potion,Consumable,0.0222,1,1.20,5,B. F. Sword,Berserker's Greaves,Doran's Blade
ZAAHEN,Sterak's Gage,Legendary,0.0256,1,2.75,25,Stridebreaker,,
VAYNE,Hearthbound Axe,Epic,0.0282,0,1.45,10,Blade Of The Ruined King,Guinsoo's Rageblade,Stormrazor
SHACO,Haunting Guise,Epic,0.12,0,1.43,20,Blackfire Torch,Fated Ashes,Luden's Companion
ALISTAR,Zeke's Convergence,Legendary,0.5,0.4138,2.49,15,Locket Of The Iron Solari,Bandlepipes,Knight's Vow
JARVANIV,Cloth Armor,Basic,0.0448,0.3333,4.90,20,Plated Steelcaps,Profane Hydra,Sundered Sky
ALISTAR,Winged Moonplate,Epic,0.0172,0,1.00,25,Negatron Cloak,Sunfire Aegis,
HECARIM,Kaenic Rookern,Legendary,0.0526,1,2.50,35,Black Cleaver,Death's Dance,Spear Of Shojin
ORIANNA,Refillable Potion,Consumable,0.1111,1,1.96,5,Doran's Ring,Blackfire Torch,Fiendish Codex
JANNA,Boots Of Swiftness,Boots,0.8281,0.5283,3.41,10,Moonstone Renewer,Redemption,Shurelya's Battlesong
SION,Protoplasm Harness,Legendary,0.0256,1,2.25,25,"Jak'sho, The Protean",Unending Despair,
VEX,Stormsurge,Legendary,0.2105,0.75,2.11,25,Luden's Companion,Void Staff,
APHELIOS,Hexoptics C44,Legendary,0.0323,1,2.22,15,Infinity Edge,Lord Dominik's Regards,Stormrazor
SINGED,Bloodletter's Curse,Legendary,0.0435,0,1.88,25,Liandry's Torment,Rabadon's Deathcap,Rylai's Crystal Scepter
NILAH,Navori Flickerblade,Legendary,0.0769,0,0.86,25,Infinity Edge,The Collector,
KAYLE,Amplifying Tome,Basic,0.069,0,0.67,10,Dusk And Dawn,Hextech Alternator,Nashor's Tooth
VEX,Verdant Barrier,Epic,0.0526,1,1.50,40,Luden's Companion,Rabadon's Deathcap,Void Staff
ANIVIA,Rod Of Ages,Legendary,0.8889,0.5625,3.37,15,Liandry's Torment,Malignance,Zhonya's Hourglass
APHELIOS,Long Sword,Basic,0.2473,0.5217,1.31,20,Infinity Edge,Stormrazor,Berserker's Greaves
ZERI,Zeal,Epic,0.0645,0,0.98,15,Yun Tal Wildarrows,Scout's Slingshot,
AMBESSA,Serylda's Grudge,Legendary,0.0638,0.3333,2.00,25,Profane Hydra,Axiom Arc,Death's Dance
DIANA,Blasting Wand,Basic,0.0278,0.6667,3.91,5,Hextech Rocketbelt,Riftmaker,Zhonya's Hourglass
KENNEN,Haunting Guise,Epic,0.0286,0,0.63,15,Hextech Rocketbelt,Shadowflame,
CHOGATH,Randuin's Omen,Legendary,0.05,0,1.00,25,Kaenic Rookern,Unending Despair,
OLAF,Cloth Armor,Basic,0.0435,1,2.00,5,Experimental Hexplate,Long Sword,Maw Of Malmortius
JAX,Sterak's Gage,Legendary,0.0694,1,3.15,30,Trinity Force,Sundered Sky,Zhonya's Hourglass
KATARINA,Titanic Hydra,Legendary,0.0179,0,0.89,20,Kraken Slayer,,
VIKTOR,Boots Of Swiftness,Boots,0.0278,0,6.25,20,Cosmic Drive,Haunting Guise,Mejai's Soulstealer
KARTHUS,Void Staff,Legendary,0.1905,0.75,2.18,25,Blackfire Torch,Liandry's Torment,Shadowflame
VOLIBEAR,Iceborn Gauntlet,Legendary,0.0175,0,2.00,15,Dead Man's Plate,Navori Flickerblade,
EKKO,Void Staff,Legendary,0.2,0.35,3.46,30,Dusk And Dawn,Shadowflame,Rabadon's Deathcap
MALPHITE,Spectre's Cowl,Epic,0.0986,0.7143,2.93,25,Sunfire Aegis,Negatron Cloak,Frozen Heart
WARWICK,Wit's End,Legendary,0.1818,0,2.38,15,Blade Of The Ruined King,Stridebreaker,
ZILEAN,Kindlegem,Epic,0.2821,0.4545,3.79,10,Shurelya's Battlesong,Bandlepipes,Cosmic Drive
QIYANA,Serylda's Grudge,Legendary,0.5614,0.5,2.73,25,Profane Hydra,Axiom Arc,Edge Of Night
QUINN,Profane Hydra,Legendary,0.75,0.5,1.75,10,Edge Of Night,Mortal Reminder,Lord Dominik's Regards
LEESIN,Serrated Dirk,Epic,0.0139,0,0.50,10,Axiom Arc,Profane Hydra,Tunneler
NUNU,Giant's Belt,Epic,0.069,0.5,1.69,20,Liandry's Torment,Abyssal Mask,Chain Vest
NIDALEE,Lich Bane,Legendary,0.5,0.3125,2.67,15,Shadowflame,Zhonya's Hourglass,Rabadon's Deathcap
TRYNDAMERE,Dagger,Basic,0.1176,0,1.33,10,Berserker's Greaves,Executioner's Calling,Ravenous Hydra
ORIANNA,Shadowflame,Legendary,0.4167,0.8,4.65,20,Blackfire Torch,Rabadon's Deathcap,Luden's Companion
ORIANNA,Control Ward,Consumable,0.0556,1,5.40,5,Blackfire Torch,Zhonya's Hourglass,Dark Seal
CASSIOPEIA,Blackfire Torch,Legendary,0.0769,1,3.02,10,Rylai's Crystal Scepter,Zhonya's Hourglass,
AATROX,Steel Sigil,Epic,0.0652,0.3333,1.99,25,Sundered Sky,Spear Of Shojin,Endless Hunger
KAISA,Lord Dominik's Regards,Legendary,0.0291,1,4.73,30,Infinity Edge,Fiendhunter Bolts,Guinsoo's Rageblade
AMUMU,Oracle Lens,Trinket,0.875,0.7143,2.64,10,Plated Steelcaps,Cloth Armor,Control Ward
LEESIN,Ravenous Hydra,Legendary,0.0972,0.5714,1.35,15,Sundered Sky,Black Cleaver,Death's Dance
GALIO,Sunfire Aegis,Legendary,0.06,0.6667,3.33,20,Riftmaker,Rod Of Ages,Thornmail
SHACO,Stealth Ward,Trinket,0.04,0,1.44,5,Mercury's Treads,Opportunity,Pickaxe
KALISTA,Scout's Slingshot,Epic,0.0769,0,1.25,10,Blade Of The Ruined King,Yun Tal Wildarrows,Zeal
JAX,Blade Of The Ruined King,Legendary,0.0278,0.5,2.80,20,Dusk And Dawn,Hextech Gunblade,
SWAIN,Cloth Armor,Basic,0.0227,0,3.50,15,Liandry's Torment,Oblivion Orb,Plated Steelcaps
LILLIA,Mercury's Treads,Boots,0.2143,0.6667,3.89,20,Liandry's Torment,Riftmaker,Zhonya's Hourglass
ZED,Axiom Arc,Legendary,0.3871,0.5556,3.63,20,Voltaic Cyclosword,Serylda's Grudge,Bastionbreaker
BRIAR,Overlord's Bloodmail,Legendary,0.0556,1,5.00,20,Spirit Visage,Sundered Sky,Titanic Hydra
SERAPHINE,Ionian Boots Of Lucidity,Boots,0.6563,0.5714,3.09,15,Echoes Of Helia,Forbidden Idol,Moonstone Renewer
AHRI,Seeker's Armguard,Epic,0.1739,0.625,2.96,25,Blackfire Torch,Malignance,Shadowflame
DIANA,Oracle Lens,Trinket,0.4907,0.3962,2.42,5,Dusk And Dawn,Riftmaker,Zhonya's Hourglass
SENNA,Black Cleaver,Legendary,0.4524,0.4211,3.18,20,Rapid Firecannon,Blade Of The Ruined King,Kraken Slayer
NIDALEE,Control Ward,Consumable,0.4063,0.3077,3.00,15,Echoes Of Helia,Ionian Boots Of Lucidity,Sorcerer's Shoes
MILIO,Boots Of Swiftness,Boots,0.0408,0.5,11.07,15,Ardent Censer,Echoes Of Helia,Moonstone Renewer
KASSADIN,Ionian Boots Of Lucidity,Boots,0.0137,0,3.67,10,Blighting Jewel,Malignance,Rod Of Ages
BRAUM,Locket Of The Iron Solari,Legendary,0.5286,0.5135,3.43,15,Bandlepipes,Knight's Vow,Protoplasm Harness
CASSIOPEIA,Giant's Belt,Epic,0.1154,0.6667,1.10,20,Rod Of Ages,,
NASUS,Ionian Boots Of Lucidity,Boots,0.4583,0.4545,1.77,15,Trinity Force,Frozen Heart,Spirit Visage
VLADIMIR,Rabadon's Deathcap,Legendary,0.5789,0.6364,3.30,25,Hextech Rocketbelt,Riftmaker,Mejai's Soulstealer
ZOE,Needlessly Large Rod,Basic,0.2424,0.5,1.41,25,Luden's Companion,Hextech Alternator,Lich Bane
XERATH,Shadowflame,Legendary,0.7727,0.4118,3.80,20,Luden's Companion,Rabadon's Deathcap,Mejai's Soulstealer
VAYNE,Stealth Ward,Trinket,0.1127,0.375,0.80,5,Doran's Blade,Berserker's Greaves,Dagger
SERAPHINE,Morellonomicon,Legendary,0.0313,0,2.56,30,Blackfire Torch,Echoes Of Helia,Rylai's Crystal Scepter
MASTERYI,Death's Dance,Legendary,0.2333,0.8571,2.80,25,Guinsoo's Rageblade,Kraken Slayer,Experimental Hexplate
KARTHUS,Dark Seal,Starter,0.381,0.625,2.68,5,Blackfire Torch,Sorcerer's Shoes,Shadowflame
AMBESSA,Spear Of Shojin,Legendary,0.4468,0.4762,3.03,20,Eclipse,Death's Dance,Profane Hydra
SHACO,Noonquiver,Epic,0.04,1,2.86,25,Last Whisper,Profane Hydra,Umbral Glaive
KARMA,Faerie Charm,Basic,0.0411,0,2.05,5,Ionian Boots Of Lucidity,Moonstone Renewer,Shurelya's Battlesong
ZYRA,Oblivion Orb,Epic,0.2632,0.6,3.22,15,Liandry's Torment,Blackfire Torch,Fiendish Codex
VAYNE,Scout's Slingshot,Epic,0.0423,1,3.70,15,Essence Reaver,Infinity Edge,
JAYCE,Doran's Shield,Starter,0.0123,0,0.25,5,Glacial Buckler,Plated Steelcaps,Warden's Mail
KASSADIN,Mejai's Soulstealer,Legendary,0.0411,0.6667,6.22,20,Malignance,Hextech Gunblade,Luden's Companion
LUX,Mejai's Soulstealer,Legendary,0.1026,0.5,5.17,15,Stormsurge,Luden's Companion,Rabadon's Deathcap
GNAR,Mortal Reminder,Legendary,0.04,1,0.86,20,Trinity Force,,
SYNDRA,Stormsurge,Legendary,0.082,0.6,3.20,20,Luden's Companion,Shadowflame,Rabadon's Deathcap
YASUO,Caulfield's Warhammer,Epic,0.0156,0.5,2.44,25,Immortal Shieldbow,Infinity Edge,Blade Of The Ruined King
NIDALEE,Stealth Ward,Trinket,0.1875,0.5,1.56,5,Boots,Doran's Ring,Lich Bane
JANNA,Refillable Potion,Consumable,0.0156,0,1.14,5,Aether Wisp,Forbidden Idol,Ionian Boots Of Lucidity
NEEKO,Cloth Armor,Basic,0.0513,1,5.19,20,Hextech Rocketbelt,Amplifying Tome,Ionian Boots Of Lucidity
GAREN,Dead Man's Plate,Legendary,0.1351,0.4,2.29,25,Stridebreaker,Mortal Reminder,Phantom Dancer
CAMILLE,Sterak's Gage,Legendary,0.1429,0.5,2.88,25,Ravenous Hydra,Trinity Force,
RUMBLE,Farsight Alteration,Trinket,0.5333,0.625,3.07,15,Liandry's Torment,Doran's Ring,Sorcerer's Shoes
BLITZCRANK,Null-Magic Mantle,Basic,0.0333,1,3.17,15,Bandlepipes,Boots Of Swiftness,Kindlegem
VARUS,Shadowflame,Legendary,0.0492,0.3333,2.07,30,Dusk And Dawn,Nashor's Tooth,Zhonya's Hourglass
ILLAOI,Refillable Potion,Consumable,0.125,1,2.00,5,Control Ward,Doran's Shield,Mercury's Treads
OLAF,Doran's Shield,Starter,0.087,0.5,5.13,5,Sterak's Gage,Stridebreaker,Long Sword
VOLIBEAR,Farsight Alteration,Trinket,0.1754,0.5,1.67,20,Frozen Heart,Navori Flickerblade,Dusk And Dawn
VIKTOR,Blackfire Torch,Legendary,0.5556,0.45,2.71,15,Liandry's Torment,Zhonya's Hourglass,Rabadon's Deathcap
JANNA,Amplifying Tome,Basic,0.0781,0.4,4.36,10,Boots Of Swiftness,Moonstone Renewer,Bandleglass Mirror
ELISE,Dusk And Dawn,Legendary,0.0256,0,3.17,25,Rabadon's Deathcap,Stormsurge,
BARD,Spectre's Cowl,Epic,0.0128,0,8.00,25,Bandlepipes,Dead Man's Plate,Mejai's Soulstealer
JARVANIV,Phage,Epic,0.0597,0.5,6.30,15,Sundered Sky,Axiom Arc,Eclipse
BRIAR,Doran's Shield,Starter,0.0556,1,6.25,5,Black Cleaver,Blade Of The Ruined King,Death's Dance
JARVANIV,Winged Moonplate,Epic,0.0149,1,2.22,30,Eclipse,Frozen Heart,Negatron Cloak
VEX,Farsight Alteration,Trinket,0.6316,0.8333,2.48,15,Luden's Companion,Needlessly Large Rod,Doran's Ring
SYNDRA,Shadowflame,Legendary,0.4262,0.7308,2.33,20,Luden's Companion,Rabadon's Deathcap,Zhonya's Hourglass
FIORA,Quicksilver Sash,Epic,0.0256,0,1.67,30,Death's Dance,Endless Hunger,Ravenous Hydra
KAYN,Ionian Boots Of Lucidity,Boots,0.4138,0.5,2.20,20,Opportunity,Serylda's Grudge,Axiom Arc
RYZE,Rod Of Ages,Legendary,0.9551,0.4588,1.96,15,Actualizer,Rabadon's Deathcap,Zhonya's Hourglass
KASSADIN,Archangel's Staff,Legendary,0.0411,0.3333,2.08,15,Rod Of Ages,Frozen Heart,Malignance
NUNU,Thornmail,Legendary,0.1379,0.25,3.90,25,Liandry's Torment,Frozen Heart,Kaenic Rookern
AZIR,Liandry's Torment,Legendary,0.1538,0,1.44,20,Nashor's Tooth,,
JANNA,Ruby Crystal,Basic,0.0313,0,1.16,10,Bandlepipes,Boots Of Swiftness,Imperial Mandate
RYZE,Seeker's Armguard,Epic,0.0449,0.5,1.60,25,Rod Of Ages,Actualizer,Frozen Heart
VAYNE,Mercurial Scimitar,Legendary,0.0282,0.5,2.03,25,Essence Reaver,Guinsoo's Rageblade,Kraken Slayer
KATARINA,Needlessly Large Rod,Basic,0.1964,0.5455,3.26,20,Hextech Gunblade,Shadowflame,Sorcerer's Shoes
EZREAL,Rabadon's Deathcap,Legendary,0.0154,0,3.38,35,Cryptbloom,Hextech Gunblade,Lich Bane
FIDDLESTICKS,Seeker's Armguard,Epic,0.0714,0,1.29,25,Hextech Rocketbelt,Liandry's Torment,Oblivion Orb
LEESIN,Eclipse,Legendary,0.4861,0.4286,3.80,10,Sundered Sky,Black Cleaver,Death's Dance
MILIO,Aether Wisp,Epic,0.0816,1,3.03,15,Echoes Of Helia,Moonstone Renewer,
FIORA,Null-Magic Mantle,Basic,0.0513,0.5,2.63,25,Ravenous Hydra,Boots,Death's Dance
RENATA,Plated Steelcaps,Boots,0.1111,0,3.11,10,Bandlepipes,Frozen Heart,Locket Of The Iron Solari
RENATA,Locket Of The Iron Solari,Legendary,0.3333,0.6667,3.30,20,Bandlepipes,Echoes Of Helia,Frozen Heart
YONE,Doran's Blade,Starter,0.3556,0.375,1.30,5,Blade Of The Ruined King,Immortal Shieldbow,Berserker's Greaves
SEJUANI,Oracle Lens,Trinket,0.5,0.2857,1.68,5,Control Ward,Heartsteel,Kaenic Rookern
KAISA,Guinsoo's Rageblade,Legendary,0.835,0.5,2.45,20,Kraken Slayer,Dusk And Dawn,Nashor's Tooth
RAKAN,Redemption,Legendary,0.1905,0.625,3.48,15,Locket Of The Iron Solari,Zeke's Convergence,Bandlepipes
IRELIA,Elixir Of Wrath,Consumable,0.0167,1,1.92,35,Blade Of The Ruined King,Death's Dance,Kraken Slayer
NAUTILUS,Giant's Belt,Epic,0.0521,0.2,1.75,20,Kindlegem,Bandlepipes,Locket Of The Iron Solari
TWISTEDFATE,Hextech Rocketbelt,Legendary,0.0278,0,1.57,15,Lich Bane,Zhonya's Hourglass,
KARMA,Mejai's Soulstealer,Legendary,0.0137,0,6.00,25,Mikael's Blessing,Moonstone Renewer,
SKARNER,Ionian Boots Of Lucidity,Boots,0.5,1,5.50,10,Bandlepipes,Giant's Belt,Zeke's Convergence
BRIAR,Mercury's Treads,Boots,0.3889,0.2857,1.94,20,Titanic Hydra,Black Cleaver,Death's Dance
NAUTILUS,Oblivion Orb,Epic,0.0104,0,0.80,25,Giant's Belt,Zeke's Convergence,
MASTERYI,Kraken Slayer,Legendary,0.7667,0.6957,2.69,15,Guinsoo's Rageblade,Experimental Hexplate,Death's Dance
ORIANNA,Blackfire Torch,Legendary,0.4444,0.875,3.80,15,Shadowflame,Zhonya's Hourglass,Horizon Focus
AHRI,Blighting Jewel,Epic,0.087,0.5,4.07,25,Rabadon's Deathcap,Blackfire Torch,Malignance
VIKTOR,Amplifying Tome,Basic,0.1111,0.5,2.65,5,Blackfire Torch,Liandry's Torment,Luden's Companion
ASHE,Stormsurge,Legendary,0.0417,1,2.57,30,Bandlepipes,Malignance,Solstice Sleigh
GAREN,Chain Vest,Epic,0.0811,0.3333,1.39,25,Stridebreaker,Executioner's Calling,Phantom Dancer
TRISTANA,Pickaxe,Basic,0.0615,0.5,1.35,5,Yun Tal Wildarrows,B. F. Sword,Berserker's Greaves
MALPHITE,Protoplasm Harness,Legendary,0.0423,0.3333,1.88,20,Bandlepipes,Frozen Heart,Hollow Radiance
ZAC,Chain Vest,Epic,0.1111,0.3333,1.40,10,Sunfire Aegis,Bami's Cinder,Bramble Vest
SENNA,Umbral Glaive,Legendary,0.0238,0,3.00,15,Edge Of Night,Maw Of Malmortius,The Collector
NAAFIRI,Steel Sigil,Epic,0.0952,0.5,2.23,25,Profane Hydra,Serylda's Grudge,Axiom Arc
TRISTANA,B. F. Sword,Basic,0.1538,0.8,2.59,10,Infinity Edge,Navori Flickerblade,Yun Tal Wildarrows
TAHMKENCH,Null-Magic Mantle,Basic,0.0769,0,1.40,15,Bandlepipes,Cloth Armor,Kindlegem
VOLIBEAR,Mejai's Soulstealer,Legendary,0.0175,1,2.10,35,Dusk And Dawn,Navori Flickerblade,Spirit Visage
BRAUM,Thornmail,Legendary,0.0429,0.6667,3.81,30,Bandlepipes,Celestial Opposition,Protoplasm Harness
XAYAH,Doran's Blade,Starter,0.6875,0.5455,2.41,5,Infinity Edge,Berserker's Greaves,Essence Reaver
JANNA,Oblivion Orb,Epic,0.0313,0,2.14,10,Redemption,Shurelya's Battlesong,Bandleglass Mirror
MEL,Rabadon's Deathcap,Legendary,0.3824,0.4615,4.57,25,Blackfire Torch,Shadowflame,Zhonya's Hourglass
KAISA,Hextech Alternator,Epic,0.0194,0.5,2.42,25,Guinsoo's Rageblade,Kraken Slayer,Nashor's Tooth
SHACO,Blade Of The Ruined King,Legendary,0.04,1,2.67,20,Lord Dominik's Regards,Youmuu's Ghostblade,
JAYCE,Executioner's Calling,Epic,0.0247,0.5,0.92,20,Youmuu's Ghostblade,Edge Of Night,Serrated Dirk
KSANTE,Control Ward,Consumable,0.0588,1,2.80,5,Iceborn Gauntlet,"Jak'sho, The Protean",Bramble Vest
OLAF,Tunneler,Epic,0.2609,0.1667,1.42,20,Stridebreaker,Death's Dance,Sundered Sky
KSANTE,Doran's Shield,Starter,0.3529,0.5833,1.48,5,Iceborn Gauntlet,Plated Steelcaps,Cloth Armor
SAMIRA,B. F. Sword,Basic,0.04,1,3.00,15,Cloak Of Agility,The Collector,
BRIAR,Black Cleaver,Legendary,0.6667,0.4167,2.34,20,Titanic Hydra,Death's Dance,Blade Of The Ruined King
JANNA,Dark Seal,Starter,0.3594,0.4348,2.91,5,Boots Of Swiftness,Moonstone Renewer,Redemption
SMOLDER,Ionian Boots Of Lucidity,Boots,0.3148,0.4706,4.67,15,Essence Reaver,Spear Of Shojin,Infinity Edge
ZILEAN,Refillable Potion,Consumable,0.0256,1,2.00,5,Amplifying Tome,Archangel's Staff,Doran's Ring
PYKE,B. F. Sword,Basic,0.02,0,3.17,30,Axiom Arc,Boots Of Swiftness,Steel Sigil
AURELIONSOL,Lost Chapter,Epic,0.0323,0,0.60,10,Fated Ashes,Rylai's Crystal Scepter,
ZILEAN,Redemption,Legendary,0.1026,0.5,3.17,20,Bandlepipes,Locket Of The Iron Solari,Mikael's Blessing
TWITCH,Boots,Boots,0.0152,0,0.50,10,Yun Tal Wildarrows,,
GWEN,Ionian Boots Of Lucidity,Boots,0.1282,0.6,2.05,15,Dusk And Dawn,Riftmaker,Nashor's Tooth
LEESIN,Bramble Vest,Epic,0.0139,0,2.00,35,Black Cleaver,Death's Dance,Eclipse
SEJUANI,Stealth Ward,Trinket,0.2857,0.5,2.64,5,Dark Seal,Doran's Ring,Heartsteel
DIANA,Randuin's Omen,Legendary,0.0093,0,1.89,25,Dusk And Dawn,Hextech Rocketbelt,Riftmaker
CAITLYN,Cull,Starter,0.08,0.5,1.11,5,Doran's Blade,B. F. Sword,Hexoptics C44
HECARIM,Last Whisper,Epic,0.0526,1,4.00,25,Axiom Arc,Caulfield's Warhammer,Endless Hunger
ZAC,Kindlegem,Epic,0.0741,1,7.85,15,Aether Wisp,Fiendish Codex,Hextech Rocketbelt
FIDDLESTICKS,Needlessly Large Rod,Basic,0.2857,0.25,1.78,20,Sorcerer's Shoes,Liandry's Torment,Malignance
ZAAHEN,Elixir Of Iron,Consumable,0.0256,1,2.10,30,Death's Dance,Maw Of Malmortius,Phage
VOLIBEAR,Boots Of Swiftness,Boots,0.0526,0.6667,1.61,25,Navori Flickerblade,Dusk And Dawn,Spirit Visage
VARUS,Youmuu's Ghostblade,Legendary,0.2869,0.5143,2.43,15,Edge Of Night,Serylda's Grudge,Opportunity
VAYNE,Executioner's Calling,Epic,0.0282,1,2.60,30,Essence Reaver,Fiendhunter Bolts,Guinsoo's Rageblade
GAREN,Hexdrinker,Epic,0.027,0,4.33,25,Dead Man's Plate,Stridebreaker,Youmuu's Ghostblade
ORNN,Refillable Potion,Consumable,0.1463,0.6667,3.31,5,Plated Steelcaps,Doran's Shield,Sunfire Aegis
SYNDRA,Mercury's Treads,Boots,0.082,0.8,3.32,15,Blackfire Torch,Luden's Companion,Aether Wisp
TRYNDAMERE,Doran's Shield,Starter,0.1765,0,0.42,5,Ravenous Hydra,Berserker's Greaves,Cloak Of Agility
ZILEAN,Boots Of Swiftness,Boots,0.0513,0.5,2.93,10,Fiendish Codex,Kindlegem,Redemption
SYNDRA,Zhonya's Hourglass,Legendary,0.1967,0.8333,2.85,25,Luden's Companion,Shadowflame,Rabadon's Deathcap
MALZAHAR,Zhonya's Hourglass,Legendary,0.0714,0,0.71,30,Blackfire Torch,Rylai's Crystal Scepter,
ELISE,Fated Ashes,Epic,0.0256,0,4.80,10,Lich Bane,Rabadon's Deathcap,Shadowflame
SYLAS,Stealth Ward,Trinket,0.2021,0.5263,1.77,5,Hextech Rocketbelt,Doran's Ring,Dark Seal
KASSADIN,Actualizer,Legendary,0.0137,1,1.33,30,Rod Of Ages,,
DRMUNDO,Overlord's Bloodmail,Legendary,0.0411,1,13.56,20,Heartsteel,Titanic Hydra,Dead Man's Plate
VLADIMIR,Riftmaker,Legendary,0.3684,0.4762,1.96,20,Hextech Rocketbelt,Rabadon's Deathcap,Cosmic Drive
JAX,Endless Hunger,Legendary,0.0139,1,4.33,25,Death's Dance,Sundered Sky,Trinity Force
AURORA,Seeker's Armguard,Epic,0.0455,1,9.50,30,Luden's Companion,Rabadon's Deathcap,Shadowflame
LULU,Shurelya's Battlesong,Legendary,0.2593,0.4286,3.43,15,Ardent Censer,Mikael's Blessing,Moonstone Renewer
ZILEAN,Solstice Sleigh,Legendary,0.0256,1,3.83,15,Imperial Mandate,Shurelya's Battlesong,
ZIGGS,Luden's Companion,Legendary,0.8065,0.4,2.29,15,Shadowflame,Rabadon's Deathcap,Horizon Focus
AMBESSA,Sterak's Gage,Legendary,0.0213,0.5,3.08,35,Death's Dance,Eclipse,Spear Of Shojin
SHACO,Statikk Shiv,Legendary,0.04,0,1.44,15,Opportunity,Profane Hydra,
KASSADIN,Blighting Jewel,Epic,0.0411,0.3333,3.71,25,Rod Of Ages,Malignance,Manamune
VELKOZ,Mejai's Soulstealer,Legendary,0.0588,1,7.95,25,Blackfire Torch,Shadowflame,Morellonomicon
NEEKO,Dark Seal,Starter,0.1795,0.4286,2.97,5,Hextech Rocketbelt,Ionian Boots Of Lucidity,Zhonya's Hourglass
MONKEYKING,Farsight Alteration,Trinket,0.1923,0.4,1.93,20,Essence Reaver,Boots,Death's Dance
MISSFORTUNE,Serylda's Grudge,Legendary,0.1379,0.5,2.95,25,Youmuu's Ghostblade,The Collector,Bastionbreaker
IRELIA,Warden's Mail,Epic,0.0167,1,4.33,25,Blade Of The Ruined King,Death's Dance,Kraken Slayer
AKSHAN,Scout's Slingshot,Epic,0.0392,0,1.46,10,Lord Dominik's Regards,The Collector,Infinity Edge
CAMILLE,Boots Of Swiftness,Boots,0.0714,1,4.00,20,Ravenous Hydra,Spear Of Shojin,Trinity Force
XERATH,Blackfire Torch,Legendary,0.0455,1,6.00,15,Mejai's Soulstealer,Rabadon's Deathcap,Shadowflame
QIYANA,Farsight Alteration,Trinket,0.0351,1,3.25,20,Doran's Blade,Dusk And Dawn,Edge Of Night
NAUTILUS,Redemption,Legendary,0.0208,1,3.08,20,Bandlepipes,Locket Of The Iron Solari,
TWITCH,Cloak Of Agility,Basic,0.1667,0.5455,1.82,20,Yun Tal Wildarrows,Infinity Edge,Pickaxe
VARUS,Long Sword,Basic,0.0902,0.3636,1.44,5,Youmuu's Ghostblade,Serrated Dirk,Edge Of Night
BARD,Chain Vest,Epic,0.0385,0,1.54,10,Winged Moonplate,Bandlepipes,Dead Man's Plate
AURORA,Mercury's Treads,Boots,0.0455,1,9.50,10,Luden's Companion,Rabadon's Deathcap,Seeker's Armguard
NOCTURNE,Stridebreaker,Legendary,0.7333,0.6364,2.97,15,Experimental Hexplate,Black Cleaver,Death's Dance
KAISA,Runaan's Hurricane,Legendary,0.0097,0,1.00,35,Bloodthirster,Guinsoo's Rageblade,Kraken Slayer
PANTHEON,Infinity Edge,Legendary,0.025,0,1.50,35,Blade Of The Ruined King,Lord Dominik's Regards,Youmuu's Ghostblade
TEEMO,Lost Chapter,Epic,0.1429,0,0.00,15,,,
ZILEAN,Archangel's Staff,Legendary,0.0256,1,2.00,15,,,
TWITCH,Plated Steelcaps,Boots,0.0152,1,3.11,20,Fiendhunter Bolts,Randuin's Omen,The Collector
KATARINA,Mercury's Treads,Boots,0.1607,0.6667,2.21,15,Kraken Slayer,Blade Of The Ruined King,Hextech Gunblade
AATROX,Farsight Alteration,Trinket,0.0652,0.6667,1.95,15,Sundered Sky,Doran's Blade,Eclipse
SERAPHINE,Plated Steelcaps,Boots,0.0313,1,2.75,20,Blackfire Torch,Dawncore,Echoes Of Helia
HEIMERDINGER,Malignance,Legendary,0.1429,0,1.88,30,Blackfire Torch,Rabadon's Deathcap,Shadowflame
APHELIOS,Runaan's Hurricane,Legendary,0.0753,1,2.28,20,Infinity Edge,Guardian Angel,Mortal Reminder
LEONA,Plated Steelcaps,Boots,0.5091,0.7143,2.96,10,Bandlepipes,Kindlegem,Locket Of The Iron Solari
VELKOZ,Amplifying Tome,Basic,0.0882,0.3333,2.33,5,Horizon Focus,Boots Of Swiftness,Haunting Guise
KHAZIX,Refillable Potion,Consumable,0.0149,1,2.75,5,Mercury's Treads,Mortal Reminder,
MEL,Liandry's Torment,Legendary,0.1176,0.25,2.92,20,Blackfire Torch,Zhonya's Hourglass,Bloodletter's Curse
GRAGAS,Aether Wisp,Epic,0.0909,0,0.69,5,Kindlegem,Fiendish Codex,
KAISA,Ionian Boots Of Lucidity,Boots,0.0097,0,3.00,20,Actualizer,Blackfire Torch,Horizon Focus
RENATA,Shurelya's Battlesong,Legendary,0.1111,1,3.50,15,Redemption,,
ZIGGS,Void Staff,Legendary,0.1613,0.4,2.55,30,Luden's Companion,Shadowflame,Horizon Focus
CHOGATH,Stealth Ward,Trinket,0.1,1,1.15,5,Boots Of Swiftness,Doran's Ring,Hextech Rocketbelt
JAX,Blasting Wand,Basic,0.0139,1,0.50,10,Aether Wisp,Boots,Nashor's Tooth
LILLIA,Fiendish Codex,Epic,0.1429,0,0.71,15,Liandry's Torment,,
TALON,Serrated Dirk,Epic,0.2097,0.6154,3.00,5,Youmuu's Ghostblade,Umbral Glaive,Serylda's Grudge
VOLIBEAR,Dead Man's Plate,Legendary,0.2105,0.5833,2.95,25,Dusk And Dawn,Navori Flickerblade,Spirit Visage
APHELIOS,Null-Magic Mantle,Basic,0.0108,0,1.58,15,Bloodthirster,Immortal Shieldbow,Infinity Edge
MONKEYKING,Trinity Force,Legendary,0.6154,0.4375,3.26,15,Sundered Sky,Black Cleaver,Maw Of Malmortius
VARUS,Boots Of Swiftness,Boots,0.1721,0.4286,1.72,15,Youmuu's Ghostblade,Edge Of Night,Dusk And Dawn
TEEMO,Rabadon's Deathcap,Legendary,0.1429,0,3.00,30,Liandry's Torment,Malignance,Nashor's Tooth
MEL,Hextech Alternator,Epic,0.0588,0.5,4.73,10,Blackfire Torch,Liandry's Torment,Luden's Companion
PANTHEON,Doran's Shield,Starter,0.025,0,0.31,5,Eclipse,Glowing Mote,Mercury's Treads
ORIANNA,Farsight Alteration,Trinket,0.6667,0.75,3.82,15,Blackfire Torch,Doran's Ring,Shadowflame
LISSANDRA,Oblivion Orb,Epic,0.1176,0.5,1.45,20,Zhonya's Hourglass,Blackfire Torch,Malignance
ZIGGS,Rabadon's Deathcap,Legendary,0.4194,0.4615,2.60,25,Luden's Companion,Shadowflame,Horizon Focus
VARUS,Tear Of The Goddess,Starter,0.0656,0.5,2.24,5,Doran's Blade,Youmuu's Ghostblade,Long Sword
AKALI,Plated Steelcaps,Boots,0.0161,1,4.00,10,Hextech Gunblade,Shadowflame,
CASSIOPEIA,Haunting Guise,Epic,0.0385,1,4.00,25,Rod Of Ages,Rylai's Crystal Scepter,Seeker's Armguard
GRAGAS,Cosmic Drive,Legendary,0.0909,0,1.47,15,Hextech Rocketbelt,Rabadon's Deathcap,
BELVETH,Elixir Of Iron,Consumable,0.0476,1,2.09,40,Black Cleaver,Bloodthirster,Death's Dance
SHEN,Ruby Crystal,Basic,0.1,0.75,2.38,5,Bramble Vest,Plated Steelcaps,Titanic Hydra
ZOE,Control Ward,Consumable,0.2121,0.7143,2.54,15,Sorcerer's Shoes,Horizon Focus,Ionian Boots Of Lucidity
MISSFORTUNE,Pickaxe,Basic,0.1724,0.4,1.48,15,Youmuu's Ghostblade,The Collector,B. F. Sword
ELISE,Blighting Jewel,Epic,0.1282,0.4,2.57,25,Shadowflame,Stormsurge,Lich Bane
TWITCH,Blade Of The Ruined King,Legendary,0.0152,0,0.90,20,Fiendhunter Bolts,Lord Dominik's Regards,
KAYN,Tunneler,Epic,0.069,0,2.00,25,Bastionbreaker,Black Cleaver,Eclipse
YUNARA,Hextech Gunblade,Legendary,0.0122,1,2.00,15,Nashor's Tooth,,
KHAZIX,Control Ward,Consumable,0.0597,0.5,6.01,5,Umbral Glaive,Bastionbreaker,Edge Of Night
YASUO,Dagger,Basic,0.0391,0.4,0.78,5,Berserker's Greaves,Blade Of The Ruined King,Cloak Of Agility
CASSIOPEIA,Actualizer,Legendary,0.0385,1,3.25,25,Mejai's Soulstealer,Rod Of Ages,Winter's Approach
MASTERYI,Lord Dominik's Regards,Legendary,0.0333,1,1.90,25,Immortal Shieldbow,Infinity Edge,Yun Tal Wildarrows
GALIO,Doran's Shield,Starter,0.06,1,2.38,5,Bramble Vest,Hollow Radiance,Mercury's Treads
ZAAHEN,Stridebreaker,Legendary,0.3077,0.8333,2.64,20,Death's Dance,Maw Of Malmortius,Trinity Force
SENNA,The Collector,Legendary,0.0238,0,3.00,35,Edge Of Night,Maw Of Malmortius,Umbral Glaive
HECARIM,Maw Of Malmortius,Legendary,0.2105,0.75,4.52,30,Spear Of Shojin,Black Cleaver,Death's Dance
ZILEAN,Doran's Ring,Starter,0.0769,0.6667,2.89,5,Ionian Boots Of Lucidity,Amplifying Tome,Archangel's Staff
SMOLDER,Cull,Starter,0.0556,0,0.56,5,Doran's Blade,Essence Reaver,Ionian Boots Of Lucidity
VARUS,Haunting Guise,Epic,0.0492,0.5,1.36,20,Dusk And Dawn,Experimental Hexplate,Nashor's Tooth
VEX,Rabadon's Deathcap,Legendary,0.2105,0.5,2.55,25,Luden's Companion,Shadowflame,Blackfire Torch
VARUS,Phage,Epic,0.0082,0,0.00,5,Tunneler,,
TRYNDAMERE,Mercury's Treads,Boots,0.0588,1,2.17,10,Essence Reaver,Infinity Edge,Ravenous Hydra
BRIAR,Chain Vest,Epic,0.0556,1,5.00,30,Overlord's Bloodmail,Spirit Visage,Sundered Sky
TALON,Farsight Alteration,Trinket,0.0161,1,2.50,30,Boots Of Swiftness,Edge Of Night,Serpent's Fang
YORICK,Refillable Potion,Consumable,0.0833,1,4.00,5,Doran's Shield,Mercury's Treads,Null-Magic Mantle
URGOT,Overlord's Bloodmail,Legendary,0.0588,1,1.20,30,Black Cleaver,Sterak's Gage,
XERATH,Sorcerer's Shoes,Boots,0.5,0.4545,3.62,15,Luden's Companion,Shadowflame,Rabadon's Deathcap
LEESIN,Winged Moonplate,Epic,0.0139,0,2.43,25,Sterak's Gage,Sundered Sky,
WARWICK,Death's Dance,Legendary,0.1818,0.5,2.70,15,Blade Of The Ruined King,Guardian Angel,Randuin's Omen
DIANA,Control Ward,Consumable,0.0185,0.5,7.50,5,Rabadon's Deathcap,Dark Seal,Doran's Ring
RENATA,Blighting Jewel,Epic,0.1111,0,4.00,30,Nashor's Tooth,Quicksilver Sash,Rabadon's Deathcap
RENEKTON,Eclipse,Legendary,0.5077,0.6061,3.35,15,Black Cleaver,Death's Dance,Spear Of Shojin
TRUNDLE,Long Sword,Basic,0.2727,0.6667,0.50,5,Dagger,Sheen,Bandlepipes
NAMI,Kindlegem,Epic,0.1418,0.5263,2.84,20,Imperial Mandate,Bandleglass Mirror,Forbidden Idol
AMBESSA,Cloth Armor,Basic,0.0319,0.3333,1.46,15,Eclipse,Plated Steelcaps,Spear Of Shojin
VARUS,Edge Of Night,Legendary,0.1885,0.5217,2.51,25,Youmuu's Ghostblade,Serylda's Grudge,Opportunity
IVERN,Ardent Censer,Legendary,0.1304,0.6667,2.92,15,Moonstone Renewer,Redemption,Dawncore
TRUNDLE,Spirit Visage,Legendary,0.1818,0.5,1.46,25,Trinity Force,Dead Man's Plate,"Jak'sho, The Protean"
ALISTAR,Chain Vest,Epic,0.0172,0,2.20,10,Bandlepipes,Kindlegem,Locket Of The Iron Solari
NEEKO,Void Staff,Legendary,0.0256,0,2.00,30,Hextech Rocketbelt,Rabadon's Deathcap,Zhonya's Hourglass
PANTHEON,Sterak's Gage,Legendary,0.05,1,4.17,30,Sundered Sky,Black Cleaver,Spear Of Shojin
MORGANA,Seeker's Armguard,Epic,0.2308,0.3333,3.25,15,Liandry's Torment,Shadowflame,Shurelya's Battlesong
IVERN,Zeke's Convergence,Legendary,0.0435,1,3.00,25,Dusk And Dawn,Malignance,Morellonomicon
MAOKAI,Trailblazer,Legendary,0.2,0,1.56,15,Locket Of The Iron Solari,Solstice Sleigh,Zeke's Convergence
ORNN,Control Ward,Consumable,0.0488,0.5,2.38,5,Mercury's Treads,Doran's Shield,Giant's Belt
GRAGAS,Tear Of The Goddess,Starter,0.0455,0,3.50,5,Amplifying Tome,Doran's Ring,Fiendish Codex
VIKTOR,Fated Ashes,Epic,0.0278,1,2.13,10,Luden's Companion,Rabadon's Deathcap,Shadowflame
NUNU,Mejai's Soulstealer,Legendary,0.1034,0.3333,4.97,15,Liandry's Torment,Frozen Heart,Hextech Rocketbelt
DRAVEN,Vampiric Scepter,Epic,0.1364,0.5,2.21,10,Infinity Edge,The Collector,Noonquiver
AURORA,Hextech Alternator,Epic,0.1818,0.5,2.79,10,Luden's Companion,Aether Wisp,Rabadon's Deathcap
TARIC,Winged Moonplate,Epic,0.0714,0,1.00,20,Negatron Cloak,Trailblazer,
HECARIM,Sterak's Gage,Legendary,0.0526,1,3.29,30,Black Cleaver,Death's Dance,Spear Of Shojin
KARMA,Shurelya's Battlesong,Legendary,0.1507,0.4545,2.35,35,Moonstone Renewer,Redemption,Dawncore
SERAPHINE,Faerie Charm,Basic,0.125,0.75,4.55,5,Echoes Of Helia,Blackfire Torch,Fiendish Codex
ZYRA,Hextech Alternator,Epic,0.0526,1,1.38,25,Blackfire Torch,Liandry's Torment,Oblivion Orb
BELVETH,Terminus,Legendary,0.0476,0,1.75,30,Kraken Slayer,Stridebreaker,
JINX,Control Ward,Consumable,0.0147,1,3.00,10,Berserker's Greaves,Doran's Blade,Immortal Shieldbow
REKSAI,Plated Steelcaps,Boots,0.5313,0.2941,2.93,20,Spear Of Shojin,Titanic Hydra,Death's Dance
VLADIMIR,Boots,Boots,0.0175,1,0.50,5,Stormsurge,,
KARMA,Dream Maker,Legendary,0.0274,0.5,2.58,15,Ardent Censer,Echoes Of Helia,Moonstone Renewer
RENEKTON,Pickaxe,Basic,0.2154,0.3571,2.28,5,Eclipse,Plated Steelcaps,Tunneler
MORDEKAISER,Refillable Potion,Consumable,0.1364,0.3333,0.51,10,Doran's Ring,Plated Steelcaps,Boots
UDYR,Liandry's Torment,Legendary,0.5333,0.375,2.69,10,Dead Man's Plate,Riftmaker,Spirit Visage
ILLAOI,Stealth Ward,Trinket,0.125,1,0.88,5,Iceborn Gauntlet,Pickaxe,Plated Steelcaps
BARD,Giant's Belt,Epic,0.0385,0.6667,3.33,25,Dead Man's Plate,Bandlepipes,Chain Vest
AATROX,Sundered Sky,Legendary,0.6957,0.4063,2.57,15,Spear Of Shojin,Voltaic Cyclosword,Death's Dance
XINZHAO,Stealth Ward,Trinket,0.1,1,1.38,5,Eclipse,Essence Reaver,Pickaxe
MASTERYI,Phage,Epic,0.0333,1,1.43,20,Death's Dance,Guinsoo's Rageblade,Kraken Slayer
LEESIN,Ionian Boots Of Lucidity,Boots,0.0417,0.6667,1.60,20,Black Cleaver,Ravenous Hydra,Sundered Sky
YUNARA,Hextech Alternator,Epic,0.0122,1,2.00,10,Hextech Gunblade,Nashor's Tooth,
XAYAH,Stormrazor,Legendary,0.125,0.5,3.14,15,Infinity Edge,Lord Dominik's Regards,Navori Flickerblade
HWEI,Luden's Companion,Legendary,0.0909,0.5,2.92,10,Cryptbloom,Shadowflame,
AURELIONSOL,Doran's Ring,Starter,0.4516,0.5714,3.48,5,Rylai's Crystal Scepter,Liandry's Torment,Blackfire Torch
YUNARA,Plated Steelcaps,Boots,0.1098,0.5556,2.14,15,Fiendhunter Bolts,Kraken Slayer,Infinity Edge
TRUNDLE,Null-Magic Mantle,Basic,0.0909,1,3.67,15,Bandlepipes,Kindlegem,Knight's Vow
MALPHITE,Dead Man's Plate,Legendary,0.0141,1,0.86,25,Malignance,,
MALPHITE,Doran's Ring,Starter,0.2113,0.4667,1.48,5,Plated Steelcaps,Sunfire Aegis,Thornmail
GAREN,Stridebreaker,Legendary,1,0.4595,1.77,15,Phantom Dancer,Mortal Reminder,Dead Man's Plate
BLITZCRANK,Winter's Approach,Legendary,0.0333,0,1.83,25,Zeke's Convergence,,
QUINN,Scout's Slingshot,Epic,0.125,0,1.88,30,Edge Of Night,Mortal Reminder,Profane Hydra
GAREN,Immortal Shieldbow,Legendary,0.027,0,0.60,35,Mortal Reminder,Phantom Dancer,Stridebreaker
AKSHAN,Statikk Shiv,Legendary,0.3333,0.5294,2.34,10,Infinity Edge,The Collector,Lord Dominik's Regards
KATARINA,Nashor's Tooth,Legendary,0.1964,0.5455,2.12,15,Lich Bane,Rabadon's Deathcap,Shadowflame
YONE,Berserker's Greaves,Boots,0.6,0.2963,1.58,10,Blade Of The Ruined King,Immortal Shieldbow,Infinity Edge
YUNARA,Kraken Slayer,Legendary,0.878,0.5139,2.55,15,Fiendhunter Bolts,Infinity Edge,Lord Dominik's Regards
YONE,Last Whisper,Epic,0.0667,0.6667,2.68,25,Immortal Shieldbow,Blade Of The Ruined King,Infinity Edge
YORICK,Null-Magic Mantle,Basic,0.0833,1,4.00,15,Mercury's Treads,Trinity Force,Tunneler
DRAVEN,Mortal Reminder,Legendary,0.1364,0.6667,2.03,25,The Collector,Infinity Edge,Bloodthirster
SMOLDER,Essence Reaver,Legendary,0.9444,0.4902,2.89,15,Spear Of Shojin,Rapid Firecannon,Infinity Edge
BARD,Bloodsong,Legendary,0.0256,1,2.98,15,Bandlepipes,Abyssal Mask,Dead Man's Plate
ORIANNA,Zhonya's Hourglass,Legendary,0.2778,0.5,2.99,25,Blackfire Torch,Void Staff,Horizon Focus
JINX,Plated Steelcaps,Boots,0.0147,0,2.33,20,Mortal Reminder,Phantom Dancer,Yun Tal Wildarrows
AURELIONSOL,Liandry's Torment,Legendary,0.6452,0.55,5.02,25,Rylai's Crystal Scepter,Blackfire Torch,Bloodletter's Curse
EZREAL,Lich Bane,Legendary,0.0154,0,3.38,20,Cryptbloom,Hextech Gunblade,Rabadon's Deathcap
RENGAR,Phantom Dancer,Legendary,0.0175,1,5.20,35,Essence Reaver,Mortal Reminder,Profane Hydra
BELVETH,Gustwalker Hatchling,Starter,0.0476,0,1.40,5,Dagger,Kraken Slayer,Plated Steelcaps
NAMI,Bandleglass Mirror,Epic,0.1343,0.5556,2.82,10,Imperial Mandate,Kindlegem,Redemption
RENEKTON,Randuin's Omen,Legendary,0.0462,0.3333,2.94,30,Black Cleaver,Eclipse,Sterak's Gage
RENGAR,Opportunity,Legendary,0.0877,0.8,3.46,10,Profane Hydra,Umbral Glaive,Edge Of Night
NAMI,Mercury's Treads,Boots,0.0075,0,2.83,15,Echoes Of Helia,Fiendish Codex,Imperial Mandate
CHOGATH,Riftmaker,Legendary,0.6,0.5,1.55,25,Hextech Rocketbelt,Dead Man's Plate,Force Of Nature
URGOT,"Jak'sho, The Protean",Legendary,0.0588,0,3.00,30,Black Cleaver,Sterak's Gage,
VELKOZ,Fiendish Codex,Epic,0.0588,0,1.94,10,Blackfire Torch,Hextech Rocketbelt,Rylai's Crystal Scepter
JAX,Tunneler,Epic,0.0556,0.25,1.05,20,Trinity Force,Sundered Sky,Caulfield's Warhammer
BLITZCRANK,Kindlegem,Epic,0.2667,0.375,2.78,10,Bandlepipes,Locket Of The Iron Solari,Zeke's Convergence
AURELIONSOL,Tear Of The Goddess,Starter,0.0645,0.5,2.86,5,Blackfire Torch,Liandry's Torment,Rylai's Crystal Scepter
VIEGO,Blade Of The Ruined King,Legendary,0.0088,0,0.20,15,,,
MALPHITE,Hextech Alternator,Epic,0.0141,1,2.20,10,Stormsurge,,
NIDALEE,Sterak's Gage,Legendary,0.0313,1,0.75,35,Hextech Gunblade,Trinity Force,
VARUS,Wit's End,Legendary,0.0246,0.3333,3.26,20,Blade Of The Ruined King,Guinsoo's Rageblade,"Jak'sho, The Protean"
JAX,Nashor's Tooth,Legendary,0.125,0.4444,1.18,20,Dusk And Dawn,Hextech Gunblade,Zhonya's Hourglass
XINZHAO,Boots,Boots,0.05,0,0.38,10,Frozen Heart,,
GNAR,Vampiric Scepter,Epic,0.04,0,2.20,30,Black Cleaver,Sterak's Gage,Trinity Force
ZILEAN,Locket Of The Iron Solari,Legendary,0.1282,0.2,8.25,15,Bandlepipes,Mikael's Blessing,Redemption
VAYNE,Edge Of Night,Legendary,0.0282,1,2.73,35,Essence Reaver,Experimental Hexplate,Fiendhunter Bolts
OLAF,Sterak's Gage,Legendary,0.1304,0.6667,4.15,30,Stridebreaker,Sundered Sky,Experimental Hexplate
EKKO,Null-Magic Mantle,Basic,0.04,0.75,2.55,20,Dusk And Dawn,Needlessly Large Rod,Rabadon's Deathcap
ORNN,Plated Steelcaps,Boots,0.7317,0.6,2.78,20,Sunfire Aegis,Kaenic Rookern,Thornmail
JAX,Zhonya's Hourglass,Legendary,0.25,0.3333,2.30,30,Sundered Sky,Trinity Force,Dusk And Dawn
SHACO,Umbral Glaive,Legendary,0.24,0.6667,2.86,15,Profane Hydra,Infinity Edge,Edge Of Night
JAX,Needlessly Large Rod,Basic,0.0833,0.3333,1.74,25,Dusk And Dawn,Boots Of Swiftness,Nashor's Tooth
CASSIOPEIA,Stealth Ward,Trinket,0.1923,0.6,2.04,5,Amplifying Tome,Dark Seal,Rylai's Crystal Scepter
AATROX,Randuin's Omen,Legendary,0.0217,0,0.58,25,Spear Of Shojin,Sundered Sky,
AURORA,Fiendish Codex,Epic,0.0455,1,3.33,10,Haunting Guise,Liandry's Torment,Oblivion Orb
RENATA,Tear Of The Goddess,Starter,0.1111,1,11.00,5,Echoes Of Helia,Forbidden Idol,Ionian Boots Of Lucidity
VELKOZ,Morellonomicon,Legendary,0.0294,1,5.40,35,Blackfire Torch,Mejai's Soulstealer,Rabadon's Deathcap
AKALI,Boots Of Swiftness,Boots,0.0323,0,1.71,15,Hextech Gunblade,Shadowflame,Blighting Jewel
CAITLYN,Vampiric Scepter,Epic,0.04,0.5,8.27,30,Infinity Edge,Rapid Firecannon,The Collector
NUNU,Rod Of Ages,Legendary,0.0345,0,2.20,15,Liandry's Torment,,
TALIYAH,Ionian Boots Of Lucidity,Boots,0.1017,0.5,3.18,10,Blackfire Torch,Zhonya's Hourglass,Liandry's Torment
TAHMKENCH,Bandlepipes,Legendary,0.2308,0,1.29,15,Heartsteel,Locket Of The Iron Solari,
NAAFIRI,Giant's Belt,Epic,0.0159,1,3.25,20,Caulfield's Warhammer,Executioner's Calling,Profane Hydra
EZREAL,Doran's Blade,Starter,0.7231,0.4681,2.30,5,Ionian Boots Of Lucidity,Trinity Force,Long Sword
MORDEKAISER,Spectre's Cowl,Epic,0.0455,1,1.14,25,Liandry's Torment,Rylai's Crystal Scepter,
BRAND,Doran's Ring,Starter,0.25,0.4286,1.88,5,Blackfire Torch,Rylai's Crystal Scepter,Liandry's Torment
DIANA,Haunting Guise,Epic,0.0833,0.4444,2.78,15,Dusk And Dawn,Riftmaker,Zhonya's Hourglass
KASSADIN,Farsight Alteration,Trinket,0.2877,0.5714,3.62,15,Rod Of Ages,Malignance,Dark Seal
TWITCH,Rabadon's Deathcap,Legendary,0.0606,0.5,2.69,20,Nashor's Tooth,Zhonya's Hourglass,Banshee's Veil
LEESIN,Refillable Potion,Consumable,0.0139,0,0.40,5,Black Cleaver,Doran's Blade,Ionian Boots Of Lucidity
KOGMAW,Fiendish Codex,Epic,0.0714,0,0.50,10,Dusk And Dawn,,
SEJUANI,Heartsteel,Legendary,0.5,0.4286,1.95,15,Unending Despair,Abyssal Mask,Frozen Heart
XAYAH,Quicksilver Sash,Epic,0.0625,1,6.00,25,Infinity Edge,Lord Dominik's Regards,Navori Flickerblade
JARVANIV,Last Whisper,Epic,0.0149,1,11.50,25,Axiom Arc,Endless Hunger,Profane Hydra
ZOE,Hextech Alternator,Epic,0.2727,0.3333,1.59,10,Luden's Companion,Lich Bane,Zhonya's Hourglass
ZOE,Blighting Jewel,Epic,0.0606,0.5,3.32,20,Hextech Rocketbelt,Lich Bane,Luden's Companion
JAYCE,Lord Dominik's Regards,Legendary,0.0123,1,3.00,25,Bastionbreaker,Edge Of Night,Serpent's Fang
VOLIBEAR,Zeal,Epic,0.0351,1,4.54,15,Dusk And Dawn,Cosmic Drive,Dead Man's Plate
CAITLYN,Pickaxe,Basic,0.07,0.4286,1.49,5,B. F. Sword,Cloak Of Agility,Stormrazor
JARVANIV,Titanic Hydra,Legendary,0.0149,0,1.43,15,Sterak's Gage,Sundered Sky,
NILAH,Steel Sigil,Epic,0.1538,0.5,3.71,20,Immortal Shieldbow,Infinity Edge,Lord Dominik's Regards
ORNN,Warden's Mail,Epic,0.1707,0.5714,2.15,15,Sunfire Aegis,Kaenic Rookern,Thornmail
SERAPHINE,Elixir Of Sorcery,Consumable,0.0313,0,5.00,40,Control Ward,Echoes Of Helia,Ionian Boots Of Lucidity
NAMI,Dawncore,Legendary,0.0597,0.75,4.48,30,Imperial Mandate,Echoes Of Helia,Moonstone Renewer
VARUS,Rabadon's Deathcap,Legendary,0.0574,0.7143,2.64,30,Dusk And Dawn,Nashor's Tooth,Riftmaker
PYKE,Edge Of Night,Legendary,0.36,0.3333,2.52,20,Umbral Glaive,Youmuu's Ghostblade,Opportunity
LEONA,Thornmail,Legendary,0.0364,0,1.54,25,Locket Of The Iron Solari,Frozen Heart,
XERATH,Banshee's Veil,Legendary,0.0455,1,10.50,25,Luden's Companion,Shadowflame,Void Staff
DARIUS,Quicksilver Sash,Epic,0.0244,1,0.50,15,Stridebreaker,Tunneler,
AMBESSA,Long Sword,Basic,0.2447,0.3478,2.16,5,Eclipse,Mercury's Treads,Spear Of Shojin
KHAZIX,Profane Hydra,Legendary,0.2836,0.6316,3.30,10,Umbral Glaive,Edge Of Night,Opportunity
GAREN,Berserker's Greaves,Boots,0.3784,0.4286,1.33,10,Stridebreaker,Phantom Dancer,Mortal Reminder
LEESIN,Serpent's Fang,Legendary,0.0417,0.3333,1.17,15,Eclipse,Black Cleaver,Death's Dance
ZYRA,Oracle Lens,Trinket,0.6316,0.6667,2.66,10,Liandry's Torment,Sorcerer's Shoes,Control Ward
SONA,Lost Chapter,Epic,0.08,0.75,5.68,20,Echoes Of Helia,Fiendish Codex,Rod Of Ages
MAOKAI,Locket Of The Iron Solari,Legendary,0.5,0.4,1.65,25,Bandlepipes,Knight's Vow,Protoplasm Harness
NOCTURNE,Axiom Arc,Legendary,0.2667,0.5,2.34,20,Profane Hydra,Edge Of Night,Bastionbreaker
YUUMI,Mikael's Blessing,Legendary,0.5862,0.5294,5.42,15,Moonstone Renewer,Dawncore,Ardent Censer
ILLAOI,Pickaxe,Basic,0.25,1,1.44,10,Iceborn Gauntlet,Mercury's Treads,Plated Steelcaps
AURELIONSOL,Haunting Guise,Epic,0.1613,0.6,2.48,20,Rylai's Crystal Scepter,Blackfire Torch,Fated Ashes
ZED,The Brutalizer,Epic,0.0538,0.2,1.63,15,Voltaic Cyclosword,Profane Hydra,Umbral Glaive
VEX,Mejai's Soulstealer,Legendary,0.0526,0,1.70,35,Luden's Companion,Rabadon's Deathcap,Shadowflame
HECARIM,Long Sword,Basic,0.3158,0.5,4.78,15,Spear Of Shojin,Ionian Boots Of Lucidity,Steel Sigil
SERAPHINE,Redemption,Legendary,0.0625,0.5,6.00,25,Moonstone Renewer,Echoes Of Helia,
SERAPHINE,Refillable Potion,Consumable,0.0313,1,3.67,5,Bandleglass Mirror,Blackfire Torch,Doran's Ring
URGOT,Refillable Potion,Consumable,0.0588,0,1.00,5,Black Cleaver,Cull,Doran's Blade
VAYNE,Oracle Lens,Trinket,0.0141,1,3.20,35,Berserker's Greaves,Edge Of Night,Essence Reaver
BRAND,Fated Ashes,Epic,0.1071,0,1.46,10,Rylai's Crystal Scepter,Bandlepipes,Blackfire Torch
KAISA,Fiendhunter Bolts,Legendary,0.0971,0.7,2.68,20,Guinsoo's Rageblade,Kraken Slayer,Infinity Edge
BARD,Amplifying Tome,Basic,0.0641,0.4,1.97,20,Dead Man's Plate,Mercury's Treads,Bandlepipes
RELL,Abyssal Mask,Legendary,0.0682,0.3333,1.78,25,Zeke's Convergence,Trailblazer,
SION,Bami's Cinder,Epic,0.0256,0,0.33,10,Heartsteel,,
HECARIM,Death's Dance,Legendary,0.4737,0.4444,3.29,25,Spear Of Shojin,Endless Hunger,Black Cleaver
APHELIOS,Boots Of Swiftness,Boots,0.043,0.75,2.18,15,Infinity Edge,Lord Dominik's Regards,Stormrazor
AKALI,Zhonya's Hourglass,Legendary,0.2903,0.5,2.74,25,Hextech Gunblade,Shadowflame,Rabadon's Deathcap
NAUTILUS,Frozen Heart,Legendary,0.0104,1,3.25,25,Locket Of The Iron Solari,Protoplasm Harness,
AMBESSA,B. F. Sword,Basic,0.0106,0,3.17,25,Death's Dance,Eclipse,Plated Steelcaps
XAYAH,Mortal Reminder,Legendary,0.0625,1,3.38,25,Bloodthirster,Essence Reaver,Infinity Edge
EKKO,Elixir Of Sorcery,Consumable,0.06,0.6667,2.91,40,Dusk And Dawn,Rabadon's Deathcap,Shadowflame
KARMA,Zaz'zak's Realmspike,Legendary,0.0274,0,0.55,15,Moonstone Renewer,Redemption,
NAAFIRI,Elixir Of Wrath,Consumable,0.0794,0.6,2.31,35,Serylda's Grudge,Serpent's Fang,Bastionbreaker
SINGED,Hextech Rocketbelt,Legendary,0.1304,0.6667,2.61,20,Liandry's Torment,Riftmaker,Shadowflame
TRISTANA,Yun Tal Wildarrows,Legendary,0.5692,0.3784,2.04,15,Infinity Edge,Navori Flickerblade,Lord Dominik's Regards
RENGAR,Ionian Boots Of Lucidity,Boots,0.5439,0.7097,3.38,15,Profane Hydra,Umbral Glaive,Edge Of Night
AKSHAN,Oracle Lens,Trinket,0.0784,0.5,2.29,5,Serpent's Fang,Umbral Glaive,Lord Dominik's Regards
SETT,Oracle Lens,Trinket,0.2222,0,2.00,20,Stridebreaker,Overlord's Bloodmail,Sterak's Gage
SIVIR,Doran's Blade,Starter,0.7333,0.3939,2.58,5,Essence Reaver,Navori Flickerblade,Infinity Edge
TWITCH,Fiendhunter Bolts,Legendary,0.3939,0.3462,2.20,20,Infinity Edge,The Collector,Lord Dominik's Regards
IRELIA,Cloth Armor,Basic,0.0833,0.8,1.34,10,Blade Of The Ruined King,Hullbreaker,Plated Steelcaps
YORICK,Oracle Lens,Trinket,0.4167,0.6,2.24,15,Trinity Force,Doran's Blade,Spear Of Shojin
YASUO,Maw Of Malmortius,Legendary,0.0078,0,0.60,30,Blade Of The Ruined King,,
MONKEYKING,Voltaic Cyclosword,Legendary,0.0385,1,4.00,20,Black Cleaver,Guardian Angel,Maw Of Malmortius
ZILEAN,Imperial Mandate,Legendary,0.1795,0.8571,3.57,30,Shurelya's Battlesong,Bandlepipes,Blackfire Torch
URGOT,Sterak's Gage,Legendary,0.7647,0.3846,1.72,20,Black Cleaver,Dead Man's Plate,Force Of Nature
DIANA,Sorcerer's Shoes,Boots,0.3704,0.375,2.40,15,Dusk And Dawn,Riftmaker,Zhonya's Hourglass
NASUS,Control Ward,Consumable,0.0833,0,1.40,5,Bandlepipes,Cloth Armor,Ionian Boots Of Lucidity
POPPY,Unending Despair,Legendary,0.0526,1,1.10,30,Sundered Sky,,
AMUMU,Randuin's Omen,Legendary,0.25,0,1.30,25,Liandry's Torment,Sunfire Aegis,
SIVIR,Bloodthirster,Legendary,0.1111,0.4,2.41,25,Essence Reaver,Infinity Edge,Navori Flickerblade
CORKI,Last Whisper,Epic,0.0897,0.5714,2.17,25,Essence Reaver,Infinity Edge,Trinity Force
AURORA,Zhonya's Hourglass,Legendary,0.0909,1,2.48,25,Shadowflame,Blackfire Torch,Luden's Companion
ZILEAN,Ruby Crystal,Basic,0.0256,0,2.17,5,Bandlepipes,Ionian Boots Of Lucidity,Protoplasm Harness
JHIN,Cull,Starter,0.0139,1,4.40,5,Boots Of Swiftness,Doran's Blade,Infinity Edge
WARWICK,Hexdrinker,Epic,0.0909,1,4.40,20,Blade Of The Ruined King,Death's Dance,Guardian Angel
EZREAL,Endless Hunger,Legendary,0.2308,0.3333,2.64,25,Trinity Force,Essence Reaver,Spear Of Shojin
MEL,Horizon Focus,Legendary,0.1765,0.3333,2.42,20,Blackfire Torch,Rabadon's Deathcap,Luden's Companion
LUCIAN,Vampiric Scepter,Epic,0.0172,1,2.09,20,Essence Reaver,Infinity Edge,Navori Flickerblade
YASUO,Warden's Mail,Epic,0.0078,1,3.67,30,Giant's Belt,Infinity Edge,Phantom Dancer
YUNARA,Randuin's Omen,Legendary,0.0244,0.5,1.94,30,Fiendhunter Bolts,Infinity Edge,Kraken Slayer
KENNEN,Doran's Ring,Starter,0.1143,0.5,1.61,5,Sorcerer's Shoes,Hextech Gunblade,Dark Seal
SION,Hollow Radiance,Legendary,0.5897,0.6087,2.47,15,Unending Despair,"Jak'sho, The Protean",Randuin's Omen
SWAIN,Warden's Mail,Epic,0.0455,1,3.92,10,"Jak'sho, The Protean",Liandry's Torment,Malignance
TAHMKENCH,Mercury's Treads,Boots,0.4615,0.5,1.57,20,Heartsteel,Bramble Vest,Dusk And Dawn
UDYR,Spear Of Shojin,Legendary,0.0667,1,3.50,15,Dusk And Dawn,Kraken Slayer,
VIKTOR,Void Staff,Legendary,0.1667,0.3333,2.86,25,Liandry's Torment,Blackfire Torch,Rabadon's Deathcap
TARIC,Ionian Boots Of Lucidity,Boots,0.1429,0.5,2.64,10,Knight's Vow,Protoplasm Harness,Spectre's Cowl
NOCTURNE,Elixir Of Iron,Consumable,0.0667,1,5.25,40,Black Cleaver,Death's Dance,Experimental Hexplate
NOCTURNE,Youmuu's Ghostblade,Legendary,0.0667,0,1.83,30,Axiom Arc,Edge Of Night,Opportunity
GRAVES,Cloth Armor,Basic,0.0476,0,0.00,15,Cloak Of Agility,Pickaxe,Serrated Dirk
TARIC,Cloth Armor,Basic,0.1429,0,1.14,5,Locket Of The Iron Solari,Mercury's Treads,
JHIN,Ruby Crystal,Basic,0.0139,1,1.56,25,Cloth Armor,Infinity Edge,Rapid Firecannon
LILLIA,Needlessly Large Rod,Basic,0.1429,0,2.52,25,Liandry's Torment,Riftmaker,Boots Of Swiftness
OLAF,Pickaxe,Basic,0.0435,0,1.25,10,Immortal Shieldbow,Plated Steelcaps,Steel Sigil
TALON,Ruby Crystal,Basic,0.0161,0,1.00,20,Axiom Arc,Ionian Boots Of Lucidity,Long Sword
LUX,Amplifying Tome,Basic,0.2308,0.3333,2.59,5,Luden's Companion,Ionian Boots Of Lucidity,Stormsurge
RELL,Celestial Opposition,Legendary,0.0682,0.6667,4.67,15,Knight's Vow,Locket Of The Iron Solari,Bandlepipes
RELL,Locket Of The Iron Solari,Legendary,0.4545,0.6,4.56,25,Zeke's Convergence,Bandlepipes,Knight's Vow
DIANA,Needlessly Large Rod,Basic,0.1944,0.381,2.30,25,Dusk And Dawn,Riftmaker,Sorcerer's Shoes
LEONA,Ruby Crystal,Basic,0.1273,0.4286,3.22,5,Bandlepipes,Plated Steelcaps,Kindlegem
CASSIOPEIA,Lost Chapter,Epic,0.0385,1,0.60,10,Rylai's Crystal Scepter,,
SONA,Oblivion Orb,Epic,0.06,0.3333,4.95,10,Echoes Of Helia,Forbidden Idol,Moonstone Renewer
APHELIOS,Cull,Starter,0.043,0.75,1.42,5,Stormrazor,Doran's Blade,Long Sword
SION,Randuin's Omen,Legendary,0.2308,0.6667,3.56,20,Hollow Radiance,Unending Despair,"Jak'sho, The Protean"
REKSAI,Bramble Vest,Epic,0.0625,0.5,3.98,25,Spear Of Shojin,Black Cleaver,Sterak's Gage
RIVEN,Serylda's Grudge,Legendary,0.2432,1,3.52,25,Axiom Arc,Sundered Sky,Death's Dance
SAMIRA,Null-Magic Mantle,Basic,0.08,1,2.31,25,Infinity Edge,Lord Dominik's Regards,The Collector
URGOT,Negatron Cloak,Epic,0.1765,0,1.19,25,Black Cleaver,Sterak's Gage,Bramble Vest
YUNARA,Noonquiver,Epic,0.0976,0.5,1.40,25,Fiendhunter Bolts,Infinity Edge,Kraken Slayer
SETT,Tiamat,Epic,0.0556,1,1.25,10,Blade Of The Ruined King,,
VLADIMIR,Liandry's Torment,Legendary,0.0175,1,2.00,20,Kaenic Rookern,Riftmaker,
AMBESSA,Boots Of Swiftness,Boots,0.0213,0.5,4.07,20,Eclipse,Serpent's Fang,Serylda's Grudge
SION,Refillable Potion,Consumable,0.0769,0.3333,1.21,5,Doran's Shield,Bami's Cinder,Boots Of Swiftness
KAYLE,Control Ward,Consumable,0.0345,0,0.40,5,Boots Of Swiftness,Doran's Ring,Guinsoo's Rageblade
NAAFIRI,Glowing Mote,Basic,0.0317,1,3.96,5,Axiom Arc,Profane Hydra,Death's Dance
MILIO,Shurelya's Battlesong,Legendary,0.0204,1,4.33,30,Ardent Censer,Moonstone Renewer,
MALPHITE,Abyssal Mask,Legendary,0.0282,0.5,2.00,20,Zeke's Convergence,Malignance,Randuin's Omen
ZAAHEN,Tunneler,Epic,0.1026,0.75,1.05,20,Trinity Force,Caulfield's Warhammer,Executioner's Calling
IRELIA,Hullbreaker,Legendary,0.4167,0.4,2.21,20,Blade Of The Ruined King,Death's Dance,Wit's End
GAREN,Doran's Blade,Starter,0.1351,0.6,3.22,5,Stridebreaker,Mortal Reminder,Phantom Dancer
AMBESSA,Ruby Crystal,Basic,0.0745,0.1429,1.14,15,Eclipse,Pickaxe,Mercury's Treads
JINX,Immortal Shieldbow,Legendary,0.0441,1,2.20,15,Yun Tal Wildarrows,Infinity Edge,Kraken Slayer
GWEN,Mosstomper Seedling,Starter,0.0128,0,0.60,5,Amplifying Tome,Dark Seal,Dusk And Dawn
VIKTOR,Control Ward,Consumable,0.0556,0,0.63,5,Blackfire Torch,Doran's Ring,Sorcerer's Shoes
RYZE,Warden's Mail,Epic,0.0112,1,2.17,30,Actualizer,Rabadon's Deathcap,Rod Of Ages
BARD,Refillable Potion,Consumable,0.0256,0.5,3.10,5,Control Ward,Bandlepipes,Boots Of Swiftness
TEEMO,Nashor's Tooth,Legendary,0.4286,0.3333,1.83,10,Liandry's Torment,Malignance,Hextech Gunblade
IRELIA,Dagger,Basic,0.0333,0.5,1.29,5,Blade Of The Ruined King,Boots,Negatron Cloak
RENGAR,Tiamat,Epic,0.0877,0.2,0.78,15,Umbral Glaive,Edge Of Night,Lord Dominik's Regards
LEBLANC,Refillable Potion,Consumable,0.0556,0,1.00,5,Dark Seal,Doran's Ring,Hextech Alternator
XAYAH,Noonquiver,Epic,0.0625,1,3.50,25,Essence Reaver,Infinity Edge,Navori Flickerblade
RUMBLE,Banshee's Veil,Legendary,0.0333,0,0.77,35,Bloodletter's Curse,Liandry's Torment,
VOLIBEAR,Unending Despair,Legendary,0.0526,0.3333,4.03,30,Spirit Visage,Dusk And Dawn,Frozen Heart
UDYR,Kraken Slayer,Legendary,0.0667,1,3.50,20,Dusk And Dawn,Spear Of Shojin,
SHYVANA,Amplifying Tome,Basic,0.5,0,2.00,10,Navori Flickerblade,Plated Steelcaps,Ravenous Hydra
VARUS,Guinsoo's Rageblade,Legendary,0.1066,0.4615,2.24,15,Dusk And Dawn,Nashor's Tooth,Blade Of The Ruined King
MORDEKAISER,Dagger,Basic,0.0455,0,0.14,20,Hextech Rocketbelt,Kindlegem,Plated Steelcaps
YASUO,Elixir Of Wrath,Consumable,0.0234,0,2.09,35,Berserker's Greaves,Death's Dance,Immortal Shieldbow
VOLIBEAR,Spear Of Shojin,Legendary,0.0175,1,2.20,20,Dusk And Dawn,Navori Flickerblade,Randuin's Omen
GNAR,Trinity Force,Legendary,0.96,0.625,2.21,15,Black Cleaver,Sterak's Gage,Randuin's Omen
SORAKA,Faerie Charm,Basic,0.0333,0,1.25,5,Boots Of Swiftness,Forbidden Idol,Moonstone Renewer
HEIMERDINGER,Echoes Of Helia,Legendary,0.1429,0,1.40,25,,,
JAX,Oracle Lens,Trinket,0.0694,0.2,1.04,5,Plated Steelcaps,Dusk And Dawn,Dagger
UDYR,Plated Steelcaps,Boots,0.2667,0.5,2.40,15,Dead Man's Plate,Liandry's Torment,Riftmaker
MONKEYKING,Death's Dance,Legendary,0.1923,0.6,3.57,25,Sundered Sky,Black Cleaver,Trinity Force
KAYN,Black Cleaver,Legendary,0.2414,0.5714,1.91,20,Eclipse,Death's Dance,Spear Of Shojin
TRISTANA,Last Whisper,Epic,0.0769,0.4,2.05,25,Infinity Edge,Yun Tal Wildarrows,The Collector
ZOE,Zhonya's Hourglass,Legendary,0.1212,0.25,2.10,25,Lich Bane,Luden's Companion,Rabadon's Deathcap
GANGPLANK,Hubris,Legendary,0.04,0,1.57,30,Mortal Reminder,The Collector,Trinity Force
JHIN,Serpent's Fang,Legendary,0.0417,0.6667,2.81,15,Infinity Edge,The Collector,Rapid Firecannon
PANTHEON,Control Ward,Consumable,0.175,0.5714,1.81,10,Sundered Sky,Eclipse,Mercury's Treads
JANNA,Imperial Mandate,Legendary,0.0625,0.5,3.86,15,Shurelya's Battlesong,Mejai's Soulstealer,Moonstone Renewer
JARVANIV,B. F. Sword,Basic,0.0299,0.5,3.12,15,Sundered Sky,Axiom Arc,Black Cleaver
GNAR,Cull,Starter,0.04,1,1.67,5,Doran's Blade,Mercury's Treads,Phage
TWITCH,Fiendish Codex,Epic,0.0152,0,1.33,10,Banshee's Veil,Nashor's Tooth,Rabadon's Deathcap
YUNARA,Refillable Potion,Consumable,0.0488,0.5,4.09,5,Doran's Blade,Kraken Slayer,Berserker's Greaves
VEX,Dark Seal,Starter,0.3684,0.8571,4.51,5,Doran's Ring,Luden's Companion,Needlessly Large Rod
DIANA,Shadowflame,Legendary,0.1204,0.4615,2.59,20,Stormsurge,Dusk And Dawn,Zhonya's Hourglass
NEEKO,Warden's Mail,Epic,0.0256,0,1.80,20,Hextech Rocketbelt,Zhonya's Hourglass,
KAISA,Last Whisper,Epic,0.0194,0.5,2.98,25,Fiendhunter Bolts,Guinsoo's Rageblade,Kraken Slayer
KATARINA,Boots,Boots,0.0714,0.5,1.20,10,Kraken Slayer,Blade Of The Ruined King,Lich Bane
GWEN,Recurve Bow,Epic,0.0385,0.3333,0.83,10,Dusk And Dawn,Fiendish Codex,Riftmaker
KINDRED,Boots,Boots,0.0667,1,7.50,10,Kraken Slayer,The Collector,
BRAUM,Knight's Vow,Legendary,0.2,0.5714,3.73,25,Bandlepipes,Locket Of The Iron Solari,Protoplasm Harness
RENATA,Blasting Wand,Basic,0.1111,0,4.00,5,Blighting Jewel,Nashor's Tooth,Quicksilver Sash
TALON,Stealth Ward,Trinket,0.0484,1,2.31,5,Serylda's Grudge,Youmuu's Ghostblade,Opportunity
MALPHITE,Riftmaker,Legendary,0.0141,1,3.00,35,Kaenic Rookern,Malignance,Sunfire Aegis
APHELIOS,Infinity Edge,Legendary,0.8387,0.641,2.37,20,Stormrazor,Lord Dominik's Regards,Immortal Shieldbow
BRIAR,Tunneler,Epic,0.0556,0,1.33,10,Black Cleaver,Titanic Hydra,
CASSIOPEIA,Oblivion Orb,Epic,0.0385,1,2.57,25,Rod Of Ages,Rylai's Crystal Scepter,
RYZE,Needlessly Large Rod,Basic,0.1798,0.5,2.55,30,Rod Of Ages,Actualizer,Zhonya's Hourglass
CAITLYN,Control Ward,Consumable,0.01,1,8.00,10,B. F. Sword,Berserker's Greaves,Doran's Blade
ORIANNA,Doran's Ring,Starter,0.4722,0.7059,2.52,5,Blackfire Torch,Dark Seal,Needlessly Large Rod
NASUS,Bramble Vest,Epic,0.0417,1,1.38,15,Frozen Heart,Spirit Visage,Trinity Force
SEJUANI,Sunfire Aegis,Legendary,0.1429,0.5,3.77,15,Heartsteel,Kaenic Rookern,Thornmail
GAREN,Boots,Boots,0.027,0,0.42,5,Black Cleaver,Phantom Dancer,Stridebreaker
ZAAHEN,Tiamat,Epic,0.0256,1,0.55,10,Phage,Trinity Force,
DRMUNDO,Warmog's Armor,Legendary,0.3425,0.56,2.12,15,Heartsteel,Titanic Hydra,Spirit Visage
REKSAI,Control Ward,Consumable,0.0625,0,1.78,5,Plated Steelcaps,Spear Of Shojin,Titanic Hydra
GALIO,Control Ward,Consumable,0.12,0.1667,1.96,15,Bandlepipes,Plated Steelcaps,Cloth Armor
YUNARA,Executioner's Calling,Epic,0.0732,0.1667,1.40,25,Kraken Slayer,Fiendhunter Bolts,Infinity Edge
KHAZIX,Umbral Glaive,Legendary,0.8209,0.5273,2.94,10,Edge Of Night,Bastionbreaker,Opportunity
BRAND,Zaz'zak's Realmspike,Legendary,0.0714,0.5,1.34,15,Rylai's Crystal Scepter,Cryptbloom,Liandry's Torment
ANIVIA,Cryptbloom,Legendary,0.0278,0,2.17,30,Liandry's Torment,Malignance,
ZOE,Elixir Of Sorcery,Consumable,0.0303,1,4.60,35,Lich Bane,Luden's Companion,Mejai's Soulstealer
NEEKO,Kindlegem,Epic,0.1282,0.8,4.13,25,Hextech Rocketbelt,Frozen Heart,Negatron Cloak
KENNEN,Hextech Alternator,Epic,0.0571,0,3.67,10,Hextech Gunblade,Zhonya's Hourglass,
TRUNDLE,Zeke's Convergence,Legendary,0.0909,0,1.50,25,Bandlepipes,Blade Of The Ruined King,
ZOE,Mikael's Blessing,Legendary,0.0303,1,3.33,25,Horizon Focus,Shadowflame,
BELVETH,Cloth Armor,Basic,0.1905,0,1.52,15,Plated Steelcaps,Bloodthirster,Kraken Slayer
LEESIN,Control Ward,Consumable,0.3472,0.52,4.70,5,Sundered Sky,Eclipse,Mercury's Treads
AHRI,Shadowflame,Legendary,0.2826,0.3846,2.18,25,Malignance,Rabadon's Deathcap,Mejai's Soulstealer
SHEN,Force Of Nature,Legendary,0.075,0,2.33,25,Titanic Hydra,Dead Man's Plate,Randuin's Omen
VARUS,Boots,Boots,0.0246,0,0.58,5,Dusk And Dawn,Experimental Hexplate,Guinsoo's Rageblade
EKKO,Gustwalker Hatchling,Starter,0.01,0,1.00,5,Boots,Dark Seal,Dusk And Dawn
EKKO,Boots,Boots,0.03,0,0.78,10,Dusk And Dawn,Shadowflame,Hextech Alternator
ELISE,Amplifying Tome,Basic,0.2564,0.3,2.35,5,Sorcerer's Shoes,Lich Bane,Needlessly Large Rod
CAITLYN,Hubris,Legendary,0.02,0.5,2.68,10,Infinity Edge,Lord Dominik's Regards,The Collector
TALIYAH,Haunting Guise,Epic,0.0169,1,2.50,15,Rylai's Crystal Scepter,,
RUMBLE,Sorcerer's Shoes,Boots,0.4333,0.6154,3.15,15,Liandry's Torment,Shadowflame,Zhonya's Hourglass
EVELYNN,Control Ward,Consumable,0.125,0,2.67,30,Lich Bane,Needlessly Large Rod,Rabadon's Deathcap
GWEN,Boots,Boots,0.1026,0.375,0.68,10,Nashor's Tooth,Dusk And Dawn,Shadowflame
ZED,Tunneler,Epic,0.086,0.625,2.63,25,Eclipse,Voltaic Cyclosword,Edge Of Night
SETT,Ruby Crystal,Basic,0.2778,0.4,1.09,20,Stridebreaker,Plated Steelcaps,Black Cleaver
JINX,B. F. Sword,Basic,0.2647,0.3333,2.19,10,Yun Tal Wildarrows,Berserker's Greaves,Infinity Edge
KATARINA,Doran's Ring,Starter,0.0179,0,1.00,5,Amplifying Tome,Dark Seal,Hextech Gunblade
ZOE,Shadowflame,Legendary,0.1818,0.6667,2.91,25,Luden's Companion,Horizon Focus,Mejai's Soulstealer
ANIVIA,Needlessly Large Rod,Basic,0.1389,0.6,3.09,25,Rod Of Ages,Sorcerer's Shoes,Boots Of Swiftness
LULU,Mejai's Soulstealer,Legendary,0.0123,1,1.40,15,Moonstone Renewer,,
DRAVEN,Berserker's Greaves,Boots,0.5455,0.625,2.46,15,Infinity Edge,The Collector,Lord Dominik's Regards
YORICK,Plated Steelcaps,Boots,0.4167,0.2,1.43,15,Spear Of Shojin,Trinity Force,Axiom Arc
ILLAOI,Death's Dance,Legendary,0.125,0,5.67,25,Iceborn Gauntlet,Spear Of Shojin,Spirit Visage
TRYNDAMERE,Phantom Dancer,Legendary,0.1765,0.3333,1.41,25,Ravenous Hydra,Infinity Edge,Lord Dominik's Regards
AHRI,Zhonya's Hourglass,Legendary,0.1957,0.7778,4.22,25,Blackfire Torch,Cosmic Drive,Mejai's Soulstealer
ZOE,Fiendish Codex,Epic,0.0303,1,7.00,10,Lich Bane,Luden's Companion,Mejai's Soulstealer
UDYR,Dark Seal,Starter,0.3333,0,1.54,5,Liandry's Torment,Boots Of Swiftness,Dead Man's Plate
JAYCE,Stealth Ward,Trinket,0.0864,0.7143,2.09,5,Serylda's Grudge,Youmuu's Ghostblade,Boots
RENEKTON,Boots,Boots,0.0615,0.5,1.29,10,Eclipse,Black Cleaver,Blade Of The Ruined King
ZERI,Guardian Angel,Legendary,0.0968,1,3.00,35,Infinity Edge,Yun Tal Wildarrows,Fiendhunter Bolts
HWEI,Ionian Boots Of Lucidity,Boots,0.1364,0.6667,1.31,10,Horizon Focus,Blackfire Torch,Seeker's Armguard
RYZE,Sorcerer's Shoes,Boots,0.0787,0.5714,1.40,15,Rod Of Ages,Lost Chapter,Actualizer
ZIGGS,Boots,Boots,0.0323,0,1.67,10,Lost Chapter,,
VOLIBEAR,Ionian Boots Of Lucidity,Boots,0.1579,0.4444,1.44,20,Dusk And Dawn,Spirit Visage,Chain Vest
SONA,Elixir Of Sorcery,Consumable,0.02,0,6.60,25,Boots Of Swiftness,Control Ward,Echoes Of Helia
XAYAH,Berserker's Greaves,Boots,0.4375,0.4286,2.54,20,Infinity Edge,Essence Reaver,Navori Flickerblade
SKARNER,Ruby Crystal,Basic,1,0.5,3.75,25,Bandlepipes,Dead Man's Plate,Giant's Belt
KARMA,Needlessly Large Rod,Basic,0.0274,0,0.80,25,Malignance,Sorcerer's Shoes,
RUMBLE,Blighting Jewel,Epic,0.0667,0.5,3.27,25,Liandry's Torment,Zhonya's Hourglass,Hextech Rocketbelt
LEBLANC,Zhonya's Hourglass,Legendary,0.1944,0.8571,5.97,30,Luden's Companion,Shadowflame,Stormsurge
KAISA,Blasting Wand,Basic,0.0583,0.5,2.49,20,Guinsoo's Rageblade,Kraken Slayer,Berserker's Greaves
AATROX,Endless Hunger,Legendary,0.1304,0.3333,2.81,30,Sundered Sky,Spear Of Shojin,Voltaic Cyclosword
KASSADIN,Elixir Of Sorcery,Consumable,0.2055,0.4,2.95,30,Rod Of Ages,Malignance,Frozen Heart
JAYCE,Pickaxe,Basic,0.037,0.3333,1.94,15,Ionian Boots Of Lucidity,Serrated Dirk,Youmuu's Ghostblade
RENATA,Imperial Mandate,Legendary,0.1111,1,1.79,30,Bandlepipes,Locket Of The Iron Solari,Redemption
KLED,Plated Steelcaps,Boots,0.6,0.6667,3.44,15,Titanic Hydra,Hullbreaker,Overlord's Bloodmail
GRAVES,Negatron Cloak,Epic,0.0476,1,6.00,25,Black Cleaver,Chain Vest,Hubris
KAISA,Ruby Crystal,Basic,0.0097,0,1.00,20,Berserker's Greaves,Guinsoo's Rageblade,Kraken Slayer
POPPY,Winged Moonplate,Epic,0.2632,0.6,2.32,10,Bandlepipes,Chain Vest,Dead Man's Plate
MORGANA,Control Ward,Consumable,0.4615,0.1667,1.90,20,Ionian Boots Of Lucidity,Aether Wisp,Fated Ashes
JARVANIV,The Brutalizer,Epic,0.0746,0.2,2.82,15,Profane Hydra,Caulfield's Warhammer,Umbral Glaive
PYKE,Mercury's Treads,Boots,0.2,0.5,3.06,15,Youmuu's Ghostblade,Edge Of Night,Umbral Glaive
ELISE,Boots Of Swiftness,Boots,0.0256,1,3.00,15,Bloodletter's Curse,Hextech Rocketbelt,Rylai's Crystal Scepter
RENGAR,Guardian Angel,Legendary,0.0175,0,5.00,25,Infinity Edge,Mortal Reminder,Opportunity
IRELIA,Boots,Boots,0.05,0.3333,1.63,10,Blade Of The Ruined King,Negatron Cloak,Recurve Bow
YASUO,Quicksilver Sash,Epic,0.0156,0.5,2.16,25,Infinity Edge,Blade Of The Ruined King,Guardian Angel
CORKI,Cloak Of Agility,Basic,0.1795,0.4286,2.44,10,Plated Steelcaps,Essence Reaver,Infinity Edge
CORKI,Doran's Shield,Starter,0.0128,0,0.73,5,The Collector,Trinity Force,
SIVIR,Guardian Angel,Legendary,0.1111,0.8,3.45,35,Infinity Edge,Essence Reaver,Navori Flickerblade
VAYNE,Amplifying Tome,Basic,0.0282,0,0.67,20,Blade Of The Ruined King,Pickaxe,Recurve Bow
NAAFIRI,Doran's Shield,Starter,0.0159,0,0.67,5,Bastionbreaker,Ionian Boots Of Lucidity,Last Whisper
BRAND,Control Ward,Consumable,0.3571,0.2,1.28,15,Rylai's Crystal Scepter,Sorcerer's Shoes,Liandry's Torment
BLITZCRANK,Stealth Ward,Trinket,0.0333,0,1.33,5,Boots Of Swiftness,Doran's Blade,Malignance
ZIGGS,Seeker's Armguard,Epic,0.0645,1,2.21,30,Luden's Companion,Rabadon's Deathcap,Shadowflame
ASHE,Stealth Ward,Trinket,0.0417,1,1.78,5,Axiom Arc,Hubris,Ionian Boots Of Lucidity
THRESH,Thornmail,Legendary,0.0345,0,2.12,30,Zeke's Convergence,Frozen Heart,Knight's Vow
VLADIMIR,Dark Seal,Starter,0.5263,0.5667,2.18,5,Hextech Rocketbelt,Doran's Ring,Rabadon's Deathcap
LEESIN,Kindlegem,Epic,0.0278,0,0.81,15,Eclipse,Sundered Sky,Maw Of Malmortius
JINX,Quicksilver Sash,Epic,0.0147,0,2.50,30,Infinity Edge,Lord Dominik's Regards,Runaan's Hurricane
KSANTE,Giant's Belt,Epic,0.1176,0.75,2.47,20,Iceborn Gauntlet,"Jak'sho, The Protean",Thornmail
ILLAOI,Tunneler,Epic,0.125,1,0.88,10,Iceborn Gauntlet,Spirit Visage,
VELKOZ,Oblivion Orb,Epic,0.1176,0.25,2.26,10,Luden's Companion,Zhonya's Hourglass,Horizon Focus
BELVETH,Elixir Of Wrath,Consumable,0.0476,1,4.17,30,Death's Dance,"Jak'sho, The Protean",Kraken Slayer
REKSAI,Null-Magic Mantle,Basic,0.0313,0,1.43,15,Plated Steelcaps,Spear Of Shojin,Steel Sigil
LEONA,Kindlegem,Epic,0.4545,0.68,2.73,10,Bandlepipes,Locket Of The Iron Solari,Protoplasm Harness
MILIO,Boots,Boots,0.0408,0.5,1.50,5,Bandleglass Mirror,Kindlegem,Moonstone Renewer
TRYNDAMERE,Essence Reaver,Legendary,0.2941,0.6,1.73,15,Ravenous Hydra,Infinity Edge,Serylda's Grudge
RENGAR,Long Sword,Basic,0.193,0.3636,2.28,5,Profane Hydra,Umbral Glaive,Ionian Boots Of Lucidity
MALZAHAR,Rylai's Crystal Scepter,Legendary,0.6429,0.5556,1.40,25,Blackfire Torch,Liandry's Torment,Malignance
KINDRED,Oracle Lens,Trinket,0.4,0.6667,3.88,5,The Collector,Kraken Slayer,Plated Steelcaps
AKALI,Amplifying Tome,Basic,0.2097,0.3077,1.45,5,Hextech Gunblade,Shadowflame,Sorcerer's Shoes
VARUS,The Collector,Legendary,0.0164,0.5,2.00,20,Hexoptics C44,Youmuu's Ghostblade,Bloodthirster
ZAAHEN,Executioner's Calling,Epic,0.0256,0,0.67,15,Sundered Sky,Trinity Force,Tunneler
BRAUM,Protoplasm Harness,Legendary,0.1429,0.7,3.12,30,Bandlepipes,Knight's Vow,Locket Of The Iron Solari
RENGAR,Ravenous Hydra,Legendary,0.0526,1,3.97,10,Lord Dominik's Regards,Infinity Edge,Serpent's Fang
FIORA,Winged Moonplate,Epic,0.0256,0,0.62,25,Ravenous Hydra,Trinity Force,Tunneler
RYZE,Actualizer,Legendary,0.3933,0.5714,2.55,25,Rod Of Ages,Rabadon's Deathcap,Zhonya's Hourglass
VELKOZ,Shadowflame,Legendary,0.2647,0.5556,3.76,20,Luden's Companion,Blackfire Torch,Horizon Focus
FIDDLESTICKS,Rabadon's Deathcap,Legendary,0.1071,0.6667,5.63,15,Hextech Rocketbelt,Banshee's Veil,Lich Bane
CHOGATH,Hextech Rocketbelt,Legendary,0.55,0.4545,1.03,15,Riftmaker,Dead Man's Plate,Sunfire Aegis
TWISTEDFATE,Ionian Boots Of Lucidity,Boots,0.0278,0,0.60,10,Lich Bane,Rod Of Ages,Scout's Slingshot
SMOLDER,Null-Magic Mantle,Basic,0.0185,0,0.25,5,Essence Reaver,Long Sword,Scout's Slingshot
BRIAR,Long Sword,Basic,0.3333,0.5,1.91,5,Black Cleaver,Titanic Hydra,Plated Steelcaps
EZREAL,Hextech Gunblade,Legendary,0.0308,0,1.94,10,Cryptbloom,Lich Bane,Rabadon's Deathcap
TARIC,Null-Magic Mantle,Basic,0.0714,1,2.36,20,Bandlepipes,Locket Of The Iron Solari,Plated Steelcaps
ALISTAR,Oracle Lens,Trinket,1,0.5172,3.04,10,Control Ward,Bandlepipes,Boots Of Swiftness
CORKI,The Collector,Legendary,0.359,0.5714,3.14,25,Trinity Force,Infinity Edge,Essence Reaver
ANIVIA,Plated Steelcaps,Boots,0.0556,0.5,1.36,15,Bloodletter's Curse,Catalyst Of Aeons,Rod Of Ages
SHEN,Farsight Alteration,Trinket,0.225,0.4444,2.89,20,Titanic Hydra,Doran's Shield,Plated Steelcaps
YUUMI,Control Ward,Consumable,0.7586,0.4545,5.26,20,Moonstone Renewer,Mikael's Blessing,Ardent Censer
JARVANIV,Eclipse,Legendary,0.0746,0.8,3.92,15,Spirit Visage,Sundered Sky,Frozen Heart
LULU,Bandlepipes,Legendary,0.037,0.6667,4.37,15,Ardent Censer,Redemption,Moonstone Renewer
XERATH,Elixir Of Sorcery,Consumable,0.0455,1,7.00,25,Horizon Focus,Luden's Companion,Mejai's Soulstealer
DRMUNDO,Doran's Shield,Starter,0.2329,0.6471,1.47,5,Heartsteel,Warmog's Armor,Boots Of Swiftness
XINZHAO,Sundered Sky,Legendary,0.75,0.4667,2.69,15,Black Cleaver,Titanic Hydra,Sterak's Gage
GALIO,Seeker's Armguard,Epic,0.06,0.3333,1.59,25,Hollow Radiance,Banshee's Veil,Kindlegem
URGOT,Black Cleaver,Legendary,0.9412,0.375,1.53,15,Sterak's Gage,Dead Man's Plate,Force Of Nature
VAYNE,Essence Reaver,Legendary,0.4789,0.7059,1.88,15,Stormrazor,Infinity Edge,Fiendhunter Bolts
JINX,Executioner's Calling,Epic,0.0441,0.6667,1.69,10,Infinity Edge,Runaan's Hurricane,Yun Tal Wildarrows
JANNA,Bandleglass Mirror,Epic,0.1406,0.5556,2.47,10,Moonstone Renewer,Redemption,Kindlegem
JAX,Dusk And Dawn,Legendary,0.4028,0.3793,1.46,15,Hextech Gunblade,Nashor's Tooth,Zhonya's Hourglass
URGOT,Youmuu's Ghostblade,Legendary,0.0588,0,0.57,20,Black Cleaver,,
MALPHITE,Null-Magic Mantle,Basic,0.0282,0.5,1.56,10,Malignance,Plated Steelcaps,Sunfire Aegis
UDYR,"Jak'sho, The Protean",Legendary,0.0667,0,0.44,25,Riftmaker,Zhonya's Hourglass,
YONE,Death's Dance,Legendary,0.1111,0.4,1.85,30,Blade Of The Ruined King,Lord Dominik's Regards,Immortal Shieldbow
BARD,Redemption,Legendary,0.1538,0.6667,2.82,25,Bandlepipes,Dead Man's Plate,Locket Of The Iron Solari
RENGAR,Trinity Force,Legendary,0.0175,1,1.45,30,Bastionbreaker,Death's Dance,Profane Hydra
THRESH,Seeker's Armguard,Epic,0.0172,1,1.75,30,Locket Of The Iron Solari,Protoplasm Harness,
VARUS,Cloth Armor,Basic,0.0082,1,3.67,5,Berserker's Greaves,Dusk And Dawn,Hextech Gunblade
KSANTE,Farsight Alteration,Trinket,0.1176,0.75,6.10,25,Iceborn Gauntlet,Plated Steelcaps,Chain Vest
MILIO,Bandleglass Mirror,Epic,0.1224,0.3333,1.92,10,Kindlegem,Echoes Of Helia,Ardent Censer
TWITCH,Null-Magic Mantle,Basic,0.0152,1,3.11,30,Fiendhunter Bolts,Plated Steelcaps,Randuin's Omen
SWAIN,Rylai's Crystal Scepter,Legendary,0.7045,0.4516,2.63,20,Malignance,Zhonya's Hourglass,Liandry's Torment
LULU,Ruby Crystal,Basic,0.0494,0.75,3.02,20,Ionian Boots Of Lucidity,Ardent Censer,Forbidden Idol
ANIVIA,Farsight Alteration,Trinket,0.5,0.5556,3.51,15,Rod Of Ages,Doran's Ring,Boots Of Swiftness
SIVIR,Berserker's Greaves,Boots,0.5111,0.6087,2.38,15,Essence Reaver,Infinity Edge,Navori Flickerblade
KASSADIN,Boots,Boots,0.0548,0.25,0.70,10,Rod Of Ages,Frozen Heart,Malignance
SHACO,Pickaxe,Basic,0.2,0.6,2.67,10,Berserker's Greaves,Serrated Dirk,Long Sword
ZED,Control Ward,Consumable,0.0108,1,3.67,10,Axiom Arc,Death's Dance,Lord Dominik's Regards
RYZE,Cloth Armor,Basic,0.0112,1,5.50,5,Actualizer,Rod Of Ages,
VEIGAR,Shadowflame,Legendary,0.1724,0.2,1.04,30,Rabadon's Deathcap,Luden's Companion,Rod Of Ages
NIDALEE,Luden's Companion,Legendary,0.0313,1,4.67,15,Echoes Of Helia,Rabadon's Deathcap,
TRISTANA,Scout's Slingshot,Epic,0.0154,1,5.50,10,Infinity Edge,Navori Flickerblade,The Collector
DRAVEN,Noonquiver,Epic,0.1364,0.3333,2.17,25,Infinity Edge,Bloodthirster,Essence Reaver
MISSFORTUNE,Control Ward,Consumable,0.1034,0.3333,2.68,5,Essence Reaver,The Collector,B. F. Sword
SEJUANI,Kaenic Rookern,Legendary,0.2143,0.3333,1.67,30,Dusk And Dawn,Knight's Vow,Locket Of The Iron Solari
YASUO,Guardian Angel,Legendary,0.0078,0,1.81,30,Infinity Edge,Kraken Slayer,Mortal Reminder
XERATH,Zhonya's Hourglass,Legendary,0.0455,0,2.50,35,Luden's Companion,Rabadon's Deathcap,Shadowflame
VARUS,Dark Seal,Starter,0.041,0.6,2.28,5,Dusk And Dawn,Doran's Blade,Nashor's Tooth
CORKI,Bloodthirster,Legendary,0.0256,0.5,3.38,25,Immortal Shieldbow,Lord Dominik's Regards,Essence Reaver
ZIGGS,Zhonya's Hourglass,Legendary,0.0968,0.3333,2.84,25,Luden's Companion,Shadowflame,Rabadon's Deathcap
KSANTE,Oracle Lens,Trinket,0.2059,0.4286,0.94,15,Iceborn Gauntlet,Plated Steelcaps,Cloth Armor
AHRI,Blackfire Torch,Legendary,0.5,0.5652,3.86,15,Cosmic Drive,Rabadon's Deathcap,Zhonya's Hourglass
VEX,Stealth Ward,Trinket,0.0526,0,1.57,5,Hextech Alternator,Luden's Companion,Needlessly Large Rod
GRAGAS,Rabadon's Deathcap,Legendary,0.0909,0.5,2.06,30,Hextech Rocketbelt,Cosmic Drive,Luden's Companion
MASTERYI,Immortal Shieldbow,Legendary,0.0333,1,1.90,35,Infinity Edge,Lord Dominik's Regards,Yun Tal Wildarrows
VIKTOR,Banshee's Veil,Legendary,0.0278,1,2.40,30,Blackfire Torch,Liandry's Torment,Rabadon's Deathcap
NAAFIRI,Bastionbreaker,Legendary,0.1587,0.4,1.72,20,Voltaic Cyclosword,Serylda's Grudge,Profane Hydra
RIVEN,Caulfield's Warhammer,Epic,0.2973,0.6364,2.18,15,Sundered Sky,Axiom Arc,Death's Dance
NIDALEE,Negatron Cloak,Epic,0.0313,1,0.75,35,Hextech Gunblade,Sterak's Gage,Trinity Force
BARD,Fated Ashes,Epic,0.1282,0.4,5.14,25,Dead Man's Plate,Haunting Guise,Bandlepipes
BLITZCRANK,Oracle Lens,Trinket,0.9667,0.5172,2.74,10,Boots Of Swiftness,Control Ward,Bandlepipes
TAHMKENCH,Locket Of The Iron Solari,Legendary,0.0769,0,1.22,25,Bandlepipes,,
VARUS,Berserker's Greaves,Boots,0.041,0.4,2.21,10,Dusk And Dawn,Nashor's Tooth,Guinsoo's Rageblade
VAYNE,Rapid Firecannon,Legendary,0.0141,1,1.11,30,Stormrazor,Trinity Force,Voltaic Cyclosword
ELISE,Ionian Boots Of Lucidity,Boots,0.0513,0,0.75,10,Hextech Rocketbelt,Stormsurge,
LEESIN,Ruby Crystal,Basic,0.0556,0.5,5.52,15,Eclipse,Sundered Sky,Tunneler
KARMA,Dawncore,Legendary,0.1233,0.5556,2.90,30,Moonstone Renewer,Redemption,Echoes Of Helia
BARD,Recurve Bow,Epic,0.0128,1,1.33,20,Bandlepipes,Dead Man's Plate,Negatron Cloak
CAMILLE,Ionian Boots Of Lucidity,Boots,0.0714,1,2.33,15,Ravenous Hydra,Trinity Force,
BELVETH,Giant's Belt,Epic,0.0952,0.5,1.18,25,Death's Dance,Kraken Slayer,Warden's Mail
CAITLYN,Stormrazor,Legendary,0.29,0.4828,2.13,15,Infinity Edge,Lord Dominik's Regards,Rapid Firecannon
LEESIN,Health Potion,Consumable,0.0139,1,3.50,5,Black Cleaver,Death's Dance,Eclipse
CAITLYN,Hexoptics C44,Legendary,0.35,0.5143,2.31,25,Infinity Edge,Lord Dominik's Regards,The Collector
QIYANA,Profane Hydra,Legendary,0.9298,0.5094,2.50,10,Serylda's Grudge,Axiom Arc,Edge Of Night
LULU,Knight's Vow,Legendary,0.0247,1,2.77,25,Ardent Censer,Dream Maker,Mikael's Blessing
VEIGAR,Doran's Ring,Starter,0.3448,0.4,1.46,5,Rod Of Ages,Needlessly Large Rod,Sorcerer's Shoes
FIDDLESTICKS,Zhonya's Hourglass,Legendary,0.3929,0.4545,4.36,25,Hextech Rocketbelt,Liandry's Torment,Shadowflame
ZYRA,Control Ward,Consumable,0.2632,0.4,1.77,10,Liandry's Torment,Sorcerer's Shoes,Rylai's Crystal Scepter
AMBESSA,Sundered Sky,Legendary,0.1277,0.75,3.53,20,Profane Hydra,Death's Dance,Spear Of Shojin
AKSHAN,Plated Steelcaps,Boots,0.0588,0.6667,2.81,10,Infinity Edge,Statikk Shiv,Immortal Shieldbow
VAYNE,Kraken Slayer,Legendary,0.1268,0.4444,0.95,15,Guinsoo's Rageblade,Randuin's Omen,Blade Of The Ruined King
SYNDRA,Warden's Mail,Epic,0.0164,0,0.58,10,Blackfire Torch,Hextech Rocketbelt,
KALISTA,Berserker's Greaves,Boots,0.2308,0,1.50,10,Blade Of The Ruined King,Yun Tal Wildarrows,Fiendish Codex
SYLAS,Shadowflame,Legendary,0.1915,0.6667,2.29,20,Hextech Rocketbelt,Zhonya's Hourglass,Rabadon's Deathcap
KSANTE,Unending Despair,Legendary,0.0882,1,4.18,20,Iceborn Gauntlet,"Jak'sho, The Protean",Kaenic Rookern
SKARNER,Control Ward,Consumable,0.5,1,5.50,15,Bandlepipes,Giant's Belt,Ionian Boots Of Lucidity
DIANA,Ionian Boots Of Lucidity,Boots,0.0093,1,3.80,20,Dusk And Dawn,Fiendish Codex,Hextech Alternator
LILLIA,Rylai's Crystal Scepter,Legendary,0.2857,0.25,2.25,20,Liandry's Torment,Riftmaker,Bloodletter's Curse
SYNDRA,Hextech Alternator,Epic,0.0328,0.5,1.34,10,Blackfire Torch,Cosmic Drive,Luden's Companion
RUMBLE,Zhonya's Hourglass,Legendary,0.3667,0.5455,3.46,25,Liandry's Torment,Shadowflame,Hextech Rocketbelt
VEIGAR,Elixir Of Sorcery,Consumable,0.1034,0.6667,2.69,40,Rabadon's Deathcap,Actualizer,Void Staff
WARWICK,Bandlepipes,Legendary,0.0909,0,1.25,20,Kraken Slayer,Zeke's Convergence,
TALIYAH,Blighting Jewel,Epic,0.0508,0.3333,2.56,25,Rabadon's Deathcap,Rylai's Crystal Scepter,Blackfire Torch
GAREN,Endless Hunger,Legendary,0.027,0,2.43,30,Spear Of Shojin,Stridebreaker,
KENNEN,Liandry's Torment,Legendary,0.0286,0,1.75,20,Hextech Rocketbelt,Zhonya's Hourglass,
UDYR,Boots Of Swiftness,Boots,0.4,0.3333,2.97,15,Liandry's Torment,Dusk And Dawn,Spirit Visage
KALISTA,Control Ward,Consumable,0.0769,0,2.25,20,Berserker's Greaves,Blade Of The Ruined King,Doran's Blade
SENNA,Tear Of The Goddess,Starter,0.0714,0.3333,2.09,5,Echoes Of Helia,Boots Of Swiftness,Boots
AATROX,Serrated Dirk,Epic,0.087,0.25,1.50,20,Sundered Sky,Voltaic Cyclosword,Endless Hunger
AHRI,Dark Seal,Starter,0.3261,0.2667,1.37,5,Blackfire Torch,Malignance,Doran's Ring
AATROX,Executioner's Calling,Epic,0.1087,0.2,1.74,30,Sundered Sky,Voltaic Cyclosword,Spear Of Shojin
ANNIE,Stealth Ward,Trinket,0.25,1,7.67,5,Banshee's Veil,Blighting Jewel,Malignance
REKSAI,"Jak'sho, The Protean",Legendary,0.0313,0,2.33,40,Spear Of Shojin,Sterak's Gage,Titanic Hydra
IRELIA,Farsight Alteration,Trinket,0.2667,0.4375,1.52,20,Blade Of The Ruined King,Plated Steelcaps,Death's Dance
IVERN,Dusk And Dawn,Legendary,0.0435,1,3.00,30,Malignance,Morellonomicon,Zeke's Convergence
ASHE,Solstice Sleigh,Legendary,0.0417,1,2.57,15,Bandlepipes,Malignance,Stormsurge
RENGAR,Malignance,Legendary,0.0175,0,0.71,25,,,
MALPHITE,Control Ward,Consumable,0.1127,0.25,1.53,10,Plated Steelcaps,Sunfire Aegis,Frozen Heart
ZAC,Mejai's Soulstealer,Legendary,0.0741,1,5.33,25,Spirit Visage,Sunfire Aegis,Hextech Rocketbelt
EZREAL,Hextech Alternator,Epic,0.0154,1,3.60,20,Archangel's Staff,Trinity Force,
CORKI,Immortal Shieldbow,Legendary,0.0897,0.7143,5.41,35,Infinity Edge,Essence Reaver,Lord Dominik's Regards
VOLIBEAR,Frozen Heart,Legendary,0.1228,0.4286,1.57,30,Spirit Visage,Dusk And Dawn,Navori Flickerblade
SKARNER,Plated Steelcaps,Boots,0.5,0,2.00,15,Bandlepipes,Dead Man's Plate,Kindlegem
TRISTANA,The Collector,Legendary,0.2462,0.625,2.33,15,Infinity Edge,Navori Flickerblade,Lord Dominik's Regards
TWITCH,Mejai's Soulstealer,Legendary,0.0303,1,4.75,15,Nashor's Tooth,Banshee's Veil,Rabadon's Deathcap
ILLAOI,Doran's Shield,Starter,0.375,0.3333,1.33,5,Spear Of Shojin,Bramble Vest,Hexdrinker
SEJUANI,Frozen Heart,Legendary,0.0714,1,3.29,35,Abyssal Mask,Heartsteel,Knight's Vow
BRAND,Oblivion Orb,Epic,0.2143,0.5,1.53,20,Liandry's Torment,Rylai's Crystal Scepter,Cryptbloom
QIYANA,Glowing Mote,Basic,0.0351,0.5,2.48,10,Profane Hydra,Axiom Arc,Caulfield's Warhammer
TWITCH,Infinity Edge,Legendary,0.5606,0.4054,2.20,25,Fiendhunter Bolts,Yun Tal Wildarrows,The Collector
NOCTURNE,Mercury's Treads,Boots,0.4,0.6667,3.48,20,Stridebreaker,Experimental Hexplate,Black Cleaver
HEIMERDINGER,Lost Chapter,Epic,0.1429,0,1.09,10,Blackfire Torch,Rabadon's Deathcap,Shadowflame
MASTERYI,Randuin's Omen,Legendary,0.0667,0.5,2.34,25,Experimental Hexplate,Guinsoo's Rageblade,Kraken Slayer
HWEI,Haunting Guise,Epic,0.1364,0.3333,2.48,20,Blackfire Torch,Fated Ashes,Fiendish Codex
YUNARA,Doran's Blade,Starter,0.6829,0.5357,2.24,5,Kraken Slayer,Fiendhunter Bolts,Infinity Edge
ZYRA,Seeker's Armguard,Epic,0.0526,1,1.80,20,Liandry's Torment,Rylai's Crystal Scepter,
AURELIONSOL,Sorcerer's Shoes,Boots,0.1613,0.8,3.92,15,Rylai's Crystal Scepter,Blackfire Torch,Liandry's Torment
VARUS,Sheen,Epic,0.0082,0,0.50,10,Experimental Hexplate,Kindlegem,
TALIYAH,Zhonya's Hourglass,Legendary,0.2712,0.8125,4.21,20,Blackfire Torch,Rabadon's Deathcap,Mejai's Soulstealer
KASSADIN,Morellonomicon,Legendary,0.0137,0,2.38,25,Rod Of Ages,Zhonya's Hourglass,
GALIO,Farsight Alteration,Trinket,0.3,0.5333,2.77,15,Amplifying Tome,Doran's Ring,Hollow Radiance
VIKTOR,Farsight Alteration,Trinket,0.6111,0.5,2.90,15,Blackfire Torch,Liandry's Torment,Sorcerer's Shoes
GRAGAS,Hextech Alternator,Epic,0.0909,1,2.88,15,Hextech Rocketbelt,Luden's Companion,Rabadon's Deathcap
VI,Kindlegem,Epic,0.1,0,0.14,15,Phage,Sundered Sky,
BRAND,Amplifying Tome,Basic,0.25,0,1.16,5,Rylai's Crystal Scepter,Fated Ashes,Liandry's Torment
SIVIR,Cull,Starter,0.1111,0.6,2.28,5,Doran's Blade,Berserker's Greaves,Essence Reaver
VLADIMIR,Doran's Ring,Starter,0.4211,0.5,2.69,5,Hextech Rocketbelt,Dark Seal,Rabadon's Deathcap
VAYNE,Boots,Boots,0.0141,1,1.20,5,Essence Reaver,Serrated Dirk,
SINGED,Dark Seal,Starter,0.4348,0.3,1.88,5,Liandry's Torment,Boots Of Swiftness,Rylai's Crystal Scepter
SHYVANA,Mercury's Treads,Boots,0.25,0,1.00,25,Navori Flickerblade,Sundered Sky,Tiamat
SINGED,Amplifying Tome,Basic,0.0435,1,1.36,10,Boots Of Swiftness,"Jak'sho, The Protean",Liandry's Torment
DARIUS,Phage,Epic,0.0488,0,0.31,10,Hearthbound Axe,Sheen,
SAMIRA,Vampiric Scepter,Epic,0.12,0.6667,2.88,30,Infinity Edge,Lord Dominik's Regards,The Collector
FIZZ,Ionian Boots Of Lucidity,Boots,0.2632,0.4,1.59,20,Lich Bane,Zhonya's Hourglass,Liandry's Torment
REKSAI,Elixir Of Wrath,Consumable,0.0313,0,2.18,35,Chempunk Chainsword,Death's Dance,Long Sword
KSANTE,Bandlepipes,Legendary,0.0294,0,0.40,15,,,
FIZZ,Rabadon's Deathcap,Legendary,0.3158,0.5,3.14,30,Lich Bane,Zhonya's Hourglass,Shadowflame
AURELIONSOL,Zhonya's Hourglass,Legendary,0.1935,0.5,4.19,25,Rylai's Crystal Scepter,Liandry's Torment,Blackfire Torch
REKSAI,Cloth Armor,Basic,0.0313,1,1.67,15,Long Sword,Mercury's Treads,Serpent's Fang
LEONA,Oracle Lens,Trinket,1,0.5636,2.73,10,Control Ward,Bandlepipes,Locket Of The Iron Solari
TRUNDLE,Hullbreaker,Legendary,0.0909,0,0.78,30,Blade Of The Ruined King,Mortal Reminder,Randuin's Omen
SYNDRA,Verdant Barrier,Epic,0.0656,0.75,1.78,25,Blackfire Torch,Cosmic Drive,Blighting Jewel
ORNN,Unending Despair,Legendary,0.3415,0.5,3.69,25,Hollow Radiance,Kaenic Rookern,Protoplasm Harness
PANTHEON,Opportunity,Legendary,0.05,0.5,1.58,20,Eclipse,Edge Of Night,Manamune
MAOKAI,Cloth Armor,Basic,0.1,1,4.50,10,Boots Of Swiftness,Kaenic Rookern,Zeke's Convergence
ZAC,Hextech Rocketbelt,Legendary,0.2963,0.875,5.52,15,Spirit Visage,Sunfire Aegis,Bloodletter's Curse
KASSADIN,Frozen Heart,Legendary,0.137,0.3,2.07,25,Rod Of Ages,Void Staff,Archangel's Staff
GANGPLANK,Long Sword,Basic,0.16,0.5,1.30,5,Essence Reaver,Boots Of Swiftness,Cloak Of Agility
RENEKTON,Black Cleaver,Legendary,0.5385,0.4,2.44,20,Eclipse,Sterak's Gage,Death's Dance
RUMBLE,Cloth Armor,Basic,0.0333,1,1.50,20,Hextech Alternator,Liandry's Torment,Needlessly Large Rod
JAYCE,Serrated Dirk,Epic,0.1852,0.5333,2.82,5,Youmuu's Ghostblade,Serylda's Grudge,Edge Of Night
ELISE,Bloodsong,Legendary,0.0256,1,2.17,15,Rabadon's Deathcap,Stormsurge,Zhonya's Hourglass
CASSIOPEIA,Mercury's Treads,Boots,0.1154,0.6667,1.61,15,Rod Of Ages,Rylai's Crystal Scepter,Cosmic Drive
URGOT,Warden's Mail,Epic,0.1176,0.5,2.88,25,Black Cleaver,Sterak's Gage,Dead Man's Plate
SENNA,Ionian Boots Of Lucidity,Boots,0.0238,1,12.00,10,Echoes Of Helia,Kindlegem,
SHEN,Spirit Visage,Legendary,0.05,0.5,2.42,30,Titanic Hydra,Dead Man's Plate,Randuin's Omen
ILLAOI,Doran's Blade,Starter,0.125,1,0.86,5,Boots Of Swiftness,Spirit Visage,Sterak's Gage
JINX,Cloak Of Agility,Basic,0.25,0.3529,1.24,20,Yun Tal Wildarrows,Infinity Edge,Runaan's Hurricane
RAKAN,Null-Magic Mantle,Basic,0.0476,0,2.05,10,Ionian Boots Of Lucidity,Kindlegem,Zeke's Convergence
KLED,Eclipse,Legendary,0.1,1,6.33,20,Profane Hydra,Voltaic Cyclosword,
DARIUS,Spectre's Cowl,Epic,0.0244,0,5.00,20,Negatron Cloak,Stridebreaker,
GANGPLANK,Noonquiver,Epic,0.16,1,2.01,20,Essence Reaver,Infinity Edge,Lord Dominik's Regards
AURELIONSOL,Plated Steelcaps,Boots,0.0968,0.6667,3.13,15,Liandry's Torment,Rylai's Crystal Scepter,Bloodletter's Curse
DIANA,Elixir Of Iron,Consumable,0.0093,1,5.29,30,Dusk And Dawn,Liandry's Torment,Mercury's Treads
YASUO,B. F. Sword,Basic,0.1328,0.4706,1.50,25,Immortal Shieldbow,Blade Of The Ruined King,Cloak Of Agility
FIZZ,Plated Steelcaps,Boots,0.0526,1,2.40,15,Blighting Jewel,Lich Bane,Rabadon's Deathcap
PANTHEON,Tear Of The Goddess,Starter,0.025,0,0.00,10,Long Sword,Doran's Blade,Eclipse
SWAIN,Control Ward,Consumable,0.0682,0.6667,2.25,20,Rylai's Crystal Scepter,Liandry's Torment,Plated Steelcaps
NAUTILUS,Fiendish Codex,Epic,0.0313,0.6667,2.33,25,Locket Of The Iron Solari,Bandlepipes,Forbidden Idol
ELISE,Blasting Wand,Basic,0.0769,0.3333,2.67,5,Blighting Jewel,Shadowflame,Sorcerer's Shoes
LULU,Boots,Boots,0.0247,0,1.62,5,Ardent Censer,Mikael's Blessing,Moonstone Renewer
BARD,Long Sword,Basic,0.0128,1,1.60,20,Dusk And Dawn,Ruby Crystal,Winged Moonplate
KOGMAW,Amplifying Tome,Basic,0.2857,0.5,3.50,10,Dusk And Dawn,Sorcerer's Shoes,Guinsoo's Rageblade
NASUS,Oracle Lens,Trinket,0.25,0.3333,1.98,25,Trinity Force,Cloth Armor,Kindlegem
BELVETH,Control Ward,Consumable,0.0476,0,0.42,5,Boots,Dagger,Kraken Slayer
BRIAR,Spirit Visage,Legendary,0.1667,0.3333,2.89,35,Titanic Hydra,Black Cleaver,Death's Dance
BRAND,Hextech Alternator,Epic,0.0714,1,2.06,35,Blackfire Torch,Liandry's Torment,Bloodletter's Curse
JAYCE,Boots Of Swiftness,Boots,0.0617,0.4,2.09,15,Youmuu's Ghostblade,Opportunity,Serpent's Fang
NAUTILUS,Bandlepipes,Legendary,0.5938,0.4912,3.03,15,Locket Of The Iron Solari,Knight's Vow,Protoplasm Harness
BRAND,Giant's Belt,Epic,0.0714,0,1.23,10,Echoes Of Helia,Morellonomicon,Rylai's Crystal Scepter
TRISTANA,Infinity Edge,Legendary,0.8308,0.4815,2.42,20,Yun Tal Wildarrows,Navori Flickerblade,Lord Dominik's Regards
RYZE,Blasting Wand,Basic,0.191,0.4118,1.48,10,Rod Of Ages,Lost Chapter,Amplifying Tome
ZED,Profane Hydra,Legendary,0.129,0.4167,2.59,10,Edge Of Night,Lord Dominik's Regards,Axiom Arc
BLITZCRANK,Bandlepipes,Legendary,0.5667,0.4118,2.80,15,Locket Of The Iron Solari,Zeke's Convergence,Knight's Vow
JHIN,Tunneler,Epic,0.0139,1,2.50,35,Infinity Edge,Lord Dominik's Regards,Maw Of Malmortius
TRUNDLE,Control Ward,Consumable,0.3636,0.5,2.94,5,Bandlepipes,Kindlegem,Plated Steelcaps
AATROX,Serylda's Grudge,Legendary,0.0435,0.5,1.83,25,Death's Dance,Eclipse,Voltaic Cyclosword
REKSAI,Pickaxe,Basic,0.125,0.75,5.96,15,Spear Of Shojin,Stridebreaker,Black Cleaver
KAISA,Endless Hunger,Legendary,0.0097,1,3.40,25,Dusk And Dawn,Guinsoo's Rageblade,Kraken Slayer
CORKI,Mercury's Treads,Boots,0.1282,0.6,3.12,15,Infinity Edge,Trinity Force,Essence Reaver
RIVEN,Pickaxe,Basic,0.1351,0.6,1.44,5,Ionian Boots Of Lucidity,Axiom Arc,Sundered Sky
KASSADIN,Randuin's Omen,Legendary,0.0548,0.75,2.99,10,Rod Of Ages,Frozen Heart,Malignance
GANGPLANK,Youmuu's Ghostblade,Legendary,0.04,0,3.08,40,Death's Dance,Essence Reaver,Infinity Edge
SONA,Locket Of The Iron Solari,Legendary,0.02,1,4.33,30,Echoes Of Helia,,
UDYR,Vampiric Scepter,Epic,0.0667,0,1.14,20,Death's Dance,Endless Hunger,Spirit Visage
ZIGGS,Sorcerer's Shoes,Boots,0.7097,0.4545,2.20,15,Luden's Companion,Shadowflame,Rabadon's Deathcap
BARD,Echoes Of Helia,Legendary,0.0128,1,3.83,30,Moonstone Renewer,,
HEIMERDINGER,Doran's Ring,Starter,0.1429,0,0.67,5,Boots,Shadowflame,Void Staff
EZREAL,Ruby Crystal,Basic,0.0615,0.5,1.83,20,Essence Reaver,Ionian Boots Of Lucidity,Trinity Force
VARUS,Stormsurge,Legendary,0.0082,0,1.11,20,Nashor's Tooth,Shadowflame,
VELKOZ,Glowing Mote,Basic,0.0294,0,2.33,5,Blackfire Torch,Fiendish Codex,
YONE,Noonquiver,Epic,0.1111,0.2,2.13,20,Blade Of The Ruined King,Immortal Shieldbow,Infinity Edge
KAISA,Sheen,Epic,0.0388,0,2.30,20,Guinsoo's Rageblade,Kraken Slayer,Kindlegem
KARMA,Boots,Boots,0.0548,0.5,0.97,5,Moonstone Renewer,Forbidden Idol,Malignance
NOCTURNE,Oracle Lens,Trinket,0.2667,0.75,2.21,5,Stridebreaker,Experimental Hexplate,Mercury's Treads
UDYR,Zhonya's Hourglass,Legendary,0.0667,0,0.44,30,"Jak'sho, The Protean",Riftmaker,
AMBESSA,Doran's Blade,Starter,0.1277,0.4167,2.29,5,Eclipse,Plated Steelcaps,Spear Of Shojin
KASSADIN,Sapphire Crystal,Basic,0.0274,0.5,1.35,10,Rod Of Ages,Amplifying Tome,Fiendish Codex
POPPY,Oracle Lens,Trinket,0.6316,0.5,2.68,10,Control Ward,Boots Of Swiftness,Dead Man's Plate
DRMUNDO,Winged Moonplate,Epic,0.0685,0.6,1.71,15,Heartsteel,Bramble Vest,Chain Vest
CAMILLE,Long Sword,Basic,0.5714,0.5,1.43,5,Trinity Force,Boots,Ravenous Hydra
MALZAHAR,Malignance,Legendary,0.2143,0.6667,2.25,15,Liandry's Torment,Shadowflame,Bloodletter's Curse
LUX,Luden's Companion,Legendary,0.5128,0.55,2.63,15,Stormsurge,Rabadon's Deathcap,Zhonya's Hourglass
BRAND,Refillable Potion,Consumable,0.0357,0,0.36,5,Amplifying Tome,Blasting Wand,Control Ward
KAYN,Eclipse,Legendary,0.1034,0.3333,2.56,15,Black Cleaver,Endless Hunger,Spear Of Shojin
DRMUNDO,Rejuvenation Bead,Basic,0.0274,1,3.90,5,Dead Man's Plate,Heartsteel,Boots Of Swiftness
AURELIONSOL,Blackfire Torch,Legendary,0.4194,0.6154,3.90,20,Rylai's Crystal Scepter,Liandry's Torment,Rabadon's Deathcap
SINGED,Needlessly Large Rod,Basic,0.0435,0,2.00,25,Hextech Rocketbelt,Liandry's Torment,Shadowflame
GALIO,Banshee's Veil,Legendary,0.02,0,2.38,35,Shadowflame,Stormsurge,
SMOLDER,Doran's Blade,Starter,0.7037,0.4211,2.28,5,Essence Reaver,Spear Of Shojin,Ionian Boots Of Lucidity
KALISTA,Wit's End,Legendary,0.2308,1,2.63,25,Guinsoo's Rageblade,Blade Of The Ruined King,Terminus
BLITZCRANK,Chain Vest,Epic,0.0667,0.5,5.45,15,Bandlepipes,Locket Of The Iron Solari,Celestial Opposition
RENEKTON,Null-Magic Mantle,Basic,0.0154,1,1.17,15,Black Cleaver,Boots,Eclipse
QUINN,Pickaxe,Basic,0.125,0,1.91,5,Boots Of Swiftness,Cloak Of Agility,Edge Of Night
TRYNDAMERE,Farsight Alteration,Trinket,0.0588,1,2.17,15,Essence Reaver,Infinity Edge,Mercury's Treads
NIDALEE,Moonstone Renewer,Legendary,0.0625,0.5,3.27,20,Echoes Of Helia,Redemption,
YUNARA,Boots,Boots,0.0122,0,0.44,10,Scout's Slingshot,,
TALON,Guardian Angel,Legendary,0.0323,0.5,2.30,40,Edge Of Night,Youmuu's Ghostblade,Axiom Arc
YUNARA,Dark Seal,Starter,0.0122,1,2.00,5,Hextech Alternator,Hextech Gunblade,Nashor's Tooth
MASTERYI,Amplifying Tome,Basic,0.1,0.6667,1.58,15,Pickaxe,Recurve Bow,Boots
AATROX,Hexdrinker,Epic,0.0217,0,3.17,10,Caulfield's Warhammer,Profane Hydra,Sundered Sky
BARD,Faerie Charm,Basic,0.0128,0,3.20,20,Bandlepipes,Boots Of Swiftness,Kindlegem
REKSAI,Negatron Cloak,Epic,0.0313,0,1.56,30,Death's Dance,Spear Of Shojin,Titanic Hydra
BLITZCRANK,Winged Moonplate,Epic,0.0667,1,2.50,10,Zeke's Convergence,Locket Of The Iron Solari,Mikael's Blessing
LEESIN,Oracle Lens,Trinket,0.0139,0,0.67,10,Boots,Control Ward,Edge Of Night
BARD,Abyssal Mask,Legendary,0.0128,1,3.25,25,Bandlepipes,Bloodsong,
VI,Long Sword,Basic,0.3,0.6667,6.05,5,Mercury's Treads,Trinity Force,Tunneler
SHACO,Luden's Companion,Legendary,0.08,0,1.10,10,Liandry's Torment,Shadowflame,
GALIO,Shadowflame,Legendary,0.08,0.25,2.11,30,Stormsurge,Zhonya's Hourglass,Banshee's Veil
RENGAR,Last Whisper,Epic,0.1228,0.4286,2.82,20,Profane Hydra,Edge Of Night,Umbral Glaive
ASHE,Malignance,Legendary,0.0417,1,2.57,25,Bandlepipes,Solstice Sleigh,Stormsurge
GRAVES,Pickaxe,Basic,0.2381,0.6,2.96,15,The Collector,Youmuu's Ghostblade,Immortal Shieldbow
SYLAS,Manamune,Legendary,0.0106,1,3.17,20,Rod Of Ages,,
FIDDLESTICKS,Refillable Potion,Consumable,0.0357,0,1.67,5,Amplifying Tome,Control Ward,Malignance
VELKOZ,Boots Of Swiftness,Boots,0.2059,0.4286,1.93,15,Luden's Companion,Zhonya's Hourglass,Hextech Alternator
VEIGAR,Cosmic Drive,Legendary,0.0345,1,1.60,20,Rabadon's Deathcap,,
NAAFIRI,Black Cleaver,Legendary,0.0794,0.2,2.26,20,Eclipse,Death's Dance,Profane Hydra
NAUTILUS,Zeke's Convergence,Legendary,0.0833,0.625,3.14,15,Bandlepipes,Celestial Opposition,Locket Of The Iron Solari
ZAC,Doran's Shield,Starter,0.0741,1,5.25,5,Bami's Cinder,Chain Vest,Cosmic Drive
RENGAR,Boots,Boots,0.2807,0.5625,2.84,10,Umbral Glaive,Profane Hydra,Edge Of Night
VELKOZ,Banshee's Veil,Legendary,0.0588,0.5,1.04,25,Blackfire Torch,Hextech Rocketbelt,Horizon Focus
RENEKTON,Doran's Blade,Starter,0.3077,0.5,2.88,5,Black Cleaver,Eclipse,Plated Steelcaps
AKSHAN,Rapid Firecannon,Legendary,0.1765,0.6667,2.51,30,Infinity Edge,Lord Dominik's Regards,The Collector
MISSFORTUNE,Boots Of Swiftness,Boots,0.3793,0.8182,2.35,15,The Collector,Infinity Edge,Lord Dominik's Regards
ZYRA,Ruby Crystal,Basic,0.0526,0,1.40,15,Blasting Wand,Liandry's Torment,Sorcerer's Shoes
ZERI,Bloodthirster,Legendary,0.0645,0.5,3.00,30,Fiendhunter Bolts,Infinity Edge,Yun Tal Wildarrows
MORGANA,Haunting Guise,Epic,0.0769,0,0.67,10,Blackfire Torch,,
QIYANA,Youmuu's Ghostblade,Legendary,0.0702,0.5,2.72,10,Profane Hydra,Axiom Arc,Edge Of Night
RIVEN,Black Cleaver,Legendary,0.0811,1,2.00,25,Eclipse,Sundered Sky,Death's Dance
AATROX,The Brutalizer,Epic,0.0435,0.5,0.90,10,Maw Of Malmortius,Profane Hydra,Sundered Sky
VAYNE,Trinity Force,Legendary,0.169,0.5833,3.76,15,Stormrazor,Experimental Hexplate,Wit's End
UDYR,Rejuvenation Bead,Basic,0.0667,1,3.50,5,Dead Man's Plate,Liandry's Torment,Plated Steelcaps
SMOLDER,B. F. Sword,Basic,0.0741,0.75,3.35,20,Essence Reaver,Spear Of Shojin,Cloak Of Agility
NEEKO,Abyssal Mask,Legendary,0.0513,0,5.38,30,Hextech Rocketbelt,Redemption,Stormsurge
VEX,Void Staff,Legendary,0.1053,1,2.75,30,Luden's Companion,Rabadon's Deathcap,Stormsurge
MORDEKAISER,Experimental Hexplate,Legendary,0.3636,0.375,2.27,30,Dusk And Dawn,Hextech Rocketbelt,Riftmaker
LUCIAN,Stealth Ward,Trinket,0.0862,0.2,1.34,5,Doran's Blade,Essence Reaver,Refillable Potion
NASUS,Spectre's Cowl,Epic,0.0417,1,1.75,20,Frozen Heart,Kindlegem,Thornmail
YONE,Dagger,Basic,0.0444,1,4.83,5,Blade Of The Ruined King,Immortal Shieldbow,Infinity Edge
SIVIR,Scout's Slingshot,Epic,0.0222,1,5.00,10,Infinity Edge,Yun Tal Wildarrows,Zeal
JHIN,Cloth Armor,Basic,0.0278,0.5,0.78,5,Cloak Of Agility,Infinity Edge,Pickaxe
RENGAR,Ruby Crystal,Basic,0.0175,1,6.67,20,Ionian Boots Of Lucidity,Lord Dominik's Regards,Profane Hydra
NOCTURNE,Phage,Epic,0.0667,1,1.13,10,Maw Of Malmortius,Stridebreaker,
ZILEAN,Seeker's Armguard,Epic,0.0256,1,2.44,30,Bandlepipes,Imperial Mandate,Shurelya's Battlesong
QIYANA,Serpent's Fang,Legendary,0.193,0.3636,1.83,20,Profane Hydra,Serylda's Grudge,Axiom Arc
XINZHAO,Caulfield's Warhammer,Epic,0.1,1,2.52,10,Eclipse,Steel Sigil,Sundered Sky
ZERI,Elixir Of Wrath,Consumable,0.0323,1,3.00,40,Guardian Angel,Immortal Shieldbow,Infinity Edge
CHOGATH,Unending Despair,Legendary,0.1,0.5,1.05,20,Hextech Rocketbelt,Kaenic Rookern,Randuin's Omen
VIKTOR,Blasting Wand,Basic,0.0278,1,3.00,5,Blackfire Torch,Liandry's Torment,Shadowflame
CAITLYN,Stealth Ward,Trinket,0.07,0.4286,1.44,5,Doran's Blade,The Collector,Berserker's Greaves
SWAIN,Blackfire Torch,Legendary,0.2727,0.4167,3.08,15,Rylai's Crystal Scepter,Liandry's Torment,Zhonya's Hourglass
KARTHUS,Malignance,Legendary,0.0476,1,2.08,10,Rabadon's Deathcap,Shadowflame,Horizon Focus
FIZZ,Mercury's Treads,Boots,0.0526,1,2.88,20,Bloodletter's Curse,Dusk And Dawn,Riftmaker
OLAF,Ruby Crystal,Basic,0.1739,0.25,2.01,15,Stridebreaker,Boots Of Swiftness,Death's Dance
SHACO,Infinity Edge,Legendary,0.28,0.8571,3.58,35,Lord Dominik's Regards,The Collector,Youmuu's Ghostblade
VIKTOR,Kindlegem,Epic,0.0278,1,2.67,15,Fiendish Codex,Luden's Companion,
CAITLYN,Warden's Mail,Epic,0.01,1,2.50,35,Hexoptics C44,Infinity Edge,Rapid Firecannon
RENGAR,Mortal Reminder,Legendary,0.1579,0.7778,3.22,25,Profane Hydra,Umbral Glaive,Edge Of Night
VAYNE,Terminus,Legendary,0.0986,0.5714,1.63,25,Guinsoo's Rageblade,Blade Of The Ruined King,Essence Reaver
GRAGAS,Amplifying Tome,Basic,0.2727,0.1667,1.97,5,Hextech Rocketbelt,Luden's Companion,Ionian Boots Of Lucidity
VEIGAR,Boots Of Swiftness,Boots,0.0345,1,9.00,10,Shurelya's Battlesong,Stormsurge,
KLED,Tunneler,Epic,0.4,0.75,1.56,10,Titanic Hydra,Hullbreaker,Black Cleaver
VARUS,Rectrix,Epic,0.0082,1,4.50,10,Serrated Dirk,,
BRAND,Rabadon's Deathcap,Legendary,0.0357,1,4.75,25,Blackfire Torch,Rylai's Crystal Scepter,Zhonya's Hourglass
JHIN,Scout's Slingshot,Epic,0.0833,0.5,2.54,10,Stormrazor,Infinity Edge,Zeal
IRELIA,Null-Magic Mantle,Basic,0.0167,1,1.40,10,Guardian Angel,Hullbreaker,Sundered Sky
ZAC,Mercury's Treads,Boots,0.3704,0.7,3.79,10,Spirit Visage,Sunfire Aegis,Hextech Rocketbelt
ZAC,Amplifying Tome,Basic,0.037,0,4.80,5,Plated Steelcaps,Protoplasm Harness,Randuin's Omen
PYKE,Abyssal Mask,Legendary,0.02,1,3.00,25,Axiom Arc,Mikael's Blessing,
CORKI,Serpent's Fang,Legendary,0.0128,1,3.71,20,Bastionbreaker,Edge Of Night,Trinity Force
CHOGATH,Boots Of Swiftness,Boots,0.35,0.4286,1.29,10,Hextech Rocketbelt,Riftmaker,Chain Vest
ZERI,Hexoptics C44,Legendary,0.129,0.75,2.27,25,Fiendhunter Bolts,Infinity Edge,Yun Tal Wildarrows
VOLIBEAR,Dagger,Basic,0.0702,1,2.13,5,Dusk And Dawn,Plated Steelcaps,Dead Man's Plate
GRAVES,Plated Steelcaps,Boots,0.2857,0.6667,3.03,10,The Collector,Immortal Shieldbow,Hubris
KAISA,Statikk Shiv,Legendary,0.0097,0,1.17,15,Dusk And Dawn,Guinsoo's Rageblade,
BRAUM,Ruby Crystal,Basic,0.1571,0.4545,3.65,5,Bandlepipes,Locket Of The Iron Solari,Plated Steelcaps
VIKTOR,Oracle Lens,Trinket,0.0833,0.3333,2.00,25,Blackfire Torch,Liandry's Torment,Needlessly Large Rod
JHIN,Hexoptics C44,Legendary,0.0139,0,1.90,30,Infinity Edge,Rapid Firecannon,Stormrazor
AURORA,Oracle Lens,Trinket,0.2273,0.8,3.00,15,Luden's Companion,Doran's Ring,Needlessly Large Rod
VEIGAR,Oracle Lens,Trinket,0.1379,0.25,3.05,10,Needlessly Large Rod,Control Ward,Boots Of Swiftness
GALIO,Amplifying Tome,Basic,0.26,0.4615,3.03,5,Hextech Rocketbelt,Cloth Armor,Hollow Radiance
RENATA,Cloth Armor,Basic,0.1111,1,3.33,15,Echoes Of Helia,Ionian Boots Of Lucidity,Kindlegem
KINDRED,Trinity Force,Legendary,0.2,0.6667,3.57,15,Infinity Edge,The Collector,Serpent's Fang
KARMA,Ardent Censer,Legendary,0.0274,0.5,4.21,25,Moonstone Renewer,Dream Maker,Imperial Mandate
ILLAOI,Chain Vest,Epic,0.125,1,2.86,30,Black Cleaver,Spirit Visage,Sterak's Gage
WARWICK,Elixir Of Iron,Consumable,0.1818,1,2.92,30,Blade Of The Ruined King,Plated Steelcaps,Death's Dance
TAHMKENCH,Phage,Epic,0.0769,1,1.75,25,Dusk And Dawn,Tiamat,
ZOE,Oblivion Orb,Epic,0.0303,1,3.33,35,Horizon Focus,Mikael's Blessing,Shadowflame
ORIANNA,Horizon Focus,Legendary,0.1389,0.6,1.82,20,Blackfire Torch,Zhonya's Hourglass,Luden's Companion
ZAAHEN,Randuin's Omen,Legendary,0.0256,1,3.80,30,Sundered Sky,Trinity Force,
MASTERYI,Guinsoo's Rageblade,Legendary,0.7667,0.6522,2.49,20,Kraken Slayer,Experimental Hexplate,Blade Of The Ruined King
GALIO,Void Staff,Legendary,0.02,0,2.00,40,Rabadon's Deathcap,Shadowflame,Stormsurge
SAMIRA,Infinity Edge,Legendary,0.96,0.625,2.52,20,The Collector,Lord Dominik's Regards,Immortal Shieldbow
OLAF,Mercury's Treads,Boots,0.087,0.5,2.13,10,Experimental Hexplate,Maw Of Malmortius,Ravenous Hydra
AATROX,Death's Dance,Legendary,0.1739,0.75,3.65,25,Sundered Sky,Voltaic Cyclosword,Maw Of Malmortius
UDYR,Mejai's Soulstealer,Legendary,0.0667,1,8.00,20,Bloodletter's Curse,Liandry's Torment,Riftmaker
VI,Death's Dance,Legendary,0.1,1,3.33,30,Sterak's Gage,Sundered Sky,
CASSIOPEIA,Doran's Ring,Starter,0.4615,0.5,1.23,5,Rod Of Ages,Boots Of Swiftness,Rylai's Crystal Scepter
MALZAHAR,Blackfire Torch,Legendary,0.7857,0.7273,1.37,15,Liandry's Torment,Rylai's Crystal Scepter,Shadowflame
KATARINA,Sorcerer's Shoes,Boots,0.3036,0.4706,3.13,15,Shadowflame,Hextech Gunblade,Lich Bane
KENNEN,Farsight Alteration,Trinket,0.1143,0.5,1.53,20,Shadowflame,Sorcerer's Shoes,Blighting Jewel
RENEKTON,Maw Of Malmortius,Legendary,0.0769,0.6,1.88,15,Eclipse,Black Cleaver,Death's Dance
GANGPLANK,Opportunity,Legendary,0.04,1,1.75,35,Essence Reaver,Infinity Edge,Lord Dominik's Regards
SWAIN,Protoplasm Harness,Legendary,0.0227,1,2.17,30,"Jak'sho, The Protean",Unending Despair,
KENNEN,Banshee's Veil,Legendary,0.0571,1,1.56,35,Shadowflame,Hextech Gunblade,Hextech Rocketbelt
FIZZ,Dark Seal,Starter,0.4737,0.2222,2.44,5,Lich Bane,Doran's Ring,Ionian Boots Of Lucidity
ALISTAR,Plated Steelcaps,Boots,0.1897,0.1818,2.04,10,Kindlegem,Bandlepipes,Zeke's Convergence
CAITLYN,Noonquiver,Epic,0.09,0.4444,2.05,25,Infinity Edge,The Collector,Last Whisper
GANGPLANK,Mercury's Treads,Boots,0.04,1,1.83,25,Essence Reaver,Immortal Shieldbow,Infinity Edge
SHEN,Bramble Vest,Epic,0.35,0.5,3.01,20,Titanic Hydra,Dead Man's Plate,Dusk And Dawn
POPPY,Spectre's Cowl,Epic,0.0526,1,1.10,10,Sundered Sky,Unending Despair,
ZOE,Void Staff,Legendary,0.0303,1,2.80,25,Lich Bane,Luden's Companion,
ZOE,Hextech Rocketbelt,Legendary,0.0606,1,3.65,15,Mejai's Soulstealer,Shadowflame,
IVERN,Bandlepipes,Legendary,0.0435,0,1.67,25,Moonstone Renewer,Redemption,
YUUMI,Oracle Lens,Trinket,1,0.4828,4.66,10,Control Ward,Moonstone Renewer,Mikael's Blessing
TWISTEDFATE,Oblivion Orb,Epic,0.0278,0,2.83,30,Lich Bane,Rod Of Ages,Zhonya's Hourglass
AATROX,Doran's Blade,Starter,0.1957,0.5556,1.47,5,Plated Steelcaps,Sundered Sky,Long Sword
SYLAS,Plated Steelcaps,Boots,0.0851,0.625,2.17,15,Hextech Rocketbelt,Riftmaker,Zhonya's Hourglass
SENNA,Boots,Boots,0.1429,0.6667,5.42,5,Echoes Of Helia,Black Cleaver,Bandleglass Mirror
VEX,Blackfire Torch,Legendary,0.2632,0.8,4.88,15,Cosmic Drive,Rabadon's Deathcap,Shadowflame
TWISTEDFATE,Lich Bane,Legendary,0.6389,0.4783,2.26,20,Rod Of Ages,Rapid Firecannon,Zhonya's Hourglass
RENEKTON,Sundered Sky,Legendary,0.0308,0.5,1.80,20,Death's Dance,Eclipse,Maw Of Malmortius
NAAFIRI,Hexdrinker,Epic,0.0159,0,1.86,20,Axiom Arc,Profane Hydra,Serrated Dirk
SERAPHINE,Farsight Alteration,Trinket,0.4063,0.6923,3.70,15,Blackfire Torch,Echoes Of Helia,Forbidden Idol
NIDALEE,Stormsurge,Legendary,0.0313,0,1.25,15,Rabadon's Deathcap,Shadowflame,
ASHE,Mortal Reminder,Legendary,0.2083,0.6,1.90,30,Infinity Edge,Kraken Slayer,Phantom Dancer
ZOE,Cosmic Drive,Legendary,0.0303,1,3.33,20,Blackfire Torch,Horizon Focus,Rabadon's Deathcap
SINGED,Sorcerer's Shoes,Boots,0.0435,0,2.00,20,Hextech Rocketbelt,Liandry's Torment,Shadowflame
MONKEYKING,Mercury's Treads,Boots,0.3077,0.625,3.88,15,Black Cleaver,Sundered Sky,Trinity Force
SONA,Shurelya's Battlesong,Legendary,0.02,1,10.25,20,,,
SERAPHINE,Horizon Focus,Legendary,0.0313,0,3.40,20,Blackfire Torch,Lich Bane,
MAOKAI,Giant's Belt,Epic,0.1,1,1.50,25,Bandlepipes,Kindlegem,
FIORA,Doran's Blade,Starter,0.4615,0.7222,1.28,5,Ravenous Hydra,Plated Steelcaps,Trinity Force
NAAFIRI,Ionian Boots Of Lucidity,Boots,0.3968,0.6,2.41,10,Profane Hydra,Axiom Arc,Voltaic Cyclosword
YORICK,Sterak's Gage,Legendary,0.1667,0.5,2.92,25,Spear Of Shojin,Black Cleaver,Hullbreaker
VEX,Hextech Alternator,Epic,0.1053,0,1.45,10,Luden's Companion,Stormsurge,
NASUS,Iceborn Gauntlet,Legendary,0.0417,1,4.33,15,Frozen Heart,Spirit Visage,
VOLIBEAR,Thornmail,Legendary,0.0702,1,3.32,30,Dusk And Dawn,Navori Flickerblade,Spirit Visage
ZILEAN,Farsight Alteration,Trinket,0.1026,0.5,3.18,15,Blackfire Torch,Doran's Ring,Imperial Mandate
KALISTA,Plated Steelcaps,Boots,0.0769,1,1.60,5,Blade Of The Ruined King,Guinsoo's Rageblade,
LEESIN,Null-Magic Mantle,Basic,0.0417,0.3333,2.83,20,Black Cleaver,Eclipse,Long Sword
KOGMAW,Randuin's Omen,Legendary,0.1429,1,3.00,30,Blade Of The Ruined King,Guinsoo's Rageblade,Runaan's Hurricane
SAMIRA,Farsight Alteration,Trinket,0.72,0.6667,2.52,20,Infinity Edge,The Collector,Doran's Blade
MALPHITE,"Jak'sho, The Protean",Legendary,0.1268,0.6667,3.38,25,Sunfire Aegis,Frozen Heart,Thornmail
AKALI,Lich Bane,Legendary,0.0484,0.3333,2.39,25,Zhonya's Hourglass,Hextech Gunblade,Hextech Rocketbelt
KSANTE,Spirit Visage,Legendary,0.0294,1,10.00,25,"Jak'sho, The Protean",Unending Despair,Zeke's Convergence
TALON,The Brutalizer,Epic,0.0323,0.5,3.50,20,Youmuu's Ghostblade,Edge Of Night,Opportunity
OLAF,Ravenous Hydra,Legendary,0.1739,0.25,0.76,15,Death's Dance,Experimental Hexplate,Maw Of Malmortius
SHYVANA,Ravenous Hydra,Legendary,0.25,0,2.00,15,Navori Flickerblade,Zeke's Convergence,
BELVETH,Blade Of The Ruined King,Legendary,0.0476,0,2.00,10,,,
PANTHEON,Ionian Boots Of Lucidity,Boots,0.075,0.6667,2.06,15,Black Cleaver,Eclipse,Edge Of Night
EZREAL,Zhonya's Hourglass,Legendary,0.0154,0,0.69,30,Essence Reaver,,
NIDALEE,Zhonya's Hourglass,Legendary,0.25,0.375,3.77,20,Lich Bane,Shadowflame,Liandry's Torment
ZOE,Amplifying Tome,Basic,0.1212,0.5,2.03,5,Horizon Focus,Luden's Companion,Sorcerer's Shoes
GNAR,Pickaxe,Basic,0.32,1,3.07,25,Trinity Force,Black Cleaver,Tunneler
NAMI,Bandlepipes,Legendary,0.0373,0.6,5.14,25,Imperial Mandate,Dawncore,Echoes Of Helia
CHOGATH,Control Ward,Consumable,0.1,0.5,1.75,5,Doran's Ring,Riftmaker,Cloth Armor
YUNARA,Immortal Shieldbow,Legendary,0.1098,0.8889,3.84,30,Fiendhunter Bolts,Infinity Edge,Kraken Slayer
AMBESSA,Bastionbreaker,Legendary,0.0106,1,2.71,25,Eclipse,Opportunity,Profane Hydra
LEESIN,Glowing Mote,Basic,0.0139,0,1.50,10,Eclipse,Mercury's Treads,Phage
YASUO,Statikk Shiv,Legendary,0.0078,0,0.14,20,Rapid Firecannon,,
MALPHITE,Kaenic Rookern,Legendary,0.2113,0.5333,2.42,30,Sunfire Aegis,Thornmail,Frozen Heart
MEL,Shadowflame,Legendary,0.4412,0.4667,2.82,20,Rabadon's Deathcap,Blackfire Torch,Luden's Companion
URGOT,Boots Of Swiftness,Boots,0.3529,0.5,1.50,15,Black Cleaver,Sterak's Gage,Tunneler
TRUNDLE,Executioner's Calling,Epic,0.0909,0,2.00,35,Dead Man's Plate,"Jak'sho, The Protean",Spirit Visage
LULU,Control Ward,Consumable,0.8765,0.493,3.55,15,Ionian Boots Of Lucidity,Ardent Censer,Redemption
NIDALEE,Amplifying Tome,Basic,0.1563,0.2,2.22,5,Lich Bane,Shadowflame,Ionian Boots Of Lucidity
CORKI,Maw Of Malmortius,Legendary,0.0128,0,4.14,40,Infinity Edge,Lord Dominik's Regards,The Collector
ZAAHEN,Ionian Boots Of Lucidity,Boots,0.0256,1,2.50,15,Caulfield's Warhammer,Stridebreaker,Trinity Force
ELISE,Rylai's Crystal Scepter,Legendary,0.0513,0.5,2.71,15,Bloodletter's Curse,Hextech Rocketbelt,Liandry's Torment
GAREN,Ruby Crystal,Basic,0.0811,1,2.33,10,Stridebreaker,Mortal Reminder,Berserker's Greaves
YONE,Long Sword,Basic,0.0667,0.6667,2.18,10,Blade Of The Ruined King,Berserker's Greaves,Immortal Shieldbow
JAX,Boots,Boots,0.0972,0.2857,0.79,10,Trinity Force,Sundered Sky,Aether Wisp
NOCTURNE,Opportunity,Legendary,0.0667,0,1.83,15,Axiom Arc,Edge Of Night,Profane Hydra
SMOLDER,Last Whisper,Epic,0.037,0.5,1.69,20,Essence Reaver,Spear Of Shojin,Infinity Edge
SYLAS,Cloth Armor,Basic,0.0426,0,1.21,20,Riftmaker,Amplifying Tome,Hextech Rocketbelt
JARVANIV,Ruby Crystal,Basic,0.1493,0.4,2.45,10,Sundered Sky,Mercury's Treads,Black Cleaver
AZIR,Rabadon's Deathcap,Legendary,0.6154,0.625,2.51,20,Nashor's Tooth,Rylai's Crystal Scepter,Zhonya's Hourglass
ZERI,Cloth Armor,Basic,0.0323,1,3.71,25,Fiendhunter Bolts,Hexoptics C44,Infinity Edge
KARTHUS,Rylai's Crystal Scepter,Legendary,0.0238,0,2.89,20,Blackfire Torch,Liandry's Torment,
YORICK,Boots,Boots,0.1667,1,2.08,10,Spear Of Shojin,Trinity Force,
MONKEYKING,Mortal Reminder,Legendary,0.0769,0.5,2.48,25,Essence Reaver,Ravenous Hydra,Serpent's Fang
DARIUS,Chain Vest,Epic,0.0976,0.5,3.06,25,Sterak's Gage,Stridebreaker,Winged Moonplate
ZAAHEN,Black Cleaver,Legendary,0.1026,0.5,3.41,10,Trinity Force,Death's Dance,Spear Of Shojin
ZYRA,Refillable Potion,Consumable,0.0526,1,3.33,10,Control Ward,Liandry's Torment,Sorcerer's Shoes
RYZE,Zhonya's Hourglass,Legendary,0.1348,0.5,2.87,30,Rod Of Ages,Actualizer,Rabadon's Deathcap
SETT,Stealth Ward,Trinket,0.3333,0.1667,1.22,5,Stridebreaker,Black Cleaver,Boots
SENNA,Kraken Slayer,Legendary,0.0476,0,1.18,15,Black Cleaver,,
NIDALEE,Null-Magic Mantle,Basic,0.0313,1,0.75,40,Hextech Gunblade,Negatron Cloak,Plated Steelcaps
YASUO,Plated Steelcaps,Boots,0.0156,1,2.25,10,Blade Of The Ruined King,Executioner's Calling,Immortal Shieldbow
RAKAN,Oblivion Orb,Epic,0.0238,1,9.00,15,Bandlepipes,Kindlegem,Zeke's Convergence
BLITZCRANK,Lost Chapter,Epic,0.0333,1,2.33,10,Dead Man's Plate,Fiendish Codex,
BLITZCRANK,Celestial Opposition,Legendary,0.0333,1,7.33,15,Bandlepipes,Locket Of The Iron Solari,
PYKE,Stealth Ward,Trinket,0.02,0,2.50,5,Long Sword,Pickaxe,Serrated Dirk
IRELIA,Executioner's Calling,Epic,0.05,0,1.18,5,Blade Of The Ruined King,Hullbreaker,Caulfield's Warhammer
HECARIM,Control Ward,Consumable,0.1053,0,2.00,30,Death's Dance,Endless Hunger,Ionian Boots Of Lucidity
FIZZ,Luden's Companion,Legendary,0.0526,1,2.33,10,Lich Bane,Zhonya's Hourglass,
IVERN,Glowing Mote,Basic,0.087,0,1.00,5,Amplifying Tome,Ionian Boots Of Lucidity,Moonstone Renewer
KENNEN,Fated Ashes,Epic,0.0286,0,0.63,15,Hextech Rocketbelt,Shadowflame,
LEBLANC,Sorcerer's Shoes,Boots,0.4722,0.5294,3.88,15,Luden's Companion,Shadowflame,Stormsurge
LILLIA,Haunting Guise,Epic,0.0714,0,2.38,10,Liandry's Torment,Randuin's Omen,Riftmaker
KASSADIN,Spirit Visage,Legendary,0.0137,1,3.20,30,Malignance,Rabadon's Deathcap,Rod Of Ages
BRIAR,Profane Hydra,Legendary,0.1111,1,1.47,10,Edge Of Night,Lord Dominik's Regards,Serpent's Fang
BARD,Bandlepipes,Legendary,0.5,0.641,3.74,15,Dead Man's Plate,Locket Of The Iron Solari,Redemption
NUNU,Ionian Boots Of Lucidity,Boots,0.0345,0,1.57,15,Frozen Heart,Giant's Belt,Liandry's Torment
HWEI,Fated Ashes,Epic,0.0909,0.5,3.00,10,Blackfire Torch,Haunting Guise,Horizon Focus
RUMBLE,Liandry's Torment,Legendary,0.8,0.5417,2.21,15,Zhonya's Hourglass,Bloodletter's Curse,Shadowflame
VOLIBEAR,Dusk And Dawn,Legendary,0.8246,0.6383,2.44,15,Navori Flickerblade,Spirit Visage,Dead Man's Plate
VOLIBEAR,Hextech Gunblade,Legendary,0.0175,1,1.25,15,Axiom Arc,,
AKSHAN,Dagger,Basic,0.0784,1,3.98,15,Boots,Infinity Edge,The Collector
ASHE,Executioner's Calling,Epic,0.0417,0,1.20,25,Fiendhunter Bolts,Kraken Slayer,
CORKI,Hexdrinker,Epic,0.0256,1,2.44,30,Infinity Edge,The Collector,Essence Reaver
RENATA,Dark Seal,Starter,0.2222,0.5,2.21,10,Doran's Blade,Ionian Boots Of Lucidity,Nashor's Tooth
JAX,Rabadon's Deathcap,Legendary,0.0139,1,3.00,25,Dusk And Dawn,Nashor's Tooth,
PANTHEON,Boots Of Swiftness,Boots,0.1,0.75,4.97,15,Youmuu's Ghostblade,Serpent's Fang,Serrated Dirk
SETT,Steel Sigil,Epic,0.0556,0,4.00,40,Force Of Nature,Overlord's Bloodmail,Sterak's Gage
QIYANA,Tunneler,Epic,0.1053,0.5,2.17,25,Profane Hydra,Serylda's Grudge,Axiom Arc
AZIR,Dark Seal,Starter,0.3077,0.5,2.77,10,Nashor's Tooth,Doran's Ring,Amplifying Tome
PYKE,Caulfield's Warhammer,Epic,0.04,0.5,2.01,15,Youmuu's Ghostblade,Axiom Arc,Bastionbreaker
VELKOZ,Needlessly Large Rod,Basic,0.2941,0.6,3.49,25,Luden's Companion,Shadowflame,Blackfire Torch
SIVIR,Dagger,Basic,0.1111,0,0.99,15,Essence Reaver,Zeal,Infinity Edge
TWISTEDFATE,Doran's Blade,Starter,0.0833,0.3333,1.91,5,Banshee's Veil,Boots Of Swiftness,Cull
MALPHITE,Negatron Cloak,Epic,0.1972,0.5714,2.36,25,Frozen Heart,Sunfire Aegis,Thornmail
BRAND,Blighting Jewel,Epic,0.0357,0,2.83,25,Blackfire Torch,Liandry's Torment,Rylai's Crystal Scepter
KAYN,Kindlegem,Epic,0.0345,0,0.50,20,Voltaic Cyclosword,,
TEEMO,Malignance,Legendary,0.7143,0.6,1.74,20,Liandry's Torment,Nashor's Tooth,Bloodletter's Curse
YONE,Infinity Edge,Legendary,0.2444,0.2727,1.86,25,Blade Of The Ruined King,Immortal Shieldbow,Death's Dance
KINDRED,Negatron Cloak,Epic,0.0667,1,2.83,30,Kraken Slayer,Lord Dominik's Regards,Recurve Bow
URGOT,Mercury's Treads,Boots,0.1765,0,0.99,20,Black Cleaver,Sterak's Gage,Force Of Nature
HWEI,Refillable Potion,Consumable,0.0909,0.5,0.71,5,Blackfire Torch,Doran's Ring,Amplifying Tome
SONA,Fiendish Codex,Epic,0.1,1,3.31,25,Echoes Of Helia,Locket Of The Iron Solari,Lost Chapter
ANNIE,Doran's Ring,Starter,0.25,1,3.50,5,Blackfire Torch,Bloodletter's Curse,Dark Seal
ZAAHEN,Spirit Visage,Legendary,0.0256,0,0.89,30,Sundered Sky,Trinity Force,
MALPHITE,Stealth Ward,Trinket,0.169,0.5,1.73,5,Plated Steelcaps,Sunfire Aegis,Cloth Armor
NIDALEE,Dusk And Dawn,Legendary,0.0625,0.5,4.40,15,Mejai's Soulstealer,Rabadon's Deathcap,Zhonya's Hourglass
APHELIOS,The Collector,Legendary,0.3441,0.5313,1.94,15,Infinity Edge,Immortal Shieldbow,Lord Dominik's Regards
TWISTEDFATE,Needlessly Large Rod,Basic,0.1389,0.6,2.23,25,Rapid Firecannon,Rod Of Ages,Amplifying Tome
RUMBLE,Doran's Ring,Starter,0.6,0.6111,2.06,5,Liandry's Torment,Plated Steelcaps,Bloodletter's Curse
GRAVES,Serrated Dirk,Epic,0.1429,0.3333,2.17,5,Youmuu's Ghostblade,Black Cleaver,Executioner's Calling
LEBLANC,Oracle Lens,Trinket,0.8056,0.6207,4.42,10,Luden's Companion,Sorcerer's Shoes,Dark Seal
KSANTE,Knight's Vow,Legendary,0.0294,1,1.20,30,Iceborn Gauntlet,"Jak'sho, The Protean",Unending Despair
SONA,Dawncore,Legendary,0.06,0.6667,3.17,30,Moonstone Renewer,Echoes Of Helia,Dream Maker
DARIUS,Doran's Blade,Starter,0.1707,0.4286,1.90,5,Stridebreaker,Plated Steelcaps,Mercury's Treads
NEEKO,Amplifying Tome,Basic,0.3077,0.5,6.19,5,Hextech Rocketbelt,Ionian Boots Of Lucidity,Zhonya's Hourglass
TWISTEDFATE,Hextech Gunblade,Legendary,0.0278,1,2.50,10,Lich Bane,,
SHEN,Iceborn Gauntlet,Legendary,0.05,0,2.11,25,Hollow Radiance,Kaenic Rookern,Randuin's Omen
DARIUS,Stealth Ward,Trinket,0.1463,0.1667,1.36,5,Stridebreaker,Dead Man's Plate,Negatron Cloak
BRAUM,Celestial Opposition,Legendary,0.0286,0.5,2.29,15,Bandlepipes,Locket Of The Iron Solari,Thornmail
SWAIN,Spirit Visage,Legendary,0.0909,0.5,2.79,30,Rylai's Crystal Scepter,Liandry's Torment,Malignance
OLAF,Maw Of Malmortius,Legendary,0.087,1,1.73,25,Death's Dance,Experimental Hexplate,Ravenous Hydra
SWAIN,Needlessly Large Rod,Basic,0.0682,0.3333,4.39,25,Liandry's Torment,Malignance,Plated Steelcaps
TWISTEDFATE,Zhonya's Hourglass,Legendary,0.1944,0.7143,3.18,30,Lich Bane,Rod Of Ages,Rapid Firecannon
ZED,Refillable Potion,Consumable,0.0753,0.1429,1.72,5,Serrated Dirk,Voltaic Cyclosword,Ionian Boots Of Lucidity
MALZAHAR,Oblivion Orb,Epic,0.2857,1,1.47,20,Liandry's Torment,Blackfire Torch,Shadowflame
QIYANA,Hextech Gunblade,Legendary,0.0351,0.5,2.19,15,Dusk And Dawn,Mejai's Soulstealer,Stormsurge
YUUMI,Oblivion Orb,Epic,0.069,0,2.40,25,Ardent Censer,Bandleglass Mirror,Dawncore
SYLAS,Control Ward,Consumable,0.0957,0.7778,3.10,5,Hextech Rocketbelt,Zhonya's Hourglass,Ionian Boots Of Lucidity
VARUS,Infinity Edge,Legendary,0.0082,1,2.29,35,Bloodthirster,Hexoptics C44,Lord Dominik's Regards
SYLAS,Dark Seal,Starter,0.4362,0.5854,2.47,5,Hextech Rocketbelt,Riftmaker,Doran's Ring
SMOLDER,Plated Steelcaps,Boots,0.0556,0.6667,2.19,15,Essence Reaver,Infinity Edge,Lord Dominik's Regards
XAYAH,Refillable Potion,Consumable,0.125,0.5,3.60,5,Doran's Blade,B. F. Sword,Berserker's Greaves
YUUMI,Ruby Crystal,Basic,0.1034,0.3333,5.19,10,Mikael's Blessing,Bandleglass Mirror,Faerie Charm
MISSFORTUNE,Essence Reaver,Legendary,0.069,0.5,3.83,15,Bloodthirster,Lord Dominik's Regards,The Collector
GANGPLANK,Farsight Alteration,Trinket,0.2,0.6,1.05,25,Essence Reaver,Cloak Of Agility,Plated Steelcaps
SINGED,Chain Vest,Epic,0.087,0,2.42,25,Rylai's Crystal Scepter,Frozen Heart,Giant's Belt
SINGED,Rylai's Crystal Scepter,Legendary,0.6957,0.5625,2.56,15,Liandry's Torment,Protoplasm Harness,Frozen Heart
SINGED,Ruby Crystal,Basic,0.0435,0,0.57,10,Boots Of Swiftness,Rylai's Crystal Scepter,
MALZAHAR,Seeker's Armguard,Epic,0.0714,1,2.33,30,Blackfire Torch,Liandry's Torment,Rylai's Crystal Scepter
IVERN,Rabadon's Deathcap,Legendary,0.0435,0,3.71,45,Dawncore,Echoes Of Helia,Moonstone Renewer
NEEKO,Morellonomicon,Legendary,0.0256,1,2.17,25,Hextech Rocketbelt,,
SONA,Oracle Lens,Trinket,0.96,0.5625,3.52,10,Echoes Of Helia,Control Ward,Ionian Boots Of Lucidity
THRESH,Celestial Opposition,Legendary,0.0345,0,1.75,15,Bandlepipes,Knight's Vow,Locket Of The Iron Solari
ORIANNA,Cosmic Drive,Legendary,0.0278,1,1.20,25,Blackfire Torch,,
CAITLYN,Scout's Slingshot,Epic,0.03,0,1.07,10,Infinity Edge,Stormrazor,Lord Dominik's Regards
ORIANNA,Cloth Armor,Basic,0.0278,1,1.20,15,Amplifying Tome,Blackfire Torch,Cosmic Drive
LEONA,Spectre's Cowl,Epic,0.0545,0.3333,2.18,30,Protoplasm Harness,Bandlepipes,Bramble Vest
TWITCH,Last Whisper,Epic,0.1364,0.2222,1.75,30,Infinity Edge,Fiendhunter Bolts,Noonquiver
KINDRED,Kraken Slayer,Legendary,0.8,0.6667,2.96,15,The Collector,Infinity Edge,Mortal Reminder
GRAGAS,Hextech Rocketbelt,Legendary,0.5455,0.4167,2.66,20,Luden's Companion,Rod Of Ages,Lich Bane
LUX,Malignance,Legendary,0.359,0.3571,3.20,15,Stormsurge,Rabadon's Deathcap,Shadowflame
XERATH,Boots,Boots,0.0455,0,0.17,5,Luden's Companion,,
KOGMAW,Guinsoo's Rageblade,Legendary,0.5,0.5714,2.36,15,Blade Of The Ruined King,Runaan's Hurricane,Randuin's Omen
PANTHEON,Eclipse,Legendary,0.375,0.4,1.57,15,Black Cleaver,Serpent's Fang,Umbral Glaive
LISSANDRA,Oracle Lens,Trinket,0.3529,0.6667,2.25,20,Malignance,Zhonya's Hourglass,Amplifying Tome
VOLIBEAR,Oracle Lens,Trinket,0.2456,0.6429,2.62,5,Dusk And Dawn,Navori Flickerblade,Mercury's Treads
EVELYNN,Needlessly Large Rod,Basic,0.625,0.4,3.45,15,Lich Bane,Boots,Rabadon's Deathcap
YUUMI,Forbidden Idol,Epic,0.3448,0.7,3.28,10,Mikael's Blessing,Moonstone Renewer,Echoes Of Helia
NAMI,Dream Maker,Legendary,0.0149,0,2.41,15,Ardent Censer,Imperial Mandate,Moonstone Renewer
MAOKAI,Solstice Sleigh,Legendary,0.1,0,2.20,15,Locket Of The Iron Solari,Trailblazer,
EKKO,Rabadon's Deathcap,Legendary,0.57,0.5965,3.78,25,Dusk And Dawn,Shadowflame,Mejai's Soulstealer
SION,Heartsteel,Legendary,0.1026,0.25,3.49,15,Unending Despair,Spirit Visage,Sunfire Aegis
OLAF,Caulfield's Warhammer,Epic,0.0435,1,1.45,20,Death's Dance,Maw Of Malmortius,Stridebreaker
KALISTA,Null-Magic Mantle,Basic,0.1538,0.5,2.00,20,Blade Of The Ruined King,Berserker's Greaves,Guinsoo's Rageblade
KAYLE,Vampiric Scepter,Epic,0.0345,0,0.17,10,Hextech Alternator,,
KAISA,Actualizer,Legendary,0.0097,0,3.00,20,Blackfire Torch,Horizon Focus,Rabadon's Deathcap
AKALI,Void Staff,Legendary,0.0645,0.75,4.48,30,Shadowflame,Zhonya's Hourglass,Hextech Gunblade
JARVANIV,Glowing Mote,Basic,0.0299,1,8.25,10,Axiom Arc,Ionian Boots Of Lucidity,Profane Hydra
ILLAOI,Sundered Sky,Legendary,0.25,1,1.86,15,Spirit Visage,Sterak's Gage,Black Cleaver
VAYNE,Infinity Edge,Legendary,0.1408,0.7,2.12,30,Essence Reaver,Stormrazor,Fiendhunter Bolts
PANTHEON,Caulfield's Warhammer,Epic,0.025,0,2.25,10,Black Cleaver,Hexdrinker,Spear Of Shojin
BLITZCRANK,Protoplasm Harness,Legendary,0.1333,0.75,4.42,30,Bandlepipes,Locket Of The Iron Solari,Zeke's Convergence
VARUS,Refillable Potion,Consumable,0.0574,0.4286,1.51,5,Doran's Blade,Dusk And Dawn,Boots Of Swiftness
ALISTAR,Spectre's Cowl,Epic,0.0172,0,6.33,30,Knight's Vow,Negatron Cloak,Zeke's Convergence
KALISTA,Chain Vest,Epic,0.0769,0,1.00,25,Blade Of The Ruined King,Guinsoo's Rageblade,Terminus
ZYRA,Cryptbloom,Legendary,0.0526,1,2.22,30,Liandry's Torment,Rylai's Crystal Scepter,Zhonya's Hourglass
LISSANDRA,Stormsurge,Legendary,0.0588,1,1.86,20,Shadowflame,,
KARTHUS,Bloodletter's Curse,Legendary,0.0238,0,2.40,20,Blackfire Torch,Rabadon's Deathcap,
CAITLYN,Rapid Firecannon,Legendary,0.25,0.68,3.59,25,Infinity Edge,The Collector,Lord Dominik's Regards
KARMA,Cosmic Drive,Legendary,0.0137,0,2.88,25,Malignance,,
ZYRA,Glowing Mote,Basic,0.0526,0,0.40,20,Boots,Liandry's Torment,Oblivion Orb
YORICK,Trinity Force,Legendary,0.8333,0.5,1.80,15,Spear Of Shojin,Spirit Visage,Black Cleaver
SETT,Hullbreaker,Legendary,0.1667,0.6667,1.19,25,Stridebreaker,Sterak's Gage,Black Cleaver
SYLAS,Mercury's Treads,Boots,0.1489,0.4286,2.13,15,Hextech Rocketbelt,Riftmaker,Zhonya's Hourglass
YUNARA,Wit's End,Legendary,0.0122,1,1.86,25,Fiendhunter Bolts,Immortal Shieldbow,Infinity Edge
YONE,Blade Of The Ruined King,Legendary,0.8889,0.375,1.69,15,Immortal Shieldbow,Infinity Edge,Lord Dominik's Regards
LEESIN,Black Cleaver,Legendary,0.2917,0.5238,4.22,20,Sundered Sky,Eclipse,Death's Dance
BRAND,Malignance,Legendary,0.0357,1,2.17,25,Cryptbloom,Liandry's Torment,Rylai's Crystal Scepter
TRUNDLE,Mortal Reminder,Legendary,0.0909,0,0.78,40,Blade Of The Ruined King,Hullbreaker,Randuin's Omen
JAX,Doran's Shield,Starter,0.0694,1,1.56,5,Plated Steelcaps,Trinity Force,Dusk And Dawn
KLED,Stealth Ward,Trinket,0.4,0.5,2.64,5,Doran's Blade,Pickaxe,Titanic Hydra
LILLIA,Morellonomicon,Legendary,0.0714,0,4.33,35,Liandry's Torment,Rabadon's Deathcap,Riftmaker
ANIVIA,Malignance,Legendary,0.1944,0.2857,2.83,15,Rod Of Ages,Zhonya's Hourglass,Cryptbloom
VARUS,Fiendish Codex,Epic,0.0246,0,0.82,20,Dusk And Dawn,Experimental Hexplate,Recurve Bow
SEJUANI,Doran's Ring,Starter,0.2143,0.6667,0.77,5,Dark Seal,Dusk And Dawn,Giant's Belt
SYLAS,Doran's Shield,Starter,0.0532,0.8,2.91,5,Riftmaker,Hextech Rocketbelt,Mercury's Treads
NEEKO,Rabadon's Deathcap,Legendary,0.0256,0,2.00,35,Hextech Rocketbelt,Void Staff,Zhonya's Hourglass
SYLAS,Seeker's Armguard,Epic,0.0426,0.75,2.59,25,Hextech Rocketbelt,Riftmaker,Rod Of Ages
BLITZCRANK,Ionian Boots Of Lucidity,Boots,0.0333,0,3.57,10,Bandlepipes,Chain Vest,Kindlegem
LILLIA,Ruby Crystal,Basic,0.1429,0.5,2.38,10,Liandry's Torment,Amplifying Tome,Chain Vest
RAKAN,Blasting Wand,Basic,0.0238,1,10.50,20,Hextech Rocketbelt,Ionian Boots Of Lucidity,Mejai's Soulstealer
SHEN,Cloth Armor,Basic,0.1,0.25,2.73,5,Titanic Hydra,Dead Man's Plate,Plated Steelcaps
OLAF,Long Sword,Basic,0.4783,0.2727,1.84,5,Stridebreaker,Boots Of Swiftness,Sundered Sky
NAMI,Glowing Mote,Basic,0.0746,0.5,1.93,10,Imperial Mandate,Ionian Boots Of Lucidity,Bandleglass Mirror
LULU,Null-Magic Mantle,Basic,0.0247,1,2.00,30,Ardent Censer,Ionian Boots Of Lucidity,Moonstone Renewer
GAREN,Long Sword,Basic,0.0541,1,2.00,5,Boots Of Swiftness,Phantom Dancer,Stridebreaker
AATROX,Sterak's Gage,Legendary,0.087,0.25,1.40,25,Sundered Sky,Voltaic Cyclosword,Endless Hunger
AURORA,Sorcerer's Shoes,Boots,0.5455,0.5833,2.83,15,Shadowflame,Luden's Companion,Rabadon's Deathcap
NOCTURNE,Caulfield's Warhammer,Epic,0.0667,0,1.40,15,Experimental Hexplate,Hexdrinker,Stridebreaker
SORAKA,Tear Of The Goddess,Starter,0.0667,1,9.75,5,Ionian Boots Of Lucidity,Amplifying Tome,Knight's Vow
ZOE,Doran's Ring,Starter,0.3636,0.5,3.36,5,Luden's Companion,Lich Bane,Dark Seal
SENNA,Executioner's Calling,Epic,0.119,0.4,2.12,15,Black Cleaver,Rapid Firecannon,Zeal
MONKEYKING,Black Cleaver,Legendary,0.3462,0.6667,4.55,25,Trinity Force,Sundered Sky,Maw Of Malmortius
LEBLANC,Luden's Companion,Legendary,0.8333,0.5,3.35,15,Shadowflame,Rabadon's Deathcap,Mejai's Soulstealer
MORDEKAISER,Kaenic Rookern,Legendary,0.0455,0,2.00,30,Experimental Hexplate,Riftmaker,
NEEKO,Hextech Rocketbelt,Legendary,0.9231,0.4444,3.84,15,Zhonya's Hourglass,Frozen Heart,Abyssal Mask
DIANA,Refillable Potion,Consumable,0.0185,0.5,1.90,5,Dark Seal,Doran's Ring,Dusk And Dawn
SEJUANI,Mercury's Treads,Boots,0.2857,0.25,1.94,10,Protoplasm Harness,Thornmail,Bandlepipes
RENATA,Kindlegem,Epic,0.1111,1,3.33,10,Echoes Of Helia,,
MORGANA,Oblivion Orb,Epic,0.0769,0,1.08,25,Blackfire Torch,Kindlegem,Zhonya's Hourglass
DRMUNDO,Stealth Ward,Trinket,0.1781,0.6154,1.56,5,Heartsteel,Doran's Shield,Boots Of Swiftness
PANTHEON,Steel Sigil,Epic,0.025,0,0.30,30,Black Cleaver,Eclipse,
TALIYAH,Oracle Lens,Trinket,0.3559,0.5714,2.87,5,Sorcerer's Shoes,Blackfire Torch,Shadowflame
YONE,Kraken Slayer,Legendary,0.0444,0,2.58,20,Immortal Shieldbow,Infinity Edge,Randuin's Omen
NOCTURNE,Doran's Blade,Starter,0.0667,1,1.13,5,Maw Of Malmortius,Phage,Pickaxe
SHEN,Bami's Cinder,Epic,0.025,0,2.20,10,Bramble Vest,Chain Vest,Heartsteel
MALPHITE,Bandlepipes,Legendary,0.0282,0.5,2.08,20,Zeke's Convergence,Experimental Hexplate,Kaenic Rookern
VARUS,Serylda's Grudge,Legendary,0.0902,0.6364,3.70,25,Youmuu's Ghostblade,Edge Of Night,Opportunity
GANGPLANK,Trinity Force,Legendary,0.04,0,1.57,10,Hubris,Mortal Reminder,The Collector
BRIAR,Glowing Mote,Basic,0.0556,0,0.80,15,Mercury's Treads,Phage,Sundered Sky
CORKI,Control Ward,Consumable,0.0513,0.75,4.02,15,Trinity Force,Plated Steelcaps,Doran's Blade
TWISTEDFATE,Dusk And Dawn,Legendary,0.0833,0.3333,2.44,20,Rod Of Ages,Banshee's Veil,Luden's Companion
ORIANNA,Blasting Wand,Basic,0.0278,1,3.33,25,Blackfire Torch,Blighting Jewel,Shadowflame
GRAVES,Boots,Boots,0.0952,1,3.05,10,Infinity Edge,The Collector,Youmuu's Ghostblade
VIEGO,Oracle Lens,Trinket,0.5133,0.3966,2.73,5,Long Sword,Noonquiver,Elixir Of Wrath
YORICK,Black Cleaver,Legendary,0.1667,0.5,2.64,15,Spear Of Shojin,Sterak's Gage,Trinity Force
FIORA,Ravenous Hydra,Legendary,1,0.6667,1.94,15,Trinity Force,Death's Dance,Spear Of Shojin
VLADIMIR,Morellonomicon,Legendary,0.0175,0,2.80,25,Hextech Rocketbelt,Rabadon's Deathcap,
RENEKTON,Hexdrinker,Epic,0.0308,0.5,1.58,10,Eclipse,Death's Dance,
RAKAN,Chain Vest,Epic,0.0238,1,4.86,30,Bandlepipes,Knight's Vow,Locket Of The Iron Solari
DARIUS,Ruby Crystal,Basic,0.2195,0.5556,0.88,10,Stridebreaker,Mercury's Treads,Pickaxe
NILAH,Cull,Starter,0.0769,0,0.00,5,Doran's Shield,The Collector,
VEIGAR,Aether Wisp,Epic,0.069,1,1.94,10,Rabadon's Deathcap,Luden's Companion,Shadowflame
TWITCH,Nashor's Tooth,Legendary,0.1061,0.5714,2.38,15,Rabadon's Deathcap,Zhonya's Hourglass,Banshee's Veil
VI,Last Whisper,Epic,0.1,1,3.20,20,Eclipse,Executioner's Calling,The Collector
TWISTEDFATE,Ruby Crystal,Basic,0.0278,1,1.00,5,Boots,Null-Magic Mantle,
YASUO,Dead Man's Plate,Legendary,0.0078,1,1.33,20,Immortal Shieldbow,Kraken Slayer,
SION,Chain Vest,Epic,0.1282,0.6,1.93,15,Hollow Radiance,Bramble Vest,Unending Despair
YASUO,Oracle Lens,Trinket,0.1172,0.6,1.65,20,Immortal Shieldbow,Blade Of The Ruined King,Berserker's Greaves
AMBESSA,Axiom Arc,Legendary,0.2021,0.6842,4.49,20,Profane Hydra,Death's Dance,Endless Hunger
VARUS,Negatron Cloak,Epic,0.041,0.6,2.51,25,Dusk And Dawn,Experimental Hexplate,Blade Of The Ruined King
ZED,Elixir Of Iron,Consumable,0.0108,0,5.50,30,Axiom Arc,Bastionbreaker,Eclipse
RENATA,Bandlepipes,Legendary,0.3333,0.6667,3.08,15,Locket Of The Iron Solari,Frozen Heart,Imperial Mandate
ELISE,Elixir Of Sorcery,Consumable,0.0256,1,4.33,30,Dark Seal,Lich Bane,Shadowflame
IVERN,Imperial Mandate,Legendary,0.0435,1,4.60,30,Dawncore,Moonstone Renewer,Redemption
KAISA,Cull,Starter,0.0971,0.3,1.24,5,Doran's Blade,Kraken Slayer,Dagger
AMUMU,Liandry's Torment,Legendary,0.375,0.3333,2.12,15,Randuin's Omen,Sunfire Aegis,Abyssal Mask
JARVANIV,Redemption,Legendary,0.0149,0,1.25,35,Guardian Angel,Maw Of Malmortius,Sundered Sky
GNAR,Plated Steelcaps,Boots,0.4,0.6,3.00,10,Trinity Force,Black Cleaver,Sterak's Gage
TRYNDAMERE,Lord Dominik's Regards,Legendary,0.1176,0,0.83,25,Phantom Dancer,Profane Hydra,Ravenous Hydra
ZYRA,Liandry's Torment,Legendary,0.9474,0.6111,2.60,15,Blackfire Torch,Shadowflame,Zhonya's Hourglass
RIVEN,Stealth Ward,Trinket,0.1351,1,2.89,5,Sundered Sky,Axiom Arc,Doran's Blade
NIDALEE,Verdant Barrier,Epic,0.0313,0,2.50,30,Lich Bane,Rabadon's Deathcap,Shadowflame
GRAVES,Stealth Ward,Trinket,0.0476,0,0.00,5,Cloak Of Agility,Cloth Armor,Pickaxe
NAMI,Amplifying Tome,Basic,0.1269,0.4118,3.27,5,Imperial Mandate,Ionian Boots Of Lucidity,Moonstone Renewer
KSANTE,"Jak'sho, The Protean",Legendary,0.4412,0.7333,2.70,25,Iceborn Gauntlet,Thornmail,Kaenic Rookern
BRAUM,Bramble Vest,Epic,0.0857,0.3333,3.44,15,Bandlepipes,Locket Of The Iron Solari,Kindlegem
KASSADIN,Warden's Mail,Epic,0.0411,0.6667,3.87,25,Rod Of Ages,Archangel's Staff,Malignance
ZILEAN,Frozen Heart,Legendary,0.0256,0,5.75,30,Cosmic Drive,,
GANGPLANK,Death's Dance,Legendary,0.04,0,3.08,35,Essence Reaver,Infinity Edge,Mortal Reminder
DIANA,Dusk And Dawn,Legendary,0.7222,0.4359,2.43,10,Riftmaker,Zhonya's Hourglass,Liandry's Torment
QUINN,Plated Steelcaps,Boots,0.125,1,1.50,25,Edge Of Night,Lord Dominik's Regards,Profane Hydra
DIANA,Spirit Visage,Legendary,0.0185,0.5,2.12,30,Riftmaker,Bloodletter's Curse,Dusk And Dawn
SWAIN,Blasting Wand,Basic,0.0227,0,0.60,10,Amplifying Tome,Blackfire Torch,Giant's Belt
CORKI,Pickaxe,Basic,0.1282,0.5,2.10,20,Essence Reaver,Trinity Force,Plated Steelcaps
BARD,"Jak'sho, The Protean",Legendary,0.0385,0.3333,4.14,25,Dead Man's Plate,Bandlepipes,Knight's Vow
QIYANA,Mercury's Treads,Boots,0.1754,0.5,2.39,20,Profane Hydra,Axiom Arc,Serylda's Grudge
VEIGAR,Amplifying Tome,Basic,0.1724,0.6,2.82,5,Rabadon's Deathcap,Rod Of Ages,Shadowflame
SWAIN,Bloodletter's Curse,Legendary,0.0227,1,6.00,25,Liandry's Torment,Malignance,Riftmaker
RYZE,Stealth Ward,Trinket,0.236,0.2857,1.23,5,Rod Of Ages,Doran's Ring,Blasting Wand
GWEN,Farsight Alteration,Trinket,0.1026,0.5,1.68,25,Dusk And Dawn,Rabadon's Deathcap,Nashor's Tooth
VARUS,Cull,Starter,0.0164,0.5,1.50,5,Dark Seal,Doran's Blade,Dusk And Dawn
TAHMKENCH,Oracle Lens,Trinket,0.6154,0.5,2.10,10,Control Ward,Heartsteel,Bandlepipes
ALISTAR,Ionian Boots Of Lucidity,Boots,0.1034,0.5,2.91,10,Kindlegem,Locket Of The Iron Solari,Zeke's Convergence
BARD,Mercury's Treads,Boots,0.141,0.4545,2.18,20,Dead Man's Plate,Bandlepipes,Locket Of The Iron Solari
MORGANA,Liandry's Torment,Legendary,0.3077,0.5,2.30,15,Blackfire Torch,Mejai's Soulstealer,Shadowflame
TAHMKENCH,Boots Of Swiftness,Boots,0.2308,0.6667,3.18,15,Heartsteel,Bandlepipes,Bramble Vest
VEX,Luden's Companion,Legendary,0.6842,0.6154,2.37,15,Shadowflame,Rabadon's Deathcap,Stormsurge
AURORA,Stormsurge,Legendary,0.1364,0.3333,3.21,15,Shadowflame,Luden's Companion,Rabadon's Deathcap
YUUMI,Faerie Charm,Basic,0.1724,0.6,2.31,5,Moonstone Renewer,Mikael's Blessing,Dawncore
THRESH,Faerie Charm,Basic,0.0517,0.3333,2.60,10,Boots Of Swiftness,Locket Of The Iron Solari,Bandlepipes
VEX,Fiendish Codex,Epic,0.0526,0,4.00,15,Blackfire Torch,Blighting Jewel,Cosmic Drive
TALON,Plated Steelcaps,Boots,0.0484,0.3333,1.60,15,Edge Of Night,Youmuu's Ghostblade,Black Cleaver
KAYN,Pickaxe,Basic,0.069,0,1.33,10,Axiom Arc,Death's Dance,Ionian Boots Of Lucidity
ORIANNA,Dark Seal,Starter,0.2778,0.6,2.28,5,Blackfire Torch,Doran's Ring,Shadowflame
LUX,Oracle Lens,Trinket,0.5128,0.4,2.47,10,Control Ward,Luden's Companion,Sorcerer's Shoes
ZAAHEN,Stealth Ward,Trinket,0.4359,0.7059,1.51,5,Trinity Force,Mercury's Treads,Sundered Sky
IRELIA,B. F. Sword,Basic,0.0333,0.5,1.25,25,Blade Of The Ruined King,Death's Dance,Plated Steelcaps
KLED,Voltaic Cyclosword,Legendary,0.1,1,6.33,25,Eclipse,Profane Hydra,
NAUTILUS,Knight's Vow,Legendary,0.25,0.5833,3.68,25,Locket Of The Iron Solari,Bandlepipes,Protoplasm Harness
XAYAH,Cull,Starter,0.0625,0,0.80,5,B. F. Sword,Doran's Blade,Navori Flickerblade
AATROX,Ruby Crystal,Basic,0.1087,0.2,2.51,10,Tunneler,Pickaxe,Plated Steelcaps
JHIN,Vampiric Scepter,Epic,0.0139,0,4.00,30,Guardian Angel,Infinity Edge,Rapid Firecannon
OLAF,Boots Of Swiftness,Boots,0.3478,0.25,1.47,15,Stridebreaker,Death's Dance,Sundered Sky
AURELIONSOL,Shadowflame,Legendary,0.0645,0.5,3.17,30,Rylai's Crystal Scepter,Banshee's Veil,Blackfire Torch
DIANA,Doran's Ring,Starter,0.0648,0.5714,3.52,5,Hextech Rocketbelt,Needlessly Large Rod,Stormsurge
KENNEN,Doran's Blade,Starter,0.2,0.2857,1.96,5,Hextech Gunblade,Needlessly Large Rod,Sorcerer's Shoes
THRESH,Refillable Potion,Consumable,0.0345,1,5.25,5,Boots Of Swiftness,Bandlepipes,Ruby Crystal
SINGED,Rabadon's Deathcap,Legendary,0.0435,0,1.88,30,Bloodletter's Curse,Liandry's Torment,Rylai's Crystal Scepter
REKSAI,Long Sword,Basic,0.3125,0.2,1.93,5,Spear Of Shojin,Titanic Hydra,Plated Steelcaps
SHYVANA,Long Sword,Basic,0.25,0,1.00,5,Mercury's Treads,Navori Flickerblade,Sundered Sky
GAREN,Spear Of Shojin,Legendary,0.1351,0.2,1.54,25,Stridebreaker,Mortal Reminder,Endless Hunger
MEL,Mejai's Soulstealer,Legendary,0.0588,1,3.29,15,Blackfire Torch,Rabadon's Deathcap,Bloodletter's Curse
MALZAHAR,Void Staff,Legendary,0.0714,0,0.89,30,Blackfire Torch,Liandry's Torment,Rylai's Crystal Scepter
IRELIA,Guardian Angel,Legendary,0.1167,0.5714,1.91,30,Blade Of The Ruined King,Hullbreaker,Death's Dance
ORIANNA,Rabadon's Deathcap,Legendary,0.2222,0.75,6.23,25,Shadowflame,Luden's Companion,Void Staff
LEBLANC,Mejai's Soulstealer,Legendary,0.2778,0.9,5.92,20,Luden's Companion,Shadowflame,Stormsurge
AURELIONSOL,Chainlaced Crushers,Other,0.0323,1,18.00,,,,
ZIGGS,Refillable Potion,Consumable,0.0645,0.5,1.25,5,Doran's Ring,Luden's Companion,Sorcerer's Shoes
BRAUM,Giant's Belt,Epic,0.0714,0.4,3.30,30,Bandlepipes,Locket Of The Iron Solari,Abyssal Mask
AKSHAN,Boots,Boots,0.098,0.6,3.51,10,Umbral Glaive,The Collector,Infinity Edge
ANIVIA,Cloth Armor,Basic,0.0556,0.5,1.69,10,Amplifying Tome,Blasting Wand,Catalyst Of Aeons
KARTHUS,Seeker's Armguard,Epic,0.119,0.6,3.77,25,Blackfire Torch,Shadowflame,Rabadon's Deathcap
GWEN,Cloth Armor,Basic,0.0128,1,7.50,10,Dusk And Dawn,Mercury's Treads,Nashor's Tooth
XINZHAO,Null-Magic Mantle,Basic,0.1,1,2.72,15,Sundered Sky,Black Cleaver,Death's Dance
APHELIOS,Berserker's Greaves,Boots,0.3763,0.5714,2.27,15,Infinity Edge,Stormrazor,Lord Dominik's Regards
YONE,Plated Steelcaps,Boots,0.0222,0,1.40,30,Blade Of The Ruined King,Death's Dance,Lord Dominik's Regards
YASUO,Recurve Bow,Epic,0.0469,0.1667,0.87,10,Blade Of The Ruined King,Negatron Cloak,Vampiric Scepter
SWAIN,Malignance,Legendary,0.4318,0.4211,2.57,15,Rylai's Crystal Scepter,Zhonya's Hourglass,Liandry's Torment
NAAFIRI,Serpent's Fang,Legendary,0.1746,0.5455,2.34,15,Profane Hydra,Serylda's Grudge,Voltaic Cyclosword
LISSANDRA,Refillable Potion,Consumable,0.1176,0.5,1.25,10,Doran's Ring,Mercury's Treads,Dark Seal
TRUNDLE,Ravenous Hydra,Legendary,0.1818,0,0.48,15,Blade Of The Ruined King,Hullbreaker,Mortal Reminder
KHAZIX,Death's Dance,Legendary,0.0149,1,2.75,30,Edge Of Night,Profane Hydra,Umbral Glaive
THRESH,Shurelya's Battlesong,Legendary,0.0172,1,3.13,30,Knight's Vow,Locket Of The Iron Solari,Redemption
KAYLE,Sheen,Epic,0.069,1,0.55,20,Nashor's Tooth,Rabadon's Deathcap,
AATROX,Plated Steelcaps,Boots,0.5435,0.36,2.06,15,Sundered Sky,Voltaic Cyclosword,Caulfield's Warhammer
KASSADIN,Manamune,Legendary,0.0137,1,4.33,15,Rod Of Ages,,
SKARNER,Dead Man's Plate,Legendary,0.5,0,2.00,20,Bandlepipes,Trinity Force,
FIDDLESTICKS,Amplifying Tome,Basic,0.2857,0.5,2.71,5,Sorcerer's Shoes,Hextech Rocketbelt,Liandry's Torment
YASUO,Boots,Boots,0.0156,0,0.17,5,Kraken Slayer,Phage,Phantom Dancer
TALIYAH,Rabadon's Deathcap,Legendary,0.2373,0.5,3.86,25,Blackfire Torch,Zhonya's Hourglass,Mejai's Soulstealer
ORNN,Chain Vest,Epic,0.1707,0.4286,2.50,10,Giant's Belt,Kaenic Rookern,Sunfire Aegis
JARVANIV,Umbral Glaive,Legendary,0.0149,0,4.50,15,,,
TRISTANA,Doran's Blade,Starter,0.7231,0.4043,1.70,5,Infinity Edge,Yun Tal Wildarrows,Navori Flickerblade
ZIGGS,Elixir Of Sorcery,Consumable,0.0323,0,3.40,30,Doran's Ring,Luden's Companion,Rabadon's Deathcap
GRAGAS,Elixir Of Sorcery,Consumable,0.0455,0,3.17,30,Banshee's Veil,Hextech Rocketbelt,Lich Bane
ZAAHEN,Cull,Starter,0.0256,0,0.17,5,Doran's Shield,Glowing Mote,Trinity Force
AKALI,Verdant Barrier,Epic,0.0323,1,4.14,20,Hextech Gunblade,Rabadon's Deathcap,Seeker's Armguard
JHIN,Stormrazor,Legendary,0.5833,0.2857,2.33,15,Infinity Edge,Rapid Firecannon,Lord Dominik's Regards
LULU,Oblivion Orb,Epic,0.037,0.3333,1.96,20,Kindlegem,Mikael's Blessing,Ardent Censer
NAUTILUS,Protoplasm Harness,Legendary,0.1771,0.7059,3.72,25,Bandlepipes,Locket Of The Iron Solari,Knight's Vow
GRAGAS,Seeker's Armguard,Epic,0.1818,0.25,1.95,30,Shadowflame,Stormsurge,Cosmic Drive
KATARINA,Hearthbound Axe,Epic,0.0179,1,2.17,10,Blade Of The Ruined King,Kraken Slayer,Recurve Bow
ASHE,Axiom Arc,Legendary,0.0417,1,1.78,25,Hubris,Mortal Reminder,
KLED,Ruby Crystal,Basic,0.2,0.5,4.77,15,Plated Steelcaps,Titanic Hydra,Black Cleaver
BLITZCRANK,Cloth Armor,Basic,0.2,0.3333,1.93,10,Boots Of Swiftness,Kindlegem,Zeke's Convergence
SYLAS,Lich Bane,Legendary,0.0319,0.6667,3.67,10,Hextech Rocketbelt,Mejai's Soulstealer,Rabadon's Deathcap
MAOKAI,Ionian Boots Of Lucidity,Boots,0.3,0.6667,1.54,5,Locket Of The Iron Solari,Zeke's Convergence,Bandlepipes
KAISA,Dusk And Dawn,Legendary,0.3301,0.5588,2.40,25,Guinsoo's Rageblade,Kraken Slayer,Zhonya's Hourglass
BARD,Scout's Slingshot,Epic,0.0128,1,2.38,35,Bandlepipes,Knight's Vow,Wit's End
VLADIMIR,Blasting Wand,Basic,0.0351,0,2.23,30,Hextech Rocketbelt,Blighting Jewel,Morellonomicon
CORKI,Bastionbreaker,Legendary,0.0128,1,3.71,30,Edge Of Night,Serpent's Fang,Trinity Force
RENEKTON,Sterak's Gage,Legendary,0.3077,0.5,3.04,25,Black Cleaver,Eclipse,Death's Dance
BRAUM,Solstice Sleigh,Legendary,0.0714,0.6,2.70,15,Bandlepipes,Locket Of The Iron Solari,Knight's Vow
RAKAN,Glowing Mote,Basic,0.0952,0.5,3.43,5,Ionian Boots Of Lucidity,Locket Of The Iron Solari,Zeke's Convergence
MONKEYKING,Axiom Arc,Legendary,0.0385,0,1.50,10,Death's Dance,Serylda's Grudge,Sundered Sky
BRAND,Echoes Of Helia,Legendary,0.0357,0,1.20,20,,,
URGOT,Stridebreaker,Legendary,0.0588,0,1.33,15,Black Cleaver,Sterak's Gage,
GWEN,Refillable Potion,Consumable,0.0385,0.6667,2.44,5,Doran's Ring,Nashor's Tooth,Sorcerer's Shoes
TAHMKENCH,Doran's Ring,Starter,0.1538,0.5,0.98,5,Dagger,Mercury's Treads,Dusk And Dawn
SEJUANI,Locket Of The Iron Solari,Legendary,0.0714,1,2.50,10,Kaenic Rookern,Knight's Vow,
TRISTANA,Long Sword,Basic,0.1231,0.125,0.88,5,Infinity Edge,Navori Flickerblade,Berserker's Greaves
NAUTILUS,Kindlegem,Epic,0.375,0.4167,2.78,10,Locket Of The Iron Solari,Bandlepipes,Chain Vest
NUNU,Spirit Visage,Legendary,0.3103,0.6667,3.53,20,Liandry's Torment,Randuin's Omen,Thornmail
RELL,Mercury's Treads,Boots,0.1591,0.5714,4.50,10,Locket Of The Iron Solari,Kindlegem,Zeke's Convergence
RELL,Negatron Cloak,Epic,0.0455,0.5,3.07,20,Zeke's Convergence,Locket Of The Iron Solari,Protoplasm Harness
RUMBLE,Oblivion Orb,Epic,0.2,0.5,4.02,20,Liandry's Torment,Zhonya's Hourglass,Bloodletter's Curse
YUNARA,Maw Of Malmortius,Legendary,0.0122,1,2.00,25,Fiendhunter Bolts,Infinity Edge,Kraken Slayer
MONKEYKING,Boots,Boots,0.0769,0,0.76,10,Eclipse,Essence Reaver,Executioner's Calling
RAKAN,Bandleglass Mirror,Epic,0.0476,1,2.76,10,Locket Of The Iron Solari,Redemption,Zeke's Convergence
YORICK,Executioner's Calling,Epic,0.0833,0,1.33,5,Axiom Arc,Bastionbreaker,Eclipse
YORICK,Doran's Shield,Starter,0.25,0.6667,1.98,5,Trinity Force,Mercury's Treads,Tunneler
IRELIA,Maw Of Malmortius,Legendary,0.0333,0.5,1.90,30,Blade Of The Ruined King,Endless Hunger,Guardian Angel
CHOGATH,Winged Moonplate,Epic,0.1,0.5,1.60,15,Riftmaker,Hextech Rocketbelt,
ORIANNA,Archangel's Staff,Legendary,0.0278,1,0.00,15,,,
LEBLANC,Elixir Of Wrath,Consumable,0.0278,0,8.67,30,Elixir Of Sorcery,Luden's Companion,Rabadon's Deathcap
TRYNDAMERE,Infinity Edge,Legendary,0.3529,0.8333,2.28,25,Ravenous Hydra,Essence Reaver,The Collector
RUMBLE,Dark Seal,Starter,0.1667,0.8,2.17,5,Liandry's Torment,Doran's Ring,Fiendish Codex
VELKOZ,Cryptbloom,Legendary,0.0294,0,2.82,40,Luden's Companion,Zhonya's Hourglass,
SHACO,Boots Of Swiftness,Boots,0.2,0.6,3.39,20,Profane Hydra,Umbral Glaive,Serrated Dirk
ZIGGS,Blackfire Torch,Legendary,0.1613,0.6,2.06,15,Shadowflame,Liandry's Torment,Rabadon's Deathcap
LEBLANC,Cryptbloom,Legendary,0.0278,1,5.00,20,Banshee's Veil,Luden's Companion,Mejai's Soulstealer
GALIO,Warden's Mail,Epic,0.06,0.6667,4.16,20,Hextech Rocketbelt,Bramble Vest,Giant's Belt
NASUS,Doran's Ring,Starter,0.0833,0.5,2.56,5,Spear Of Shojin,Trinity Force,Ruby Crystal
SERAPHINE,Echoes Of Helia,Legendary,0.7188,0.6522,3.43,20,Blackfire Torch,Moonstone Renewer,Dawncore
JAYCE,Scorchclaw Pup,Starter,0.0247,0,0.81,5,Serrated Dirk,Boots,Cloth Armor
RENATA,Doran's Blade,Starter,0.1111,0,0.93,5,Dark Seal,Nashor's Tooth,Rabadon's Deathcap
ZYRA,Banshee's Veil,Legendary,0.0526,1,6.00,25,Liandry's Torment,Zhonya's Hourglass,
NASUS,Mercury's Treads,Boots,0.0417,1,1.75,5,Frozen Heart,Kindlegem,Spectre's Cowl
LEONA,"Jak'sho, The Protean",Legendary,0.0182,0,2.33,30,Bandlepipes,Locket Of The Iron Solari,
BRAUM,Negatron Cloak,Epic,0.0571,0.75,2.59,20,Bandlepipes,Locket Of The Iron Solari,Solstice Sleigh
VARUS,Sorcerer's Shoes,Boots,0.082,0.5,1.90,15,Dusk And Dawn,Nashor's Tooth,Shadowflame
AKSHAN,Mercury's Treads,Boots,0.1569,0.5,2.94,20,The Collector,Statikk Shiv,Infinity Edge
CAITLYN,Guardian Angel,Legendary,0.05,0.6,2.61,30,Infinity Edge,Lord Dominik's Regards,Rapid Firecannon
AATROX,Mercury's Treads,Boots,0.2826,0.6154,3.35,20,Sundered Sky,Spear Of Shojin,Death's Dance
TRYNDAMERE,Berserker's Greaves,Boots,0.6471,0.2727,1.66,15,Ravenous Hydra,Essence Reaver,Infinity Edge
SIVIR,Plated Steelcaps,Boots,0.0222,0,1.75,15,Essence Reaver,Navori Flickerblade,
CHOGATH,Haunting Guise,Epic,0.05,0,0.50,20,Chain Vest,Fiendish Codex,Hextech Rocketbelt
SERAPHINE,Doran's Ring,Starter,0.25,0.625,2.65,5,Blackfire Torch,Ionian Boots Of Lucidity,Echoes Of Helia
KOGMAW,Shadowflame,Legendary,0.0714,0,1.56,20,Dusk And Dawn,Nashor's Tooth,
AHRI,Ionian Boots Of Lucidity,Boots,0.1087,0.8,3.18,10,Blackfire Torch,Cosmic Drive,Liandry's Torment
KAISA,Refillable Potion,Consumable,0.068,0.4286,1.69,5,Kraken Slayer,Doran's Blade,Guinsoo's Rageblade
SION,Overlord's Bloodmail,Legendary,0.0256,1,2.44,30,Hollow Radiance,Thornmail,Titanic Hydra
NAUTILUS,Celestial Opposition,Legendary,0.0417,0.5,2.01,15,Bandlepipes,Locket Of The Iron Solari,Abyssal Mask
YUNARA,Hexoptics C44,Legendary,0.0122,0,1.80,30,Fiendhunter Bolts,Infinity Edge,Kraken Slayer
VOLIBEAR,Tunneler,Epic,0.0175,0,1.08,40,Dusk And Dawn,"Jak'sho, The Protean",Spirit Visage
AMUMU,Kindlegem,Epic,0.375,0.6667,2.29,15,Liandry's Torment,Protoplasm Harness,Randuin's Omen
DARIUS,Youmuu's Ghostblade,Legendary,0.0488,1,3.00,15,Dead Man's Plate,Spear Of Shojin,
LEESIN,Bandlepipes,Legendary,0.0139,1,1.40,40,Death's Dance,Ravenous Hydra,Sundered Sky
MONKEYKING,Vampiric Scepter,Epic,0.0769,0,0.96,20,Essence Reaver,Executioner's Calling,Mortal Reminder
KAYLE,Farsight Alteration,Trinket,0.4483,0.4615,1.69,15,Nashor's Tooth,Boots Of Swiftness,Rabadon's Deathcap
BARD,Liandry's Torment,Legendary,0.1026,0.25,3.30,25,Dead Man's Plate,Bandlepipes,"Jak'sho, The Protean"
JARVANIV,Steel Sigil,Epic,0.0448,0.6667,5.30,25,Axiom Arc,Profane Hydra,Caulfield's Warhammer
BELVETH,Stridebreaker,Legendary,0.381,0.625,3.05,20,Kraken Slayer,Black Cleaver,Death's Dance
JARVANIV,Null-Magic Mantle,Basic,0.0299,0,1.50,20,Black Cleaver,Boots,Eclipse
ELISE,Void Staff,Legendary,0.1538,0.3333,3.31,30,Shadowflame,Stormsurge,Rabadon's Deathcap
EZREAL,Cloak Of Agility,Basic,0.0308,0,0.65,10,Essence Reaver,Ionian Boots Of Lucidity,Glowing Mote
ZED,Youmuu's Ghostblade,Legendary,0.086,0.25,2.08,10,Voltaic Cyclosword,Serylda's Grudge,Edge Of Night
ZAC,Riftmaker,Legendary,0.1111,1,5.29,25,Cosmic Drive,Hextech Rocketbelt,Mejai's Soulstealer
SAMIRA,Cloth Armor,Basic,0.04,1,2.50,20,Long Sword,Infinity Edge,The Collector
SHACO,Mercury's Treads,Boots,0.04,0,1.44,20,Opportunity,Profane Hydra,Serrated Dirk
TWITCH,Runaan's Hurricane,Legendary,0.2727,0.5,2.38,20,Infinity Edge,Yun Tal Wildarrows,Lord Dominik's Regards
WARWICK,Boots,Boots,0.3636,0,0.79,10,Blade Of The Ruined King,Bramble Vest,Kraken Slayer
VOLIBEAR,Wit's End,Legendary,0.0175,0,2.57,30,Dusk And Dawn,Navori Flickerblade,Spirit Visage
TRISTANA,Blade Of The Ruined King,Legendary,0.0462,1,3.27,20,Infinity Edge,Yun Tal Wildarrows,Bloodthirster
BRAND,Blackfire Torch,Legendary,0.3929,0.4545,2.38,15,Rylai's Crystal Scepter,Liandry's Torment,Zhonya's Hourglass
AURORA,Farsight Alteration,Trinket,0.3636,0.75,2.67,20,Shadowflame,Doran's Ring,Luden's Companion
GANGPLANK,Stealth Ward,Trinket,0.2,0.6,1.84,5,Essence Reaver,Cloak Of Agility,The Collector
JINX,Scout's Slingshot,Epic,0.0441,0,0.68,10,Infinity Edge,Yun Tal Wildarrows,
ZOE,Sheen,Epic,0.0303,1,2.20,20,Aether Wisp,Luden's Companion,
EZREAL,Tear Of The Goddess,Starter,0.2462,0.375,1.55,5,Doran's Blade,Long Sword,Ionian Boots Of Lucidity
DARIUS,Sheen,Epic,0.0244,0,0.20,15,Phage,,
AZIR,Control Ward,Consumable,0.0769,0,2.17,10,Liandry's Torment,Nashor's Tooth,Oblivion Orb
LUCIAN,Rapid Firecannon,Legendary,0.0517,0.6667,1.61,20,Essence Reaver,Infinity Edge,Lord Dominik's Regards
ORNN,Bandlepipes,Legendary,0.0244,1,2.67,30,Knight's Vow,Unending Despair,
GRAGAS,Rod Of Ages,Legendary,0.2273,0.4,2.30,15,Hextech Rocketbelt,Zhonya's Hourglass,Cryptbloom
KAYLE,Recurve Bow,Epic,0.069,0.5,0.81,10,Dusk And Dawn,,
RAMMUS,Giant's Belt,Epic,0.3,0,3.02,25,Thornmail,Bami's Cinder,Kaenic Rookern
URGOT,Oracle Lens,Trinket,0.1176,0.5,1.41,20,Black Cleaver,Plated Steelcaps,Bramble Vest
RENEKTON,Doran's Shield,Starter,0.2923,0.4737,1.40,5,Black Cleaver,Mercury's Treads,Plated Steelcaps
MILIO,Forbidden Idol,Epic,0.1633,0.625,3.02,20,Moonstone Renewer,Echoes Of Helia,Redemption
TARIC,Spectre's Cowl,Epic,0.0714,0,1.78,25,Knight's Vow,Protoplasm Harness,
GAREN,Last Whisper,Epic,0.0541,0.5,2.25,20,Phantom Dancer,Stridebreaker,Executioner's Calling
VAYNE,Chain Vest,Epic,0.0282,0,1.98,30,Experimental Hexplate,Guinsoo's Rageblade,Kraken Slayer
EKKO,Lich Bane,Legendary,0.02,0.5,2.42,15,Mejai's Soulstealer,Nashor's Tooth,Rabadon's Deathcap
TALIYAH,Oblivion Orb,Epic,0.0169,1,2.50,15,Cryptbloom,Liandry's Torment,
KASSADIN,Doran's Ring,Starter,0.0685,0.4,3.45,5,Rod Of Ages,Dark Seal,Lost Chapter
SWAIN,Zeke's Convergence,Legendary,0.0227,1,0.43,20,Malignance,,
KAISA,Stealth Ward,Trinket,0.0388,0,1.80,5,Guinsoo's Rageblade,Dagger,Doran's Blade
VI,Executioner's Calling,Epic,0.1,1,3.20,20,Eclipse,Last Whisper,The Collector
RENGAR,Death's Dance,Legendary,0.0175,1,1.45,35,Bastionbreaker,Profane Hydra,Trinity Force
MILIO,Amplifying Tome,Basic,0.1837,0.5556,4.49,10,Echoes Of Helia,Ionian Boots Of Lucidity,Faerie Charm
LEONA,Redemption,Legendary,0.0182,1,1.86,30,Bandlepipes,Locket Of The Iron Solari,
BRAUM,Cloth Armor,Basic,0.3,0.4286,2.34,10,Kindlegem,Bandlepipes,Null-Magic Mantle
FIORA,Executioner's Calling,Epic,0.0256,0,1.50,20,Eclipse,Maw Of Malmortius,Ravenous Hydra
LUX,Shadowflame,Legendary,0.1795,0.5714,3.03,20,Luden's Companion,Malignance,Stormsurge
GNAR,Farsight Alteration,Trinket,0.24,0.8333,2.31,15,Trinity Force,Mercury's Treads,Black Cleaver
SHACO,Blackfire Torch,Legendary,0.16,0,1.63,15,Liandry's Torment,Cryptbloom,Shadowflame
SION,Frozen Heart,Legendary,0.0256,1,1.71,25,Hollow Radiance,Unending Despair,
PANTHEON,Serylda's Grudge,Legendary,0.025,1,2.83,25,Edge Of Night,Profane Hydra,Serpent's Fang
VIEGO,Caulfield's Warhammer,Epic,0.0088,0,3.00,15,,,
CHOGATH,Thornmail,Legendary,0.1,0,1.65,30,Dead Man's Plate,Force Of Nature,Heartsteel
ORIANNA,Boots,Boots,0.0278,1,0.25,10,Lost Chapter,,
VAYNE,Stormrazor,Legendary,0.493,0.6571,2.45,20,Essence Reaver,Infinity Edge,Trinity Force
NILAH,Mercury's Treads,Boots,0.0769,1,1.67,20,Infinity Edge,Noonquiver,The Collector
VAYNE,Ruby Crystal,Basic,0.0282,0,1.30,25,Stormrazor,Berserker's Greaves,Essence Reaver
JHIN,Boots Of Swiftness,Boots,0.2361,0.3529,2.37,10,Infinity Edge,Stormrazor,Rapid Firecannon
WARWICK,Blade Of The Ruined King,Legendary,0.6364,0.4286,1.97,15,Stridebreaker,Death's Dance,Randuin's Omen
MASTERYI,Yun Tal Wildarrows,Legendary,0.0667,0.5,0.95,15,Infinity Edge,Immortal Shieldbow,Lord Dominik's Regards
CAITLYN,Boots Of Swiftness,Boots,0.04,0.25,1.31,15,Infinity Edge,Lord Dominik's Regards,The Collector
LEONA,Boots Of Swiftness,Boots,0.1091,0.3333,2.23,20,Bandlepipes,Locket Of The Iron Solari,Kindlegem
LUX,Cryptbloom,Legendary,0.0256,1,4.00,30,Luden's Companion,,
GNAR,Boots Of Swiftness,Boots,0.04,1,1.25,15,Black Cleaver,Giant's Belt,Trinity Force
VI,Stealth Ward,Trinket,0.1,0,0.14,5,Kindlegem,Long Sword,Phage
KAYLE,Lich Bane,Legendary,0.069,0.5,2.96,25,Nashor's Tooth,Rabadon's Deathcap,
MISSFORTUNE,Doran's Blade,Starter,0.4483,0.5385,1.90,5,The Collector,Youmuu's Ghostblade,Infinity Edge
JARVANIV,Ionian Boots Of Lucidity,Boots,0.194,0.6154,4.35,15,Profane Hydra,Axiom Arc,Serylda's Grudge
KAYLE,Pickaxe,Basic,0.0345,0,0.13,20,Boots Of Swiftness,Recurve Bow,
AATROX,Profane Hydra,Legendary,0.087,0.25,4.22,10,Sundered Sky,Voltaic Cyclosword,Death's Dance
JARVANIV,Plated Steelcaps,Boots,0.2687,0.5,3.38,15,Sundered Sky,Profane Hydra,Axiom Arc
VEIGAR,Fiendish Codex,Epic,0.1724,1,2.49,15,Shurelya's Battlesong,Lost Chapter,Luden's Companion
NAAFIRI,Long Sword,Basic,0.2857,0.4444,1.95,5,Profane Hydra,Axiom Arc,Ionian Boots Of Lucidity
AKSHAN,Executioner's Calling,Epic,0.0392,0.5,2.31,20,Last Whisper,The Collector,Serpent's Fang
CASSIOPEIA,Tear Of The Goddess,Starter,0.1154,0.3333,0.58,5,Boots,Dark Seal,Doran's Ring
SYNDRA,Needlessly Large Rod,Basic,0.2951,0.3889,1.91,20,Luden's Companion,Shadowflame,Blackfire Torch
RUMBLE,Needlessly Large Rod,Basic,0.1667,1,4.02,20,Liandry's Torment,Sorcerer's Shoes,Zhonya's Hourglass
KLED,Ionian Boots Of Lucidity,Boots,0.1,0,1.33,15,Titanic Hydra,,
YASUO,Phantom Dancer,Legendary,0.0703,0.5556,2.00,10,Stridebreaker,Infinity Edge,Bloodthirster
YUNARA,Steel Sigil,Epic,0.0122,1,7.33,25,Fiendhunter Bolts,Immortal Shieldbow,Infinity Edge
LUX,Cloth Armor,Basic,0.0256,0,2.00,10,Ionian Boots Of Lucidity,Luden's Companion,Shurelya's Battlesong
DRMUNDO,Heartsteel,Legendary,0.9315,0.5882,3.21,15,Dead Man's Plate,Spirit Visage,Warmog's Armor
YONE,Farsight Alteration,Trinket,0.5333,0.375,1.70,15,Blade Of The Ruined King,Immortal Shieldbow,Pickaxe
MORDEKAISER,Mercury's Treads,Boots,0.3636,0.375,1.77,15,Riftmaker,Dusk And Dawn,Experimental Hexplate
RELL,Spectre's Cowl,Epic,0.0227,1,3.60,30,Negatron Cloak,Protoplasm Harness,Zeke's Convergence
ZERI,Negatron Cloak,Epic,0.0323,1,2.33,30,Fiendhunter Bolts,Infinity Edge,Lord Dominik's Regards
QIYANA,Ionian Boots Of Lucidity,Boots,0.5263,0.5667,2.42,20,Profane Hydra,Serylda's Grudge,Axiom Arc
RENEKTON,Phage,Epic,0.1077,0.2857,1.22,10,Black Cleaver,Eclipse,Spear Of Shojin
LILLIA,Zhonya's Hourglass,Legendary,0.3571,0.2,3.34,30,Liandry's Torment,Riftmaker,Mejai's Soulstealer
PANTHEON,Noonquiver,Epic,0.025,0,0.40,20,Blade Of The Ruined King,Last Whisper,Youmuu's Ghostblade
SHEN,Null-Magic Mantle,Basic,0.15,0.6667,3.41,25,Plated Steelcaps,Titanic Hydra,Dead Man's Plate
THRESH,Plated Steelcaps,Boots,0.1207,0.1429,1.95,10,Bandlepipes,Kindlegem,Locket Of The Iron Solari
AZIR,Seeker's Armguard,Epic,0.1538,0.5,2.86,30,Nashor's Tooth,Rylai's Crystal Scepter,Rabadon's Deathcap
KALISTA,Zeal,Epic,0.0769,0,1.25,25,Blade Of The Ruined King,Scout's Slingshot,Yun Tal Wildarrows
RUMBLE,Mejai's Soulstealer,Legendary,0.1,1,8.17,20,Hextech Rocketbelt,Rabadon's Deathcap,Zhonya's Hourglass
JARVANIV,Caulfield's Warhammer,Epic,0.0896,0.1667,4.26,10,Profane Hydra,Axiom Arc,Serylda's Grudge
VARUS,Mercury's Treads,Boots,0.0738,0.6667,3.03,15,Dusk And Dawn,Nashor's Tooth,Riftmaker
DIANA,Glowing Mote,Basic,0.0185,0.5,3.94,5,Dusk And Dawn,Fated Ashes,Haunting Guise
EKKO,Blasting Wand,Basic,0.1,0.6,2.07,5,Sorcerer's Shoes,Dusk And Dawn,Shadowflame
TAHMKENCH,Cloth Armor,Basic,0.3077,0.25,1.15,5,Bandlepipes,Bramble Vest,Heartsteel
ALISTAR,Bramble Vest,Epic,0.1034,0.5,5.78,25,Bandlepipes,Locket Of The Iron Solari,Zeke's Convergence
HECARIM,Tunneler,Epic,0.0526,1,2.50,10,Black Cleaver,Death's Dance,Kaenic Rookern
LEESIN,The Brutalizer,Epic,0.0278,1,1.44,5,Black Cleaver,Eclipse,Hubris
ZOE,Stealth Ward,Trinket,0.0909,0.3333,0.79,5,Hextech Alternator,Luden's Companion,Horizon Focus
LULU,Locket Of The Iron Solari,Legendary,0.0494,0.75,3.91,20,Redemption,Mikael's Blessing,Moonstone Renewer
GWEN,Fiendish Codex,Epic,0.0513,0,0.44,10,Dusk And Dawn,Nashor's Tooth,Recurve Bow
TRISTANA,Runaan's Hurricane,Legendary,0.0308,1,5.61,15,Bloodthirster,Hexoptics C44,Infinity Edge
SENNA,Dagger,Basic,0.0952,0.25,6.94,20,Black Cleaver,Boots Of Swiftness,Cloak Of Agility
SENNA,Noonquiver,Epic,0.0476,0,1.52,30,Black Cleaver,Blade Of The Ruined King,Edge Of Night
AKSHAN,Boots Of Swiftness,Boots,0.098,0.2,2.40,20,The Collector,Umbral Glaive,Lord Dominik's Regards
TWITCH,Experimental Hexplate,Legendary,0.0152,0,1.54,35,Fiendhunter Bolts,Infinity Edge,Mortal Reminder
ZIGGS,Stealth Ward,Trinket,0.0645,0.5,1.65,5,Doran's Ring,Blackfire Torch,Dark Seal
IRELIA,Tunneler,Epic,0.1,0,0.88,15,Blade Of The Ruined King,Death's Dance,Executioner's Calling
ANIVIA,Catalyst Of Aeons,Epic,0.0278,0,0.71,10,,,
TRUNDLE,Giant's Belt,Epic,0.0909,1,1.63,25,Bandlepipes,Dead Man's Plate,Protoplasm Harness
QIYANA,Last Whisper,Epic,0.0877,0.8,2.03,25,Axiom Arc,Profane Hydra,Edge Of Night
FIDDLESTICKS,Abyssal Mask,Legendary,0.0714,0.5,1.42,20,Bloodletter's Curse,Liandry's Torment,Spirit Visage
KINDRED,Recurve Bow,Epic,0.0667,1,2.83,5,Kraken Slayer,Lord Dominik's Regards,Negatron Cloak
DRMUNDO,"Jak'sho, The Protean",Legendary,0.0274,0.5,1.50,20,Heartsteel,Spirit Visage,
RELL,Trailblazer,Legendary,0.0227,1,2.33,20,Abyssal Mask,,
DRAVEN,Zeal,Epic,0.0455,1,5.65,25,Infinity Edge,The Collector,Bloodthirster
VAYNE,Control Ward,Consumable,0.0141,1,3.33,5,Essence Reaver,Infinity Edge,Lord Dominik's Regards
DIANA,Frozen Heart,Legendary,0.0093,1,1.86,30,Liandry's Torment,Riftmaker,Spirit Visage
LUCIAN,Stormrazor,Legendary,0.0345,0.5,1.51,15,Infinity Edge,Bloodthirster,Essence Reaver
SEJUANI,Unending Despair,Legendary,0.1429,0,1.20,20,Heartsteel,,
GWEN,Vampiric Scepter,Epic,0.0128,1,1.38,30,Dusk And Dawn,Hextech Alternator,Riftmaker
MEL,Refillable Potion,Consumable,0.1765,0.6667,4.54,5,Doran's Ring,Shadowflame,Amplifying Tome
QUINN,Oracle Lens,Trinket,0.375,0.3333,2.71,10,Boots Of Swiftness,Doran's Blade,Lord Dominik's Regards
ZAAHEN,Long Sword,Basic,0.3077,0.75,2.23,5,Mercury's Treads,Trinity Force,Stridebreaker
FIZZ,Needlessly Large Rod,Basic,0.3684,0.8571,3.39,20,Lich Bane,Shadowflame,Sorcerer's Shoes
JANNA,Shurelya's Battlesong,Legendary,0.3125,0.55,3.70,25,Redemption,Moonstone Renewer,Mejai's Soulstealer
GNAR,Giant's Belt,Epic,0.04,1,1.25,20,Black Cleaver,Trinity Force,Warden's Mail
LEBLANC,Void Staff,Legendary,0.1111,0.5,4.63,30,Luden's Companion,Rabadon's Deathcap,Shadowflame
SENNA,Hexoptics C44,Legendary,0.0238,1,5.33,25,Black Cleaver,Rapid Firecannon,
XINZHAO,Guardian Angel,Legendary,0.05,1,4.14,40,Black Cleaver,Death's Dance,Sterak's Gage
YONE,Steel Sigil,Epic,0.0889,0,1.77,30,Blade Of The Ruined King,Immortal Shieldbow,Infinity Edge
URGOT,Null-Magic Mantle,Basic,0.0588,1,2.00,15,Black Cleaver,Giant's Belt,Plated Steelcaps
VLADIMIR,Cryptbloom,Legendary,0.0175,0,2.71,25,Hextech Rocketbelt,Rabadon's Deathcap,
RENATA,Ionian Boots Of Lucidity,Boots,0.5556,1,4.92,10,Echoes Of Helia,Locket Of The Iron Solari,Redemption
BRAUM,Kindlegem,Epic,0.3429,0.4583,2.78,10,Bandlepipes,Locket Of The Iron Solari,Chain Vest
RENEKTON,Tunneler,Epic,0.2308,0.5333,2.19,20,Black Cleaver,Eclipse,Stridebreaker
XAYAH,Bloodthirster,Legendary,0.0625,1,3.38,30,Essence Reaver,Infinity Edge,Mortal Reminder
JARVANIV,Hexdrinker,Epic,0.0149,0,2.22,25,Axiom Arc,Caulfield's Warhammer,Profane Hydra
SMOLDER,Lord Dominik's Regards,Legendary,0.1852,0.6,3.95,30,Essence Reaver,Infinity Edge,Spear Of Shojin
FIDDLESTICKS,Malignance,Legendary,0.25,0.4286,1.96,15,Liandry's Torment,Shadowflame,Zhonya's Hourglass
REKSAI,Oracle Lens,Trinket,0.5938,0.3158,3.07,5,Spear Of Shojin,Titanic Hydra,Plated Steelcaps
SINGED,Refillable Potion,Consumable,0.1304,0.6667,1.10,5,Rylai's Crystal Scepter,Fated Ashes,Boots Of Swiftness
LUCIAN,Last Whisper,Epic,0.069,0.75,1.15,30,Essence Reaver,Infinity Edge,Navori Flickerblade
TALIYAH,Shadowflame,Legendary,0.2542,0.4667,2.74,20,Blackfire Torch,Luden's Companion,Rabadon's Deathcap
ASHE,Doran's Blade,Starter,0.5417,0.6154,2.89,5,Kraken Slayer,Phantom Dancer,Infinity Edge
SMOLDER,Farsight Alteration,Trinket,0.7963,0.5349,3.18,15,Essence Reaver,Doran's Blade,Spear Of Shojin
HECARIM,Guardian Angel,Legendary,0.0526,1,3.33,35,Black Cleaver,Eclipse,Maw Of Malmortius
NEEKO,Frozen Heart,Legendary,0.1795,0.5714,2.38,25,Hextech Rocketbelt,Zhonya's Hourglass,
HWEI,Doran's Ring,Starter,0.4091,0.6667,1.43,5,Blackfire Torch,Liandry's Torment,Needlessly Large Rod
KHAZIX,Rectrix,Epic,0.0149,1,2.33,15,Bastionbreaker,Serrated Dirk,Umbral Glaive
DIANA,Ruby Crystal,Basic,0.037,0,1.35,10,Dusk And Dawn,Sorcerer's Shoes,Zhonya's Hourglass
APHELIOS,Phantom Dancer,Legendary,0.1183,0.4545,2.16,20,Infinity Edge,Stormrazor,Lord Dominik's Regards
GAREN,Infinity Edge,Legendary,0.0541,0.5,1.10,25,Stridebreaker,Phantom Dancer,Spear Of Shojin
DARIUS,Plated Steelcaps,Boots,0.4146,0.3529,2.82,10,Stridebreaker,Sterak's Gage,Dead Man's Plate
GANGPLANK,Immortal Shieldbow,Legendary,0.16,0.5,2.27,20,Essence Reaver,Infinity Edge,Lord Dominik's Regards
YASUO,Stealth Ward,Trinket,0.25,0.1875,1.26,5,Blade Of The Ruined King,Immortal Shieldbow,Doran's Blade
CORKI,Serrated Dirk,Epic,0.0513,0.5,3.39,20,Essence Reaver,Edge Of Night,The Collector
QIYANA,Zhonya's Hourglass,Legendary,0.0175,1,4.00,25,Dusk And Dawn,Hextech Gunblade,Mejai's Soulstealer
VARUS,Void Staff,Legendary,0.0082,0,2.71,30,Dusk And Dawn,Nashor's Tooth,Riftmaker
THRESH,Rejuvenation Bead,Basic,0.0517,0.3333,3.67,20,Bandlepipes,Cloth Armor,Ionian Boots Of Lucidity
GWEN,Nashor's Tooth,Legendary,0.6026,0.5532,2.21,15,Dusk And Dawn,Rabadon's Deathcap,Shadowflame
THRESH,Oracle Lens,Trinket,1,0.4655,2.81,10,Control Ward,Locket Of The Iron Solari,Boots Of Swiftness
YASUO,Null-Magic Mantle,Basic,0.0391,0.6,2.40,30,Blade Of The Ruined King,Immortal Shieldbow,Death's Dance
MORDEKAISER,Dusk And Dawn,Legendary,0.4091,0.4444,2.10,15,Experimental Hexplate,Hextech Rocketbelt,Riftmaker
APHELIOS,Health Potion,Consumable,0.0108,1,3.50,5,Infinity Edge,Stormrazor,
NUNU,Needlessly Large Rod,Basic,0.1034,0.6667,4.33,15,Hextech Rocketbelt,Shadowflame,Sorcerer's Shoes
EZREAL,Phage,Epic,0.0154,0,0.00,10,Sheen,,
SWAIN,Unending Despair,Legendary,0.0227,1,2.17,20,"Jak'sho, The Protean",Protoplasm Harness,
KATARINA,Rabadon's Deathcap,Legendary,0.1786,0.4,2.68,25,Lich Bane,Shadowflame,Hextech Gunblade
SEJUANI,Dark Seal,Starter,0.1429,0.5,0.65,5,Doran's Ring,Giant's Belt,Glacial Buckler
DIANA,Fiendish Codex,Epic,0.0648,0.2857,2.05,15,Dusk And Dawn,Zhonya's Hourglass,Riftmaker
VI,Serrated Dirk,Epic,0.2,0.5,1.50,5,Youmuu's Ghostblade,Mortal Reminder,Opportunity
DIANA,Fated Ashes,Epic,0.0556,0.5,3.75,20,Dusk And Dawn,Riftmaker,Zhonya's Hourglass
DRAVEN,Infinity Edge,Legendary,0.8636,0.6316,2.53,20,The Collector,Bloodthirster,Lord Dominik's Regards
RENGAR,Umbral Glaive,Legendary,0.7018,0.675,3.22,10,Profane Hydra,Edge Of Night,Lord Dominik's Regards
SMOLDER,Infinity Edge,Legendary,0.3148,0.5294,3.70,20,Essence Reaver,Spear Of Shojin,Rapid Firecannon
CAMILLE,Doran's Blade,Starter,0.6429,0.4444,1.55,5,Trinity Force,Long Sword,Ravenous Hydra
KLED,Executioner's Calling,Epic,0.1,0,0.55,20,Titanic Hydra,Tunneler,
AKALI,Stealth Ward,Trinket,0.1774,0.2727,1.80,5,Hextech Gunblade,Shadowflame,Dark Seal
ANIVIA,Amplifying Tome,Basic,0.1389,0.4,3.85,15,Rod Of Ages,Liandry's Torment,Blighting Jewel
AMBESSA,Endless Hunger,Legendary,0.1277,0.75,3.19,25,Axiom Arc,Death's Dance,Profane Hydra
KOGMAW,Needlessly Large Rod,Basic,0.4286,0.8333,2.36,15,Dusk And Dawn,Amplifying Tome,Blackfire Torch
OLAF,Sundered Sky,Legendary,0.3913,0.4444,2.18,20,Stridebreaker,Death's Dance,Sterak's Gage
GAREN,Mercury's Treads,Boots,0.027,1,1.57,20,Phantom Dancer,Serrated Dirk,Stridebreaker
MONKEYKING,Ionian Boots Of Lucidity,Boots,0.1154,0.3333,2.07,20,Sundered Sky,Axiom Arc,Death's Dance
ZAC,Elixir Of Iron,Consumable,0.1111,1,5.36,30,Hextech Rocketbelt,Spirit Visage,Sunfire Aegis
VARUS,Banshee's Veil,Legendary,0.0246,0.3333,2.04,25,Dusk And Dawn,Nashor's Tooth,Experimental Hexplate
LEBLANC,Dark Seal,Starter,0.4444,0.3125,2.83,5,Luden's Companion,Sorcerer's Shoes,Doran's Ring
SHEN,Heartsteel,Legendary,0.05,0.5,1.89,20,Titanic Hydra,,
NOCTURNE,Null-Magic Mantle,Basic,0.0667,1,3.50,15,Black Cleaver,Kindlegem,Mercury's Treads
SHACO,Serylda's Grudge,Legendary,0.08,0,3.56,25,Profane Hydra,Edge Of Night,Opportunity
TEEMO,Sorcerer's Shoes,Boots,0.4286,0.3333,1.13,10,Hextech Gunblade,Liandry's Torment,Malignance
KHAZIX,Ionian Boots Of Lucidity,Boots,0.5821,0.4359,3.03,15,Umbral Glaive,Edge Of Night,Bastionbreaker
QUINN,Doran's Blade,Starter,0.5,0.5,2.00,5,Lord Dominik's Regards,Mercury's Treads,Profane Hydra
LUX,Elixir Of Sorcery,Consumable,0.0256,0,2.63,35,Blighting Jewel,Malignance,Rabadon's Deathcap
KASSADIN,Cloth Armor,Basic,0.0411,0.6667,2.08,5,Rod Of Ages,Malignance,Amplifying Tome
KHAZIX,Boots,Boots,0.1493,0.3,2.47,10,Umbral Glaive,Bastionbreaker,Edge Of Night
AKSHAN,Bloodsong,Legendary,0.0196,1,4.25,15,Serpent's Fang,Umbral Glaive,
JAX,Caulfield's Warhammer,Epic,0.0556,0.25,1.74,20,Dusk And Dawn,Trinity Force,Experimental Hexplate
SMOLDER,Quicksilver Sash,Epic,0.0185,0,2.00,35,Essence Reaver,Infinity Edge,Last Whisper
EKKO,Plated Steelcaps,Boots,0.02,1,4.96,15,Dusk And Dawn,Rabadon's Deathcap,Hextech Rocketbelt
BRAND,Shadowflame,Legendary,0.0714,0.5,2.46,20,Blackfire Torch,Zhonya's Hourglass,Liandry's Torment
JAYCE,Spear Of Shojin,Legendary,0.037,0.6667,2.72,20,Eclipse,Edge Of Night,Mortal Reminder
HEIMERDINGER,Amplifying Tome,Basic,0.2857,0,0.92,5,Echoes Of Helia,Luden's Companion,Mercury's Treads
FIORA,Eclipse,Legendary,0.0256,0,1.50,25,Maw Of Malmortius,Ravenous Hydra,Spear Of Shojin
RENEKTON,Endless Hunger,Legendary,0.0154,1,4.00,20,Eclipse,,
MISSFORTUNE,Ruby Crystal,Basic,0.0345,1,2.11,25,Infinity Edge,Lord Dominik's Regards,Plated Steelcaps
APHELIOS,Boots,Boots,0.0108,1,4.60,10,Immortal Shieldbow,Infinity Edge,Lord Dominik's Regards
ZILEAN,Tear Of The Goddess,Starter,0.0769,0.6667,2.73,5,Bandlepipes,Ionian Boots Of Lucidity,Blackfire Torch
PANTHEON,Farsight Alteration,Trinket,0.075,0,0.99,15,Doran's Blade,Eclipse,Long Sword
ZOE,Blackfire Torch,Legendary,0.0606,0.5,2.67,10,Horizon Focus,Cosmic Drive,Rabadon's Deathcap
RIVEN,Doran's Blade,Starter,0.4865,0.5556,2.24,5,Sundered Sky,Ionian Boots Of Lucidity,Axiom Arc
AKSHAN,The Collector,Legendary,0.7255,0.5946,2.76,20,Umbral Glaive,Infinity Edge,Serpent's Fang
PANTHEON,Phage,Epic,0.075,0.6667,2.60,20,Eclipse,Kindlegem,Sundered Sky
VEIGAR,Rabadon's Deathcap,Legendary,0.5862,0.5882,2.98,25,Rod Of Ages,Luden's Companion,Shadowflame
CHOGATH,Dead Man's Plate,Legendary,0.3,0.6667,2.23,25,Riftmaker,Hextech Rocketbelt,Force Of Nature
TRISTANA,Immortal Shieldbow,Legendary,0.0154,1,2.75,30,Infinity Edge,Lord Dominik's Regards,The Collector
AMUMU,Abyssal Mask,Legendary,0.25,1,3.95,25,Bandlepipes,Liandry's Torment,Locket Of The Iron Solari
MISSFORTUNE,B. F. Sword,Basic,0.2069,0.5,2.36,20,The Collector,Lord Dominik's Regards,Youmuu's Ghostblade
CAITLYN,Long Sword,Basic,0.13,0.3846,1.50,5,Infinity Edge,The Collector,Hexoptics C44
EZREAL,Bloodthirster,Legendary,0.0154,0,4.33,25,Endless Hunger,Essence Reaver,
KAYN,The Brutalizer,Epic,0.0345,1,1.00,15,Black Cleaver,,
YONE,Refillable Potion,Consumable,0.0222,0,0.50,5,Berserker's Greaves,Blade Of The Ruined King,Doran's Blade
TWITCH,Farsight Alteration,Trinket,0.803,0.3962,2.08,20,Infinity Edge,Doran's Blade,Fiendhunter Bolts
ANNIE,Dark Seal,Starter,0.5,1,2.43,5,Amplifying Tome,Blackfire Torch,Bloodletter's Curse
VAYNE,Fiendhunter Bolts,Legendary,0.1408,0.8,1.90,25,Essence Reaver,Stormrazor,Infinity Edge
SHACO,The Collector,Legendary,0.24,0.6667,3.52,10,Infinity Edge,Youmuu's Ghostblade,Lord Dominik's Regards
NASUS,Long Sword,Basic,0.0417,0,0.50,10,Ionian Boots Of Lucidity,Phage,Sheen
LEESIN,Opportunity,Legendary,0.0556,0.25,2.19,25,Umbral Glaive,Profane Hydra,Serylda's Grudge
YUUMI,Kindlegem,Epic,0.1379,0.25,9.36,10,Mikael's Blessing,Ardent Censer,Bandleglass Mirror
SEJUANI,Oblivion Orb,Epic,0.0714,1,1.00,10,Dusk And Dawn,,
UDYR,Endless Hunger,Legendary,0.1333,0,2.24,10,Death's Dance,Hextech Gunblade,Spirit Visage
SONA,Stealth Ward,Trinket,0.02,0,4.00,5,Bandleglass Mirror,Boots,
YORICK,Hullbreaker,Legendary,0.0833,0,1.33,15,Spear Of Shojin,Sterak's Gage,Trinity Force
YONE,Null-Magic Mantle,Basic,0.0222,1,0.67,10,Blade Of The Ruined King,Dagger,Immortal Shieldbow
JANNA,Staff Of Flowing Water,Legendary,0.0469,0.3333,2.92,20,Redemption,Moonstone Renewer,Shurelya's Battlesong
PANTHEON,Ruby Crystal,Basic,0.1,0,0.94,10,Black Cleaver,Eclipse,Glowing Mote
EKKO,Dusk And Dawn,Legendary,0.94,0.4787,3.11,15,Shadowflame,Rabadon's Deathcap,Zhonya's Hourglass
FIORA,Randuin's Omen,Legendary,0.0256,0,2.27,40,Death's Dance,Endless Hunger,Ravenous Hydra
VEIGAR,Needlessly Large Rod,Basic,0.3793,0.5455,3.09,20,Rod Of Ages,Fiendish Codex,Boots Of Swiftness
CASSIOPEIA,Oracle Lens,Trinket,0.0769,0.5,1.24,15,Doran's Ring,Rod Of Ages,Kindlegem
TRISTANA,Guardian Angel,Legendary,0.0462,0.3333,2.58,30,Infinity Edge,Navori Flickerblade,Yun Tal Wildarrows
YORICK,Spear Of Shojin,Legendary,0.6667,0.5,1.87,20,Trinity Force,Sterak's Gage,Black Cleaver
SYNDRA,Oblivion Orb,Epic,0.0164,1,0.75,25,Blackfire Torch,Luden's Companion,
ZERI,Farsight Alteration,Trinket,0.9355,0.5517,1.98,20,Yun Tal Wildarrows,Doran's Blade,Fiendhunter Bolts
NAUTILUS,Ionian Boots Of Lucidity,Boots,0.0208,0.5,2.55,10,Bandlepipes,Fiendish Codex,Forbidden Idol
TWISTEDFATE,Shurelya's Battlesong,Legendary,0.0556,0,1.33,15,Lich Bane,Rapid Firecannon,
NAAFIRI,Serrated Dirk,Epic,0.0952,0.1667,2.58,15,Axiom Arc,Profane Hydra,Voltaic Cyclosword
XINZHAO,Essence Reaver,Legendary,0.1,1,1.38,10,Eclipse,,
RENEKTON,Control Ward,Consumable,0.0615,0.5,2.09,5,Eclipse,Black Cleaver,Doran's Blade
AKALI,Cloth Armor,Basic,0.0161,0,0.78,20,Amplifying Tome,Hextech Gunblade,Shadowflame
HECARIM,Spear Of Shojin,Legendary,0.8947,0.4118,3.36,15,Death's Dance,Endless Hunger,Black Cleaver
GNAR,Force Of Nature,Legendary,0.04,1,1.50,35,Randuin's Omen,Sterak's Gage,Trinity Force
JAYCE,Oracle Lens,Trinket,0.4444,0.3611,2.96,5,Youmuu's Ghostblade,Opportunity,Ionian Boots Of Lucidity
JANNA,Boots,Boots,0.0156,0,7.00,5,Kindlegem,Moonstone Renewer,Redemption
NILAH,Null-Magic Mantle,Basic,0.0769,0,2.20,25,Boots,Infinity Edge,Lord Dominik's Regards
AATROX,Maw Of Malmortius,Legendary,0.087,0.5,1.49,25,Death's Dance,Spear Of Shojin,Endless Hunger
DRAVEN,Mercurial Scimitar,Legendary,0.0227,1,1.73,25,Bloodthirster,Infinity Edge,Lord Dominik's Regards
ZILEAN,Fiendish Codex,Epic,0.1282,0.8,6.32,20,Bandlepipes,Forbidden Idol,Blackfire Torch
FIDDLESTICKS,Haunting Guise,Epic,0.0357,1,3.50,10,Hextech Rocketbelt,Zhonya's Hourglass,
GWEN,Doran's Ring,Starter,0.2308,0.3889,1.53,5,Dusk And Dawn,Nashor's Tooth,Plated Steelcaps
RAKAN,Warden's Mail,Epic,0.0238,0,1.00,25,Bandlepipes,Glacial Buckler,
GWEN,Cryptbloom,Legendary,0.0128,0,2.57,35,Banshee's Veil,Dusk And Dawn,Rabadon's Deathcap
MEL,Blighting Jewel,Epic,0.0588,0,1.17,35,Rabadon's Deathcap,Blackfire Torch,Horizon Focus
KENNEN,Hextech Gunblade,Legendary,0.4571,0.4375,2.13,15,Shadowflame,Zhonya's Hourglass,Void Staff
VARUS,Guardian Angel,Legendary,0.0082,0,3.63,35,Blade Of The Ruined King,Guinsoo's Rageblade,"Jak'sho, The Protean"
SENNA,Zeal,Epic,0.0714,0.3333,2.28,20,Black Cleaver,Executioner's Calling,Scout's Slingshot
JAX,Hullbreaker,Legendary,0.0278,0,0.28,20,Dusk And Dawn,Nashor's Tooth,
WARWICK,Guardian Angel,Legendary,0.0909,1,4.40,30,Blade Of The Ruined King,Death's Dance,Randuin's Omen
GALIO,Spirit Visage,Legendary,0.02,0,3.00,25,Bandlepipes,,
JAYCE,B. F. Sword,Basic,0.037,1,3.48,30,Edge Of Night,Ionian Boots Of Lucidity,Opportunity
AKALI,Mejai's Soulstealer,Legendary,0.0161,1,2.57,15,Hextech Gunblade,Shadowflame,Zhonya's Hourglass
LUCIAN,B. F. Sword,Basic,0.2069,0.9167,2.58,20,Essence Reaver,Navori Flickerblade,Infinity Edge
PANTHEON,Oracle Lens,Trinket,0.45,0.5556,2.68,5,Sundered Sky,Black Cleaver,Control Ward
RENGAR,Edge Of Night,Legendary,0.4561,0.6923,3.03,25,Profane Hydra,Umbral Glaive,Lord Dominik's Regards
KENNEN,Sorcerer's Shoes,Boots,0.7714,0.4444,2.14,15,Shadowflame,Hextech Gunblade,Hextech Rocketbelt
KALISTA,Randuin's Omen,Legendary,0.0769,1,3.17,35,Blade Of The Ruined King,Guinsoo's Rageblade,Terminus
CAITLYN,Steel Sigil,Epic,0.01,1,1.43,35,Rapid Firecannon,The Collector,Yun Tal Wildarrows
NAUTILUS,Plated Steelcaps,Boots,0.5104,0.6327,2.94,10,Locket Of The Iron Solari,Bandlepipes,Kindlegem
NAUTILUS,Abyssal Mask,Legendary,0.0521,0.8,3.56,25,Bandlepipes,Locket Of The Iron Solari,Celestial Opposition
NAMI,Mikael's Blessing,Legendary,0.1119,0.5333,3.59,25,Imperial Mandate,Redemption,Ardent Censer
MISSFORTUNE,Last Whisper,Epic,0.1034,0.3333,1.07,20,The Collector,Youmuu's Ghostblade,Axiom Arc
XERATH,Dark Seal,Starter,0.4545,0.4,4.11,5,Luden's Companion,Shadowflame,Sorcerer's Shoes
YASUO,Cloth Armor,Basic,0.0234,0.6667,2.03,25,Immortal Shieldbow,Kraken Slayer,Lord Dominik's Regards
KINDRED,Control Ward,Consumable,0.0667,1,2.00,15,Berserker's Greaves,Infinity Edge,Last Whisper
ORNN,Force Of Nature,Legendary,0.0244,1,0.71,15,Hollow Radiance,"Jak'sho, The Protean",
HECARIM,Oracle Lens,Trinket,0.4211,0.125,2.43,5,Ionian Boots Of Lucidity,Spear Of Shojin,Black Cleaver
RENATA,Ruby Crystal,Basic,0.1111,1,11.00,5,Echoes Of Helia,Forbidden Idol,Ionian Boots Of Lucidity
KINDRED,Berserker's Greaves,Boots,0.3333,0.6,2.91,15,The Collector,Kraken Slayer,Serpent's Fang
ANNIE,Malignance,Legendary,0.75,1,3.67,15,Shadowflame,Zhonya's Hourglass,Banshee's Veil
MORDEKAISER,Bloodletter's Curse,Legendary,0.0455,0,0.89,20,Riftmaker,,
VAYNE,Long Sword,Basic,0.1127,0.625,1.24,5,Essence Reaver,Stormrazor,Berserker's Greaves
MONKEYKING,Null-Magic Mantle,Basic,0.0385,1,1.33,10,Eclipse,Maw Of Malmortius,Mercury's Treads
NEEKO,Banshee's Veil,Legendary,0.0513,1,9.67,25,Hextech Rocketbelt,Mejai's Soulstealer,Zaz'zak's Realmspike
HECARIM,Null-Magic Mantle,Basic,0.0526,0,2.00,30,Death's Dance,Endless Hunger,Ionian Boots Of Lucidity
BRAND,Cloth Armor,Basic,0.0357,0,2.00,20,Amplifying Tome,Boots Of Swiftness,Rylai's Crystal Scepter
MEL,Stormsurge,Legendary,0.1471,0.6,6.59,20,Rabadon's Deathcap,Shadowflame,Cosmic Drive
SONA,Ruby Crystal,Basic,0.06,0,1.68,10,Echoes Of Helia,Ionian Boots Of Lucidity,Bandleglass Mirror
LEONA,Protoplasm Harness,Legendary,0.3091,0.5294,2.15,20,Bandlepipes,Locket Of The Iron Solari,Knight's Vow
VELKOZ,Oracle Lens,Trinket,0.4706,0.375,2.43,10,Control Ward,Horizon Focus,Ionian Boots Of Lucidity
ZOE,Horizon Focus,Legendary,0.1818,0.5,2.38,20,Luden's Companion,Blackfire Torch,Shadowflame
AHRI,Hextech Alternator,Epic,0.087,0.5,2.48,20,Malignance,Blackfire Torch,Cosmic Drive
ZYRA,Blasting Wand,Basic,0.1053,0,1.33,15,Liandry's Torment,Sorcerer's Shoes,Amplifying Tome
GAREN,Steel Sigil,Epic,0.027,0,3.00,20,Caulfield's Warhammer,Dead Man's Plate,Stridebreaker
CAITLYN,Boots,Boots,0.01,0,0.43,10,Hexoptics C44,,
JINX,Infinity Edge,Legendary,0.6618,0.5111,2.35,20,Yun Tal Wildarrows,Runaan's Hurricane,Lord Dominik's Regards
APHELIOS,Plated Steelcaps,Boots,0.0108,1,1.30,10,Immortal Shieldbow,Infinity Edge,Stormrazor
QUINN,Farsight Alteration,Trinket,0.125,1,1.50,20,Edge Of Night,Lord Dominik's Regards,Plated Steelcaps
CORKI,Warden's Mail,Epic,0.0128,1,2.00,20,Trinity Force,,
JHIN,Refillable Potion,Consumable,0.0417,0.3333,1.81,5,Doran's Blade,Boots Of Swiftness,Cloak Of Agility
ORIANNA,Oblivion Orb,Epic,0.0556,1,12.83,20,Shadowflame,Blackfire Torch,Blighting Jewel
GNAR,Negatron Cloak,Epic,0.12,1,2.38,25,Black Cleaver,Trinity Force,Randuin's Omen
PYKE,Steel Sigil,Epic,0.04,0,2.39,25,Youmuu's Ghostblade,Axiom Arc,Edge Of Night
NIDALEE,Farsight Alteration,Trinket,0.0313,1,4.67,20,Dark Seal,Echoes Of Helia,Hextech Alternator
ZAAHEN,Boots,Boots,0.0769,0.6667,0.68,10,Trinity Force,Caulfield's Warhammer,Hexdrinker
KALISTA,Yun Tal Wildarrows,Legendary,0.2308,0.3333,2.67,15,Blade Of The Ruined King,Kraken Slayer,Terminus
VOLIBEAR,Giant's Belt,Epic,0.0702,0.5,2.66,15,Spirit Visage,Dusk And Dawn,Frozen Heart
YUUMI,Moonstone Renewer,Legendary,0.6207,0.6667,5.38,15,Mikael's Blessing,Dawncore,Ardent Censer
TRUNDLE,Winged Moonplate,Epic,0.1818,0.5,0.55,20,Blade Of The Ruined King,Negatron Cloak,Ravenous Hydra
ZILEAN,Aether Wisp,Epic,0.0256,0,1.88,10,Bandleglass Mirror,Bandlepipes,
TWISTEDFATE,Blighting Jewel,Epic,0.0278,0,1.60,20,Lich Bane,Rabadon's Deathcap,Rapid Firecannon
JAYCE,Ionian Boots Of Lucidity,Boots,0.5185,0.5,3.54,15,Youmuu's Ghostblade,Opportunity,Serylda's Grudge
NAAFIRI,Hubris,Legendary,0.0476,0,1.04,10,Bastionbreaker,Eclipse,Serylda's Grudge
ANIVIA,Boots,Boots,0.0833,0.3333,2.00,10,Rod Of Ages,Archangel's Staff,
LEONA,Frozen Heart,Legendary,0.0364,0,1.65,20,Locket Of The Iron Solari,Thornmail,Winter's Approach
KATARINA,Elixir Of Sorcery,Consumable,0.0179,0,1.43,40,Hextech Gunblade,Needlessly Large Rod,Rabadon's Deathcap
BLITZCRANK,Dead Man's Plate,Legendary,0.0667,1,2.67,20,Bandlepipes,,
AKALI,Hextech Alternator,Epic,0.0968,0.1667,1.22,10,Hextech Gunblade,Lich Bane,Stormsurge
VEIGAR,Hextech Alternator,Epic,0.0345,0,0.43,10,Lost Chapter,,
IVERN,Malignance,Legendary,0.3043,0.5714,4.27,15,Mejai's Soulstealer,Zhonya's Hourglass,Bloodletter's Curse
RENEKTON,Warden's Mail,Epic,0.0154,0,1.23,25,Black Cleaver,Sterak's Gage,Stridebreaker
ZAAHEN,Sundered Sky,Legendary,0.4872,0.5789,1.73,25,Trinity Force,Death's Dance,Maw Of Malmortius
KENNEN,Seeker's Armguard,Epic,0.0286,1,3.00,25,Hextech Gunblade,Shadowflame,Void Staff
SINGED,Dead Man's Plate,Legendary,0.0435,0,0.80,20,Liandry's Torment,,
VARUS,Bastionbreaker,Legendary,0.0082,1,6.00,20,Edge Of Night,Hubris,
KSANTE,Zeke's Convergence,Legendary,0.0882,1,5.44,25,"Jak'sho, The Protean",Force Of Nature,Iceborn Gauntlet
AMBESSA,Boots,Boots,0.1064,0.2,1.44,10,Profane Hydra,Eclipse,Serrated Dirk
JAX,Recurve Bow,Epic,0.0278,0,2.08,15,Negatron Cloak,Zhonya's Hourglass,Dusk And Dawn
TAHMKENCH,Bramble Vest,Epic,0.3077,0.5,1.39,10,Heartsteel,Bandlepipes,Dusk And Dawn
ELISE,Negatron Cloak,Epic,0.0256,0,1.21,40,Hextech Alternator,Stormsurge,Zhonya's Hourglass
AKSHAN,Serrated Dirk,Epic,0.098,0.2,1.18,5,Umbral Glaive,Serpent's Fang,Lord Dominik's Regards
BARD,Kaenic Rookern,Legendary,0.0256,0.5,2.82,25,Dead Man's Plate,Locket Of The Iron Solari,
RAKAN,Control Ward,Consumable,0.9762,0.561,3.38,15,Zeke's Convergence,Locket Of The Iron Solari,Ionian Boots Of Lucidity
KASSADIN,Boots Of Swiftness,Boots,0.0137,0,1.83,30,Malignance,Plated Steelcaps,Rod Of Ages
GRAGAS,Ionian Boots Of Lucidity,Boots,0.4091,0.2222,1.88,15,Hextech Rocketbelt,Rod Of Ages,Seeker's Armguard
JARVANIV,Stealth Ward,Trinket,0.0896,0.3333,2.40,5,Profane Hydra,Long Sword,Axiom Arc
LUX,Echoes Of Helia,Legendary,0.0256,1,6.00,10,Horizon Focus,,
IVERN,Oracle Lens,Trinket,0.4348,0.4,3.74,5,Ionian Boots Of Lucidity,Redemption,Moonstone Renewer
FIORA,Endless Hunger,Legendary,0.0513,0,1.97,30,Death's Dance,Ravenous Hydra,Randuin's Omen
MEL,Bloodletter's Curse,Legendary,0.0882,0.6667,3.25,25,Blackfire Torch,Cosmic Drive,Liandry's Torment
IRELIA,Wit's End,Legendary,0.35,0.381,2.07,20,Blade Of The Ruined King,Death's Dance,Hullbreaker
KASSADIN,Riftmaker,Legendary,0.0137,1,6.00,25,Rabadon's Deathcap,Rod Of Ages,
JANNA,Redemption,Legendary,0.5156,0.5455,3.45,25,Moonstone Renewer,Shurelya's Battlesong,Ardent Censer
GALIO,Redemption,Legendary,0.02,1,4.33,25,Celestial Opposition,Frozen Heart,Locket Of The Iron Solari
SYLAS,Blighting Jewel,Epic,0.0319,0.3333,2.76,25,Hextech Rocketbelt,Zhonya's Hourglass,Riftmaker
QUINN,Edge Of Night,Legendary,0.625,0.4,1.75,20,Profane Hydra,Serpent's Fang,Mortal Reminder
TWITCH,Dark Seal,Starter,0.0303,0.5,1.47,5,Doran's Ring,Nashor's Tooth,Rabadon's Deathcap
LEESIN,Boots,Boots,0.0278,0.5,0.71,15,Edge Of Night,Executioner's Calling,Opportunity
KENNEN,Stealth Ward,Trinket,0.2,0.4286,1.63,5,Needlessly Large Rod,Sorcerer's Shoes,Hextech Gunblade
MEL,Seeker's Armguard,Epic,0.0294,0,1.63,30,Rabadon's Deathcap,Shadowflame,Stormsurge
YUNARA,Last Whisper,Epic,0.061,0.8,2.86,25,Fiendhunter Bolts,Kraken Slayer,Infinity Edge
GALIO,Sapphire Crystal,Basic,0.02,0,3.00,10,Cloth Armor,Locket Of The Iron Solari,Plated Steelcaps
VAYNE,B. F. Sword,Basic,0.1408,0.6,2.40,20,Essence Reaver,Stormrazor,Berserker's Greaves
KATARINA,Dagger,Basic,0.0357,1,1.19,5,Blade Of The Ruined King,Kraken Slayer,Long Sword
GRAGAS,Refillable Potion,Consumable,0.0455,0,0.20,5,Amplifying Tome,Dark Seal,Luden's Companion
QIYANA,Axiom Arc,Legendary,0.5263,0.4667,2.30,20,Profane Hydra,Serylda's Grudge,Edge Of Night
LISSANDRA,Farsight Alteration,Trinket,0.2353,0.5,1.58,15,Malignance,Shadowflame,Doran's Ring
TRISTANA,Hexdrinker,Epic,0.0154,1,1.21,40,Bloodthirster,Hexoptics C44,Infinity Edge
SHACO,Dark Seal,Starter,0.08,0,2.43,5,Blackfire Torch,Ionian Boots Of Lucidity,Cryptbloom
VLADIMIR,Warden's Mail,Epic,0.0175,0,0.40,10,Hextech Rocketbelt,,
SINGED,Doran's Ring,Starter,0.1304,0.6667,1.87,5,Dark Seal,Fated Ashes,Boots Of Swiftness
KARTHUS,Zhonya's Hourglass,Legendary,0.2143,0.6667,2.27,30,Blackfire Torch,Rabadon's Deathcap,Shadowflame
LUX,Oblivion Orb,Epic,0.0769,0,2.01,20,Shurelya's Battlesong,Zhonya's Hourglass,Horizon Focus
SHYVANA,Navori Flickerblade,Legendary,0.5,0,1.50,20,Ravenous Hydra,Sundered Sky,Zeke's Convergence
REKSAI,Chempunk Chainsword,Legendary,0.0938,0.3333,2.93,30,Spear Of Shojin,Titanic Hydra,Black Cleaver
VIEGO,Guardian Angel,Legendary,0.0265,0.3333,3.55,30,,,
ZILEAN,Bandlepipes,Legendary,0.5385,0.4286,4.83,15,Locket Of The Iron Solari,Shurelya's Battlesong,Imperial Mandate
GALIO,Elixir Of Sorcery,Consumable,0.02,0,2.00,45,Haunting Guise,Rabadon's Deathcap,Shadowflame
RAKAN,Faerie Charm,Basic,0.0238,1,5.50,5,Glowing Mote,Mercury's Treads,Zeke's Convergence
BRAUM,Boots Of Swiftness,Boots,0.0429,0,1.33,10,Bandlepipes,Kindlegem,Bramble Vest
AATROX,Black Cleaver,Legendary,0.0217,0,4.00,20,Eclipse,,
SION,Plated Steelcaps,Boots,0.4359,0.5294,2.37,15,Unending Despair,Hollow Radiance,"Jak'sho, The Protean"
SIVIR,Zeal,Epic,0.1111,0.2,2.17,15,Infinity Edge,Essence Reaver,Yun Tal Wildarrows
KLED,Long Sword,Basic,0.1,0,1.33,5,Ionian Boots Of Lucidity,Pickaxe,Titanic Hydra
SKARNER,Trinity Force,Legendary,0.5,0,2.00,15,Bandlepipes,Dead Man's Plate,
FIDDLESTICKS,Boots Of Swiftness,Boots,0.0714,0.5,1.10,10,Bandlepipes,Liandry's Torment,Trailblazer
JAYCE,Last Whisper,Epic,0.1111,0.5556,2.51,20,Youmuu's Ghostblade,Opportunity,Edge Of Night
VOLIBEAR,Tear Of The Goddess,Starter,0.0351,0,0.42,5,Kindlegem,Chain Vest,Cloth Armor
NAMI,Null-Magic Mantle,Basic,0.0149,0.5,3.13,25,Ionian Boots Of Lucidity,Ardent Censer,Echoes Of Helia
GANGPLANK,Lord Dominik's Regards,Legendary,0.36,0.7778,2.35,25,Essence Reaver,Infinity Edge,Immortal Shieldbow
CORKI,Null-Magic Mantle,Basic,0.0128,0,1.40,10,Pickaxe,The Collector,Trinity Force
BLITZCRANK,Fiendish Codex,Epic,0.0333,1,2.33,25,Dead Man's Plate,Lost Chapter,
NIDALEE,Redemption,Legendary,0.0938,0.6667,4.11,25,Echoes Of Helia,Locket Of The Iron Solari,Moonstone Renewer
VEX,Sorcerer's Shoes,Boots,0.3684,0.8571,2.93,15,Luden's Companion,Shadowflame,Stormsurge
ZERI,Cloak Of Agility,Basic,0.129,0.25,1.25,15,Yun Tal Wildarrows,Berserker's Greaves,Runaan's Hurricane
VIEGO,Ionian Boots Of Lucidity,Boots,0.0088,0,2.50,30,Immortal Shieldbow,,
TRUNDLE,Dagger,Basic,0.0909,1,0.00,5,Long Sword,Sheen,
TRYNDAMERE,Long Sword,Basic,0.3529,0.3333,1.97,5,Berserker's Greaves,Cloak Of Agility,Ravenous Hydra
MAOKAI,Knight's Vow,Legendary,0.1,1,1.91,30,Bandlepipes,Locket Of The Iron Solari,
SWAIN,Haunting Guise,Epic,0.0909,0.5,3.51,15,Rylai's Crystal Scepter,Zhonya's Hourglass,Blackfire Torch
SHACO,Oracle Lens,Trinket,0.64,0.4375,2.41,5,Youmuu's Ghostblade,Ionian Boots Of Lucidity,The Collector
RELL,Bramble Vest,Epic,0.0682,0.6667,2.53,20,Zeke's Convergence,Bandlepipes,Chain Vest
GRAVES,Boots Of Swiftness,Boots,0.0952,0.5,2.45,20,Lord Dominik's Regards,Immortal Shieldbow,Infinity Edge
NUNU,Abyssal Mask,Legendary,0.0345,1,1.80,30,Dead Man's Plate,Liandry's Torment,
TALIYAH,Blackfire Torch,Legendary,0.4237,0.6,3.70,15,Zhonya's Hourglass,Shadowflame,Rabadon's Deathcap
NAMI,Ardent Censer,Legendary,0.097,0.5385,3.30,25,Imperial Mandate,Dream Maker,Mikael's Blessing
XAYAH,Essence Reaver,Legendary,0.5625,0.6667,3.31,15,Navori Flickerblade,Infinity Edge,Lord Dominik's Regards
SION,Stealth Ward,Trinket,0.1282,0.6,2.28,5,Hollow Radiance,Bramble Vest,Chain Vest
SION,Spirit Visage,Legendary,0.1026,0.5,2.83,35,Unending Despair,Thornmail,Heartsteel
NAAFIRI,Boots Of Swiftness,Boots,0.0159,1,2.75,20,Axiom Arc,Opportunity,Serylda's Grudge
THRESH,Zeke's Convergence,Legendary,0.1552,0.2222,1.96,25,Locket Of The Iron Solari,Protoplasm Harness,Frozen Heart
VARUS,Last Whisper,Epic,0.041,0.6,2.63,25,Edge Of Night,Youmuu's Ghostblade,Bastionbreaker
NILAH,Long Sword,Basic,0.1538,1,1.21,5,Infinity Edge,The Collector,Mercury's Treads
SHYVANA,Oracle Lens,Trinket,0.75,0.3333,1.67,5,Amplifying Tome,Control Ward,Navori Flickerblade
MEL,Luden's Companion,Legendary,0.2353,0.625,2.12,10,Shadowflame,Horizon Focus,Cosmic Drive
SERAPHINE,Stealth Ward,Trinket,0.0313,0,0.00,5,Doran's Ring,Fated Ashes,Ionian Boots Of Lucidity
JARVANIV,Mercury's Treads,Boots,0.3134,0.5238,3.41,20,Sundered Sky,Profane Hydra,Spirit Visage
XINZHAO,Hextech Gunblade,Legendary,0.05,1,8.00,30,Black Cleaver,Sundered Sky,
YONE,Pickaxe,Basic,0.2889,0.3077,1.69,10,Blade Of The Ruined King,Berserker's Greaves,Immortal Shieldbow
AHRI,Oracle Lens,Trinket,0.3913,0.5,3.18,15,Blackfire Torch,Cosmic Drive,Dark Seal
MAOKAI,Null-Magic Mantle,Basic,0.1,0,0.92,15,Ionian Boots Of Lucidity,Kindlegem,Trailblazer
TARIC,Mercury's Treads,Boots,0.2143,0.6667,2.54,10,Locket Of The Iron Solari,Zeke's Convergence,
NAAFIRI,Boots,Boots,0.0794,0,0.27,10,Eclipse,The Brutalizer,Voltaic Cyclosword
JHIN,Null-Magic Mantle,Basic,0.0139,0,5.33,30,Boots Of Swiftness,Infinity Edge,Lord Dominik's Regards
SMOLDER,Spear Of Shojin,Legendary,0.6111,0.5152,2.87,20,Essence Reaver,Rapid Firecannon,Infinity Edge
NAAFIRI,Axiom Arc,Legendary,0.3968,0.6,2.63,20,Profane Hydra,Serylda's Grudge,Voltaic Cyclosword
PANTHEON,Executioner's Calling,Epic,0.075,0.3333,2.24,20,Sundered Sky,Black Cleaver,Eclipse
VEIGAR,Zhonya's Hourglass,Legendary,0.069,0.5,1.75,30,Actualizer,Hextech Rocketbelt,Rabadon's Deathcap
YASUO,Cloak Of Agility,Basic,0.2266,0.4828,1.35,15,Immortal Shieldbow,Blade Of The Ruined King,Kraken Slayer
LEESIN,Boots Of Swiftness,Boots,0.0139,1,5.25,20,Opportunity,Profane Hydra,Serylda's Grudge
AURORA,Luden's Companion,Legendary,0.6818,0.7333,3.26,15,Shadowflame,Rabadon's Deathcap,Stormsurge
MILIO,Dream Maker,Legendary,0.0408,1,3.14,15,Moonstone Renewer,Ardent Censer,Echoes Of Helia
NOCTURNE,Bramble Vest,Epic,0.0667,1,3.33,30,Black Cleaver,Experimental Hexplate,Guardian Angel
ZAC,Haunting Guise,Epic,0.0741,0,2.86,20,Spirit Visage,Thornmail,Hollow Radiance
RENGAR,Plated Steelcaps,Boots,0.0526,0.6667,2.26,15,Profane Hydra,Edge Of Night,Youmuu's Ghostblade
GAREN,Force Of Nature,Legendary,0.0541,1,2.63,30,Mortal Reminder,Phantom Dancer,Stridebreaker
RUMBLE,Seeker's Armguard,Epic,0.1,1,4.88,25,Liandry's Torment,Bloodletter's Curse,Haunting Guise
CORKI,Elixir Of Wrath,Consumable,0.0513,1,4.39,30,Infinity Edge,The Collector,Trinity Force
JHIN,Control Ward,Consumable,0.0278,0,1.52,10,Infinity Edge,Boots Of Swiftness,Doran's Blade
KSANTE,Randuin's Omen,Legendary,0.1471,0.6,2.93,25,Iceborn Gauntlet,Kaenic Rookern,Thornmail
POPPY,Ruby Crystal,Basic,0.1579,0.6667,2.49,5,Boots Of Swiftness,Chain Vest,Winged Moonplate
EKKO,Banshee's Veil,Legendary,0.02,1,4.50,30,Dusk And Dawn,Shadowflame,Rabadon's Deathcap
ORNN,Bramble Vest,Epic,0.2439,0.6,2.25,10,Kaenic Rookern,Sunfire Aegis,Unending Despair
RUMBLE,Bloodletter's Curse,Legendary,0.2667,0.625,1.48,20,Liandry's Torment,Zhonya's Hourglass,Banshee's Veil
AZIR,Amplifying Tome,Basic,0.3077,0.25,1.49,5,Nashor's Tooth,Sorcerer's Shoes,Boots
GALIO,Hextech Rocketbelt,Legendary,0.26,0.5385,3.03,15,Riftmaker,Zhonya's Hourglass,Hollow Radiance
MASTERYI,Steel Sigil,Epic,0.1667,0.6,2.38,30,Guinsoo's Rageblade,Kraken Slayer,Experimental Hexplate
URGOT,Dead Man's Plate,Legendary,0.1176,1,1.92,30,Black Cleaver,Sterak's Gage,
AKALI,Doran's Blade,Starter,0.0161,0,3.20,5,Dark Seal,Hextech Gunblade,Mercury's Treads
RYZE,Control Ward,Consumable,0.0225,0.5,2.23,5,Actualizer,Rod Of Ages,Doran's Ring
YONE,Quicksilver Sash,Epic,0.0444,0.5,2.50,25,Blade Of The Ruined King,Immortal Shieldbow,Infinity Edge
VEIGAR,Blackfire Torch,Legendary,0.0345,0,2.17,15,Hextech Rocketbelt,Rabadon's Deathcap,Void Staff
VEIGAR,Actualizer,Legendary,0.069,1,2.94,30,Rabadon's Deathcap,Rod Of Ages,Void Staff
VI,Doran's Blade,Starter,0.1,0,2.33,5,Boots,Mortal Reminder,Opportunity
PYKE,Cloth Armor,Basic,0.04,0.5,1.63,30,Umbral Glaive,Boots Of Swiftness,Edge Of Night
AURELIONSOL,Cloth Armor,Basic,0.0323,0,0.75,5,Blackfire Torch,Boots,Rylai's Crystal Scepter
KAYN,Death's Dance,Legendary,0.1379,0.5,1.88,25,Voltaic Cyclosword,Black Cleaver,Spear Of Shojin
TRUNDLE,Randuin's Omen,Legendary,0.0909,0,0.78,35,Blade Of The Ruined King,Hullbreaker,Mortal Reminder
SETT,Endless Hunger,Legendary,0.0556,1,2.25,25,Black Cleaver,Stridebreaker,
TARIC,Bramble Vest,Epic,0.0714,0,1.64,35,Frozen Heart,Locket Of The Iron Solari,
IRELIA,Negatron Cloak,Epic,0.0667,0.25,0.86,15,Blade Of The Ruined King,Recurve Bow,Death's Dance
VIEGO,Death's Dance,Legendary,0.0088,0,1.29,25,,,
NUNU,Knight's Vow,Legendary,0.0345,1,4.25,15,Locket Of The Iron Solari,,
EKKO,Hextech Gunblade,Legendary,0.01,0,2.80,30,Dusk And Dawn,Morellonomicon,Rabadon's Deathcap
DRMUNDO,Boots Of Swiftness,Boots,0.6301,0.6739,3.73,15,Heartsteel,Dead Man's Plate,Spirit Visage
KENNEN,Needlessly Large Rod,Basic,0.4857,0.6471,2.48,15,Sorcerer's Shoes,Hextech Gunblade,Hextech Rocketbelt
VOLIBEAR,Control Ward,Consumable,0.0351,1,1.05,20,Dusk And Dawn,Navori Flickerblade,Dead Man's Plate
VIEGO,Hexdrinker,Epic,0.0088,0,3.14,20,,,
ZOE,Ionian Boots Of Lucidity,Boots,0.1212,0.5,1.52,10,Hextech Alternator,Aether Wisp,Horizon Focus
RENGAR,Hextech Alternator,Epic,0.0175,0,0.71,25,Lost Chapter,Malignance,
YONE,Doran's Shield,Starter,0.1111,0.6,2.61,5,Blade Of The Ruined King,Berserker's Greaves,Pickaxe
BRAND,Sorcerer's Shoes,Boots,0.6786,0.3684,1.74,15,Rylai's Crystal Scepter,Liandry's Torment,Blackfire Torch
NUNU,Control Ward,Consumable,0.1034,0.3333,1.86,15,Liandry's Torment,Dark Seal,Frozen Heart
NILAH,Berserker's Greaves,Boots,0.1538,0,2.54,20,Immortal Shieldbow,Infinity Edge,The Collector
ZILEAN,Echoes Of Helia,Legendary,0.0256,0,2.33,25,Blackfire Torch,Imperial Mandate,
PYKE,Serrated Dirk,Epic,0.38,0.3158,2.05,10,Youmuu's Ghostblade,Umbral Glaive,Tunneler
KSANTE,Tear Of The Goddess,Starter,0.0294,0,1.67,15,Bramble Vest,Iceborn Gauntlet,Null-Magic Mantle
DARIUS,Control Ward,Consumable,0.0488,0.5,6.59,5,Sterak's Gage,Boots Of Swiftness,Bramble Vest
MALPHITE,Locket Of The Iron Solari,Legendary,0.0141,0,1.00,35,"Jak'sho, The Protean",Knight's Vow,Sunfire Aegis
RAKAN,Knight's Vow,Legendary,0.0952,0.75,6.09,30,Zeke's Convergence,Locket Of The Iron Solari,Bandlepipes
LUX,Mikael's Blessing,Legendary,0.0256,0,1.20,15,Redemption,Shurelya's Battlesong,
AMBESSA,Last Whisper,Epic,0.0106,1,2.71,20,Bastionbreaker,Eclipse,Opportunity
JAX,Aether Wisp,Epic,0.0139,1,0.50,20,Nashor's Tooth,Sheen,
NAAFIRI,Guardian Angel,Legendary,0.0317,1,4.28,25,Edge Of Night,Opportunity,Voltaic Cyclosword
BARD,Null-Magic Mantle,Basic,0.0513,0.75,11.44,15,Dead Man's Plate,Boots Of Swiftness,Kindlegem
KAISA,Horizon Focus,Legendary,0.0194,0,3.33,25,Actualizer,Blackfire Torch,Cryptbloom
MASTERYI,Control Ward,Consumable,0.0333,0,0.50,15,Cloth Armor,Guinsoo's Rageblade,Kraken Slayer
AKSHAN,Refillable Potion,Consumable,0.0588,0.3333,2.96,5,Doran's Blade,The Collector,Umbral Glaive
KALISTA,Fiendish Codex,Epic,0.0769,0,1.00,25,Guinsoo's Rageblade,Opportunity,
SIVIR,Noonquiver,Epic,0.0667,0.3333,1.46,25,Essence Reaver,Infinity Edge,Last Whisper
KATARINA,Haunting Guise,Epic,0.0179,0,2.50,15,Fiendish Codex,Hextech Gunblade,Liandry's Torment
SMOLDER,Stealth Ward,Trinket,0.1481,0.375,1.25,5,Essence Reaver,Doran's Blade,Spear Of Shojin
KARMA,Glowing Mote,Basic,0.0822,0.3333,2.25,5,Moonstone Renewer,Ionian Boots Of Lucidity,Redemption
CHOGATH,Sunfire Aegis,Legendary,0.05,1,1.10,20,Hextech Rocketbelt,Unending Despair,
AKALI,Steel Sigil,Epic,0.0161,1,8.33,25,Hextech Gunblade,Shadowflame,Stormsurge
ZAC,Mosstomper Seedling,Starter,0.0741,0,1.25,5,Sunfire Aegis,Boots,Bramble Vest
BELVETH,Mercury's Treads,Boots,0.1429,0.6667,3.00,15,Caulfield's Warhammer,Steel Sigil,Yun Tal Wildarrows
NEEKO,Boots,Boots,0.0513,0,1.14,10,Frozen Heart,Hextech Alternator,Hextech Rocketbelt
MISSFORTUNE,Opportunity,Legendary,0.069,0.5,1.83,10,Infinity Edge,Lord Dominik's Regards,Phantom Dancer
RAMMUS,Randuin's Omen,Legendary,0.2,0,2.50,25,Thornmail,"Jak'sho, The Protean",Kaenic Rookern
JARVANIV,Maw Of Malmortius,Legendary,0.0896,0.5,3.78,30,Profane Hydra,Axiom Arc,Death's Dance
AHRI,Rabadon's Deathcap,Legendary,0.2391,0.5455,4.79,30,Blackfire Torch,Cosmic Drive,Shadowflame
ZIGGS,Shadowflame,Legendary,0.7097,0.4091,2.37,20,Luden's Companion,Rabadon's Deathcap,Horizon Focus
LEBLANC,Ionian Boots Of Lucidity,Boots,0.0556,0.5,6.00,10,Banshee's Veil,Hextech Gunblade,Rabadon's Deathcap
MALPHITE,Experimental Hexplate,Legendary,0.0141,1,2.67,25,Bandlepipes,Zeke's Convergence,
RUMBLE,Hextech Rocketbelt,Legendary,0.2333,0.8571,4.76,10,Mejai's Soulstealer,Zhonya's Hourglass,Liandry's Torment
CHOGATH,Doran's Ring,Starter,0.55,0.5455,1.43,5,Riftmaker,Hextech Rocketbelt,Ruby Crystal
RAKAN,Farsight Alteration,Trinket,0.0238,1,5.00,20,Control Ward,Locket Of The Iron Solari,Redemption
TRISTANA,Lord Dominik's Regards,Legendary,0.2769,0.6111,3.56,25,Infinity Edge,Yun Tal Wildarrows,Navori Flickerblade
HECARIM,Ionian Boots Of Lucidity,Boots,0.9474,0.3889,2.91,5,Spear Of Shojin,Black Cleaver,Death's Dance
MILIO,Glowing Mote,Basic,0.1224,0.5,3.20,10,Ionian Boots Of Lucidity,Echoes Of Helia,Amplifying Tome
MALPHITE,Oracle Lens,Trinket,0.3521,0.48,2.65,10,Plated Steelcaps,Sunfire Aegis,Frozen Heart
TALON,Profane Hydra,Legendary,0.129,0.75,2.94,15,Edge Of Night,Serylda's Grudge,Youmuu's Ghostblade
ZED,Maw Of Malmortius,Legendary,0.0323,0.6667,3.23,30,Voltaic Cyclosword,Serylda's Grudge,Axiom Arc
NAAFIRI,Last Whisper,Epic,0.1429,0.3333,1.73,25,Voltaic Cyclosword,Opportunity,Axiom Arc
CAITLYN,Dagger,Basic,0.06,0,0.78,10,Infinity Edge,The Collector,Berserker's Greaves
ILLAOI,Farsight Alteration,Trinket,0.375,0.3333,2.63,10,Spirit Visage,Iceborn Gauntlet,Spear Of Shojin
ORIANNA,Bloodletter's Curse,Legendary,0.0278,1,2.14,25,Blackfire Torch,Rabadon's Deathcap,Shadowflame
KASSADIN,Negatron Cloak,Epic,0.0274,0.5,3.70,25,Force Of Nature,Luden's Companion,Mejai's Soulstealer
LUX,Frozen Heart,Legendary,0.0256,0,5.50,30,Shadowflame,Stormsurge,Zhonya's Hourglass
AATROX,Doran's Shield,Starter,0.2391,0.6364,1.96,5,Long Sword,Mercury's Treads,Spear Of Shojin
KATARINA,Tiamat,Epic,0.0179,1,2.50,15,Blade Of The Ruined King,Death's Dance,Kraken Slayer
ELISE,Fiendish Codex,Epic,0.0256,1,2.80,25,Hextech Alternator,Stormsurge,
MILIO,Oblivion Orb,Epic,0.1224,0.6667,4.13,15,Moonstone Renewer,Echoes Of Helia,Ardent Censer
GNAR,Kaenic Rookern,Legendary,0.04,0,2.75,30,Blade Of The Ruined King,Trinity Force,
SEJUANI,Negatron Cloak,Epic,0.0714,0,1.86,25,Bandlepipes,Protoplasm Harness,Thornmail
SION,Kaenic Rookern,Legendary,0.0769,0.6667,3.06,20,Hollow Radiance,"Jak'sho, The Protean",Randuin's Omen
GWEN,Spectre's Cowl,Epic,0.0128,0,1.56,35,Dusk And Dawn,Nashor's Tooth,Rabadon's Deathcap
AKSHAN,Zeal,Epic,0.0392,1,2.61,25,Infinity Edge,Mortal Reminder,Statikk Shiv
SYNDRA,Sorcerer's Shoes,Boots,0.1967,0.5,1.84,15,Luden's Companion,Shadowflame,Rabadon's Deathcap
EZREAL,Hexoptics C44,Legendary,0.0154,0,0.60,25,Essence Reaver,Voltaic Cyclosword,
REKSAI,Heartsteel,Legendary,0.0313,1,22.00,20,Titanic Hydra,,
RUMBLE,Refillable Potion,Consumable,0.1333,0.5,1.39,10,Liandry's Torment,Bloodletter's Curse,Dark Seal
BELVETH,Death's Dance,Legendary,0.1905,0.75,2.15,20,Kraken Slayer,Black Cleaver,Bloodthirster
EZREAL,Last Whisper,Epic,0.1231,0.375,3.54,25,Spear Of Shojin,Essence Reaver,Trinity Force
GWEN,Plated Steelcaps,Boots,0.1923,0.4667,1.94,15,Dusk And Dawn,Nashor's Tooth,Riftmaker
MORGANA,Doran's Ring,Starter,0.0769,0,0.67,5,Blackfire Torch,Haunting Guise,Ionian Boots Of Lucidity
JARVANIV,Serpent's Fang,Legendary,0.0597,0.25,2.91,35,Profane Hydra,Axiom Arc,Sundered Sky
NUNU,Sorcerer's Shoes,Boots,0.069,0.5,3.23,15,Chain Vest,Hextech Rocketbelt,Liandry's Torment
GNAR,Warden's Mail,Epic,0.04,1,1.25,30,Black Cleaver,Giant's Belt,Trinity Force
AMUMU,Locket Of The Iron Solari,Legendary,0.25,0.5,2.42,20,Abyssal Mask,Bandlepipes,Zeke's Convergence
AKSHAN,Pickaxe,Basic,0.1176,0.5,1.94,5,Umbral Glaive,Berserker's Greaves,Serpent's Fang
GANGPLANK,Bramble Vest,Epic,0.04,0,0.22,5,Essence Reaver,,
HWEI,Amplifying Tome,Basic,0.1364,1,1.14,5,Blackfire Torch,Horizon Focus,Shadowflame
NAAFIRI,Pickaxe,Basic,0.0476,0.6667,2.57,5,Voltaic Cyclosword,Opportunity,Axiom Arc
APHELIOS,Control Ward,Consumable,0.043,0.75,3.79,10,Infinity Edge,Doran's Blade,Cloak Of Agility
RUMBLE,Boots Of Swiftness,Boots,0.1667,0.4,3.64,15,Liandry's Torment,Bloodletter's Curse,Fiendish Codex
JINX,Cull,Starter,0.0735,0,0.95,5,Doran's Blade,Yun Tal Wildarrows,B. F. Sword
YUUMI,Dream Maker,Legendary,0.0345,1,4.71,15,Dawncore,Echoes Of Helia,Mikael's Blessing
YUNARA,Bloodthirster,Legendary,0.0732,0.5,2.42,30,Fiendhunter Bolts,Kraken Slayer,Infinity Edge
DRMUNDO,Randuin's Omen,Legendary,0.0548,0.75,1.56,20,Heartsteel,Dead Man's Plate,Spirit Visage
JAYCE,Endless Hunger,Legendary,0.0123,0,4.83,30,Bastionbreaker,Edge Of Night,Serylda's Grudge
KARTHUS,Mejai's Soulstealer,Legendary,0.0238,1,2.18,25,Blackfire Torch,Liandry's Torment,Void Staff
KSANTE,Cloth Armor,Basic,0.3529,0.4167,2.16,5,Iceborn Gauntlet,Plated Steelcaps,Mercury's Treads
CHOGATH,Doran's Shield,Starter,0.1,0,1.42,5,Boots Of Swiftness,Cloth Armor,Force Of Nature
VIKTOR,Bloodletter's Curse,Legendary,0.0278,0,3.40,25,Liandry's Torment,Rod Of Ages,
RIVEN,Glowing Mote,Basic,0.027,1,3.67,5,Death's Dance,Eclipse,Ionian Boots Of Lucidity
LEONA,Glowing Mote,Basic,0.0182,0,1.86,5,Abyssal Mask,Locket Of The Iron Solari,Mercury's Treads
KARTHUS,Oblivion Orb,Epic,0.1429,0.3333,1.60,25,Blackfire Torch,Liandry's Torment,Rabadon's Deathcap
DARIUS,Boots,Boots,0.0244,0,0.38,5,Negatron Cloak,Stridebreaker,
HWEI,Elixir Of Sorcery,Consumable,0.0455,1,4.00,45,Blackfire Torch,Liandry's Torment,Rabadon's Deathcap
FIDDLESTICKS,Morellonomicon,Legendary,0.0357,1,8.33,25,Hextech Rocketbelt,Zhonya's Hourglass,
KAYN,Umbral Glaive,Legendary,0.069,1,1.20,10,Edge Of Night,Axiom Arc,Mortal Reminder
KALISTA,Long Sword,Basic,0.0769,1,0.73,10,Guinsoo's Rageblade,Nashor's Tooth,Wit's End
SERAPHINE,Fiendish Codex,Epic,0.0938,1,5.32,20,Echoes Of Helia,Forbidden Idol,
CASSIOPEIA,Blighting Jewel,Epic,0.0385,1,2.20,25,Rod Of Ages,Rylai's Crystal Scepter,
CASSIOPEIA,Boots Of Swiftness,Boots,0.2308,0.6667,1.60,15,Rod Of Ages,Rylai's Crystal Scepter,Fated Ashes
SHEN,Ionian Boots Of Lucidity,Boots,0.175,0.4286,4.12,20,Titanic Hydra,Kindlegem,Bramble Vest
YUUMI,Ardent Censer,Legendary,0.2414,0.5714,9.02,25,Moonstone Renewer,Mikael's Blessing,Imperial Mandate
SYLAS,Oblivion Orb,Epic,0.0213,0.5,1.56,15,Haunting Guise,Hextech Rocketbelt,Riftmaker
TEEMO,Oracle Lens,Trinket,0.1429,0,0.80,5,Dark Seal,Glowing Mote,Malignance
FIORA,Steel Sigil,Epic,0.1795,0.8571,2.15,25,Ravenous Hydra,Trinity Force,Caulfield's Warhammer
KLED,Mercury's Treads,Boots,0.2,1,3.67,20,Black Cleaver,Eclipse,Hullbreaker
DRMUNDO,Bami's Cinder,Epic,0.0137,1,1.22,35,Kaenic Rookern,Spirit Visage,Unending Despair
DRMUNDO,Warden's Mail,Epic,0.0137,1,1.00,25,Dead Man's Plate,Heartsteel,Spirit Visage
FIORA,Bloodthirster,Legendary,0.0256,1,3.80,40,Death's Dance,Ravenous Hydra,Spear Of Shojin
AMBESSA,Tunneler,Epic,0.0745,0.2857,1.55,15,Profane Hydra,Eclipse,Voltaic Cyclosword
LUX,Farsight Alteration,Trinket,0.4103,0.5,3.69,15,Stormsurge,Malignance,Needlessly Large Rod
SHACO,Boots,Boots,0.08,0.5,2.25,5,The Collector,Youmuu's Ghostblade,Infinity Edge
SAMIRA,Pickaxe,Basic,0.04,1,2.20,5,Infinity Edge,Noonquiver,The Collector
TALIYAH,Control Ward,Consumable,0.2203,0.5385,2.88,15,Blackfire Torch,Liandry's Torment,Dark Seal
VELKOZ,Tear Of The Goddess,Starter,0.0294,1,6.00,10,Horizon Focus,Ionian Boots Of Lucidity,
ZYRA,Zhonya's Hourglass,Legendary,0.2105,1,3.66,20,Liandry's Torment,Banshee's Veil,Cryptbloom
BARD,Bloodletter's Curse,Legendary,0.0128,1,1.13,25,Dead Man's Plate,,
SMOLDER,Scout's Slingshot,Epic,0.0741,0,1.27,20,Essence Reaver,Spear Of Shojin,Zeal
SYLAS,Ruby Crystal,Basic,0.0426,0,0.82,10,Hextech Rocketbelt,Mercury's Treads,Abyssal Mask
ZED,Mortal Reminder,Legendary,0.0215,0,2.37,25,Axiom Arc,Bastionbreaker,Edge Of Night
RAKAN,Aether Wisp,Epic,0.0238,0,3.20,20,Bandlepipes,Fiendish Codex,Locket Of The Iron Solari
AATROX,Oracle Lens,Trinket,0.3696,0.3529,1.60,10,Sundered Sky,Plated Steelcaps,Voltaic Cyclosword
MISSFORTUNE,Lord Dominik's Regards,Legendary,0.3448,0.8,2.51,25,The Collector,Youmuu's Ghostblade,Infinity Edge
SWAIN,Ruby Crystal,Basic,0.0455,0.5,2.63,15,Malignance,Amplifying Tome,Boots Of Swiftness
ZAC,Farsight Alteration,Trinket,0.0741,0.5,2.16,15,Dark Seal,Mercury's Treads,Spirit Visage
GWEN,Zhonya's Hourglass,Legendary,0.1154,0.3333,1.88,30,Dusk And Dawn,Nashor's Tooth,Rabadon's Deathcap
GRAVES,Mercury's Treads,Boots,0.381,0.375,2.25,30,Lord Dominik's Regards,The Collector,Youmuu's Ghostblade
JAX,Null-Magic Mantle,Basic,0.0278,0.5,1.00,10,Trinity Force,Boots,Long Sword
HECARIM,Hexdrinker,Epic,0.0526,0,2.25,25,Endless Hunger,Spear Of Shojin,Warden's Mail
NAAFIRI,Serylda's Grudge,Legendary,0.3651,0.6087,2.65,25,Axiom Arc,Profane Hydra,Voltaic Cyclosword
TRYNDAMERE,Cloak Of Agility,Basic,0.2353,0.25,1.36,20,Berserker's Greaves,Long Sword,Essence Reaver
YONE,Mercury's Treads,Boots,0.0222,0,1.38,15,Death's Dance,Lord Dominik's Regards,Phantom Dancer
TALON,Opportunity,Legendary,0.2581,0.625,3.12,25,Youmuu's Ghostblade,Umbral Glaive,Serylda's Grudge
MEL,Sorcerer's Shoes,Boots,0.2941,0.5,4.47,15,Rabadon's Deathcap,Shadowflame,Stormsurge
PANTHEON,Boots,Boots,0.2,0.25,1.28,10,Eclipse,Serpent's Fang,Youmuu's Ghostblade
NUNU,Glacial Buckler,Epic,0.0345,1,1.38,25,Bramble Vest,Liandry's Torment,Warden's Mail
GWEN,Lich Bane,Legendary,0.0641,0.4,1.06,10,Rabadon's Deathcap,Actualizer,Malignance
MORDEKAISER,Spirit Visage,Legendary,0.0455,1,4.25,30,Experimental Hexplate,Mejai's Soulstealer,Riftmaker
TALIYAH,Dark Seal,Starter,0.2542,0.4667,2.96,5,Blackfire Torch,Sorcerer's Shoes,Shadowflame
SENNA,Rapid Firecannon,Legendary,0.2619,0.4545,2.40,25,Black Cleaver,Infinity Edge,Blade Of The Ruined King
RYZE,Frozen Heart,Legendary,0.0225,0,1.74,30,Rod Of Ages,Rabadon's Deathcap,Void Staff
RELL,Plated Steelcaps,Boots,0.3636,0.375,3.59,15,Zeke's Convergence,Locket Of The Iron Solari,Kindlegem
ZIGGS,Stormsurge,Legendary,0.2258,0.5714,2.28,20,Luden's Companion,Shadowflame,Rabadon's Deathcap
TAHMKENCH,Boots,Boots,0.0769,1,0.88,5,Bramble Vest,Heartsteel,
ELISE,Ruby Crystal,Basic,0.0256,0,1.67,20,Oblivion Orb,Sorcerer's Shoes,Stormsurge
RIVEN,Plated Steelcaps,Boots,0.1622,0.3333,1.22,15,Sundered Sky,Axiom Arc,Caulfield's Warhammer
JHIN,Steel Sigil,Epic,0.0139,0,2.13,25,Immortal Shieldbow,Infinity Edge,Rapid Firecannon
PYKE,Tunneler,Epic,0.12,0.3333,2.24,20,Serrated Dirk,Umbral Glaive,Youmuu's Ghostblade
KLED,Oracle Lens,Trinket,0.4,0.75,3.61,15,Plated Steelcaps,Titanic Hydra,Hullbreaker
AURELIONSOL,Oblivion Orb,Epic,0.0968,0.3333,6.13,25,Liandry's Torment,Rylai's Crystal Scepter,Blackfire Torch
ZAC,Thornmail,Legendary,0.2593,0.1429,3.45,20,Sunfire Aegis,Randuin's Omen,Spirit Visage
CAMILLE,Tunneler,Epic,0.2143,0.6667,2.27,25,Ravenous Hydra,Trinity Force,Spear Of Shojin
AMUMU,Giant's Belt,Epic,0.125,1,3.75,20,Abyssal Mask,Liandry's Torment,Sunfire Aegis
ZED,Umbral Glaive,Legendary,0.1505,0.3571,3.41,10,Axiom Arc,Voltaic Cyclosword,Bastionbreaker
HECARIM,Serpent's Fang,Legendary,0.1053,0.5,4.56,10,Death's Dance,Endless Hunger,Spear Of Shojin
VIEGO,Elixir Of Iron,Consumable,0.0265,0.6667,6.43,35,,,
SWAIN,Elixir Of Sorcery,Consumable,0.0227,1,2.83,30,Doran's Ring,Liandry's Torment,Spectre's Cowl
DRAVEN,Lord Dominik's Regards,Legendary,0.4773,0.7143,2.48,25,Infinity Edge,The Collector,Bloodthirster
APHELIOS,Noonquiver,Epic,0.086,0.5,1.71,25,Infinity Edge,Stormrazor,The Collector
ZERI,Infinity Edge,Legendary,0.6452,0.65,2.34,25,Yun Tal Wildarrows,Fiendhunter Bolts,Lord Dominik's Regards
LUX,Fiendish Codex,Epic,0.0513,0.5,2.40,25,Luden's Companion,Stormsurge,Zhonya's Hourglass
ANIVIA,Dark Seal,Starter,0.1111,0.25,3.78,5,Rod Of Ages,Doran's Ring,Malignance
TAHMKENCH,Heartsteel,Legendary,0.7692,0.6,1.93,15,Dusk And Dawn,Bandlepipes,Hollow Radiance
DRMUNDO,Bramble Vest,Epic,0.0822,0.6667,2.10,25,Heartsteel,Spirit Visage,Warmog's Armor
RIVEN,Executioner's Calling,Epic,0.0541,1,1.89,30,Eclipse,Sundered Sky,Black Cleaver
GRAVES,Youmuu's Ghostblade,Legendary,0.5238,0.4545,2.27,15,The Collector,Lord Dominik's Regards,Infinity Edge
KHAZIX,Opportunity,Legendary,0.3731,0.44,2.67,20,Umbral Glaive,Edge Of Night,Bastionbreaker
NAMI,Tear Of The Goddess,Starter,0.0075,1,1.88,5,Forbidden Idol,Imperial Mandate,Ionian Boots Of Lucidity
AATROX,Last Whisper,Epic,0.0217,0,1.38,30,Executioner's Calling,Spear Of Shojin,Voltaic Cyclosword
MALPHITE,Warmog's Armor,Legendary,0.0141,0,2.60,35,Malignance,Sunfire Aegis,Thornmail
YUNARA,Hearthbound Axe,Epic,0.0122,0,0.00,10,Rectrix,Recurve Bow,
XINZHAO,Frozen Heart,Legendary,0.05,0,0.38,15,,,
LEBLANC,Banshee's Veil,Legendary,0.0833,1,5.73,30,Luden's Companion,Mejai's Soulstealer,Shadowflame
CORKI,Plated Steelcaps,Boots,0.5769,0.5556,2.49,15,Trinity Force,Infinity Edge,Essence Reaver
AMBESSA,Pickaxe,Basic,0.1702,0.4375,2.05,5,Eclipse,Plated Steelcaps,Spear Of Shojin
GWEN,Sorcerer's Shoes,Boots,0.2436,0.4211,1.87,20,Dusk And Dawn,Nashor's Tooth,Rabadon's Deathcap
JAX,Hextech Gunblade,Legendary,0.1528,0.3636,1.85,25,Dusk And Dawn,Nashor's Tooth,Zhonya's Hourglass
JANNA,Blasting Wand,Basic,0.0313,0.5,2.56,25,Boots Of Swiftness,Moonstone Renewer,Redemption
KAYLE,Shadowflame,Legendary,0.1379,0.5,1.59,30,Nashor's Tooth,Dusk And Dawn,Rabadon's Deathcap
SHACO,Abyssal Mask,Legendary,0.04,0,2.00,20,Liandry's Torment,,
YASUO,Stormrazor,Legendary,0.0859,0.1818,1.81,15,Infinity Edge,Death's Dance,Immortal Shieldbow
AKSHAN,Serpent's Fang,Legendary,0.3922,0.6,2.73,15,Umbral Glaive,The Collector,Lord Dominik's Regards
KASSADIN,Zhonya's Hourglass,Legendary,0.2055,0.4,4.62,25,Rod Of Ages,Malignance,Rabadon's Deathcap
BRAND,Rylai's Crystal Scepter,Legendary,0.75,0.3333,1.85,15,Liandry's Torment,Blackfire Torch,Zhonya's Hourglass
SEJUANI,Bramble Vest,Epic,0.0714,0,1.29,20,Kaenic Rookern,Sunfire Aegis,
SENNA,Kindlegem,Epic,0.0476,1,15.00,10,Echoes Of Helia,Bandleglass Mirror,
SWAIN,Farsight Alteration,Trinket,0.2955,0.5385,3.11,15,Doran's Ring,Rylai's Crystal Scepter,Liandry's Torment
TRUNDLE,Ruby Crystal,Basic,0.1818,0.5,3.17,5,Bandlepipes,Boots Of Swiftness,Bramble Vest
CHOGATH,Kaenic Rookern,Legendary,0.1,0,1.59,15,Dead Man's Plate,Force Of Nature,Heartsteel
ZILEAN,Ionian Boots Of Lucidity,Boots,0.8205,0.5,4.36,10,Bandlepipes,Shurelya's Battlesong,Kindlegem
GALIO,Chain Vest,Epic,0.06,0.3333,3.97,10,Bandlepipes,Bramble Vest,Hollow Radiance
KATARINA,Doran's Blade,Starter,0.2679,0.6667,2.20,5,Kraken Slayer,Blade Of The Ruined King,Mercury's Treads
RELL,Boots,Boots,0.0682,0.6667,2.32,5,Locket Of The Iron Solari,Bandlepipes,Kindlegem
VEIGAR,Stealth Ward,Trinket,0.1379,0.5,1.12,5,Doran's Ring,Dark Seal,Lost Chapter
FIZZ,Lich Bane,Legendary,0.8947,0.4118,2.66,15,Zhonya's Hourglass,Shadowflame,Rabadon's Deathcap
SION,Thornmail,Legendary,0.2564,0.6,2.92,25,Unending Despair,"Jak'sho, The Protean",Hollow Radiance
DIANA,Riftmaker,Legendary,0.6481,0.4429,2.61,20,Dusk And Dawn,Zhonya's Hourglass,Liandry's Torment
BARD,Moonstone Renewer,Legendary,0.0128,1,3.83,15,Echoes Of Helia,,
AATROX,Cloth Armor,Basic,0.0217,0,2.00,5,Boots,Caulfield's Warhammer,Serylda's Grudge
TWISTEDFATE,Mejai's Soulstealer,Legendary,0.0278,1,3.17,25,Lich Bane,Rapid Firecannon,Rod Of Ages
GWEN,Banshee's Veil,Legendary,0.0128,0,2.57,30,Cryptbloom,Dusk And Dawn,Rabadon's Deathcap
IVERN,Control Ward,Consumable,0.1304,0,2.57,5,Ionian Boots Of Lucidity,Dark Seal,Redemption
ZED,Farsight Alteration,Trinket,0.129,0.1667,2.59,15,Eclipse,Ionian Boots Of Lucidity,Voltaic Cyclosword
BLITZCRANK,Locket Of The Iron Solari,Legendary,0.5333,0.4375,3.24,15,Bandlepipes,Mikael's Blessing,Frozen Heart
POPPY,Tear Of The Goddess,Starter,0.1053,0.5,1.04,5,Doran's Shield,Executioner's Calling,Hollow Radiance
AMUMU,Zeke's Convergence,Legendary,0.25,0.5,1.57,10,Locket Of The Iron Solari,Protoplasm Harness,
NIDALEE,Hextech Alternator,Epic,0.0313,1,4.67,15,Echoes Of Helia,Luden's Companion,Rabadon's Deathcap
GNAR,Executioner's Calling,Epic,0.08,0.5,1.67,15,Trinity Force,Black Cleaver,Sterak's Gage
LEBLANC,Stormsurge,Legendary,0.3333,0.75,6.72,20,Luden's Companion,Rabadon's Deathcap,Mejai's Soulstealer
DIANA,Kindlegem,Epic,0.0093,1,4.00,10,Chain Vest,Dusk And Dawn,Riftmaker
VAYNE,Doran's Blade,Starter,0.6479,0.587,1.93,5,Berserker's Greaves,Essence Reaver,Stormrazor
QUINN,Mercury's Treads,Boots,0.25,0.5,2.89,15,Edge Of Night,Infinity Edge,Lord Dominik's Regards
JARVANIV,Frozen Heart,Legendary,0.1343,0.3333,2.50,30,Sundered Sky,Profane Hydra,Spirit Visage
SHEN,Plated Steelcaps,Boots,0.5,0.4,2.59,10,Titanic Hydra,Bramble Vest,Dead Man's Plate
SORAKA,Null-Magic Mantle,Basic,0.1,0.3333,2.62,10,Dawncore,Redemption,Boots Of Swiftness
MASTERYI,Ruby Crystal,Basic,0.0333,1,9.00,10,Boots,Guinsoo's Rageblade,Kraken Slayer
ZAAHEN,Plated Steelcaps,Boots,0.2821,0.6364,1.29,20,Trinity Force,Sundered Sky,Death's Dance
MISSFORTUNE,Axiom Arc,Legendary,0.069,0.5,4.08,10,Infinity Edge,Mortal Reminder,The Collector
ZAC,Oracle Lens,Trinket,0.4815,0.4615,4.69,5,Sunfire Aegis,Spirit Visage,Mercury's Treads
AKALI,Negatron Cloak,Epic,0.0161,0,2.13,30,Chain Vest,Giant's Belt,Hextech Gunblade
AMBESSA,Scorchclaw Pup,Starter,0.0106,0,0.29,5,Profane Hydra,Tunneler,
AKALI,Spellslinger's Shoes,Legacy,0.0161,1,2.75,,,,
JAX,Armored Advance,Other,0.0139,0,0.60,,,,
SWAIN,Chainlaced Crushers,Other,0.0227,0,0.60,,,,
NAAFIRI,Stealth Ward,Trinket,0.1587,0.4,2.41,5,Voltaic Cyclosword,Opportunity,Ionian Boots Of Lucidity
VAYNE,Kindlegem,Epic,0.0141,0,2.00,30,Essence Reaver,Experimental Hexplate,Stormrazor
TWISTEDFATE,Boots,Boots,0.0278,1,1.00,5,,,
ZED,Elixir Of Wrath,Consumable,0.086,0.375,2.89,30,Serylda's Grudge,Voltaic Cyclosword,Axiom Arc
FIZZ,Seeker's Armguard,Epic,0.0526,1,1.50,15,Lich Bane,,
ORIANNA,Mejai's Soulstealer,Legendary,0.0833,0.3333,3.39,30,Void Staff,Zhonya's Hourglass,Blackfire Torch
IVERN,Shurelya's Battlesong,Legendary,0.0435,0,2.33,20,Moonstone Renewer,Redemption,
BRIAR,Phage,Epic,0.0556,0,0.80,15,Sundered Sky,Titanic Hydra,
TRISTANA,Serrated Dirk,Epic,0.0154,0,0.56,10,Infinity Edge,Navori Flickerblade,Yun Tal Wildarrows
SWAIN,Oblivion Orb,Epic,0.1818,0.25,2.51,25,Blackfire Torch,Rylai's Crystal Scepter,Liandry's Torment
SHACO,Profane Hydra,Legendary,0.36,0.5556,2.72,15,Umbral Glaive,Infinity Edge,Opportunity
CHOGATH,Null-Magic Mantle,Basic,0.1,0,1.50,10,Riftmaker,Boots Of Swiftness,Chain Vest
SETT,Black Cleaver,Legendary,0.2778,0.4,1.64,25,Stridebreaker,Overlord's Bloodmail,Sterak's Gage
RAMMUS,Ruby Crystal,Basic,0.2,0.5,4.50,5,Thornmail,Bami's Cinder,Boots Of Swiftness
ANIVIA,Actualizer,Legendary,0.0278,1,4.25,25,Rod Of Ages,,
SMOLDER,Hexoptics C44,Legendary,0.0185,1,24.00,20,Bloodthirster,Essence Reaver,Infinity Edge
RELL,Refillable Potion,Consumable,0.0909,0.5,3.12,5,Bandlepipes,Control Ward,Kindlegem
YONE,Spectre's Cowl,Epic,0.0222,0,1.11,35,Blade Of The Ruined King,Immortal Shieldbow,Lord Dominik's Regards
SYLAS,Amplifying Tome,Basic,0.2128,0.4,2.07,5,Hextech Rocketbelt,Riftmaker,Ionian Boots Of Lucidity
LEBLANC,Stealth Ward,Trinket,0.0556,0,2.33,5,Luden's Companion,Rabadon's Deathcap,Aether Wisp
XAYAH,Mercury's Treads,Boots,0.0625,1,2.00,15,Infinity Edge,Yun Tal Wildarrows,
PANTHEON,Manamune,Legendary,0.025,0,1.25,25,Eclipse,Opportunity,
KINDRED,Wit's End,Legendary,0.0667,0,2.20,30,Infinity Edge,The Collector,Trinity Force
RENATA,Null-Magic Mantle,Basic,0.1111,1,3.33,15,Cloth Armor,Echoes Of Helia,Ionian Boots Of Lucidity
GRAVES,Sundered Sky,Legendary,0.0476,1,6.00,20,Black Cleaver,Hubris,
YUUMI,Tear Of The Goddess,Starter,0.069,0.5,4.71,5,Bandleglass Mirror,Echoes Of Helia,Forbidden Idol
VELKOZ,Horizon Focus,Legendary,0.2647,0.3333,2.55,15,Luden's Companion,Shadowflame,Zhonya's Hourglass
KSANTE,Iceborn Gauntlet,Legendary,0.7353,0.6,2.43,15,"Jak'sho, The Protean",Thornmail,Kaenic Rookern
FIORA,Hexdrinker,Epic,0.0513,0,1.85,10,Ravenous Hydra,Caulfield's Warhammer,Death's Dance
RAKAN,Ruby Crystal,Basic,0.1667,0.2857,2.69,5,Zeke's Convergence,Ionian Boots Of Lucidity,Locket Of The Iron Solari
VARUS,Serpent's Fang,Legendary,0.0246,0.6667,4.13,25,Youmuu's Ghostblade,Edge Of Night,Hubris
ZED,Spear Of Shojin,Legendary,0.0323,0.3333,4.67,30,Axiom Arc,Bastionbreaker,Edge Of Night
CAMILLE,Executioner's Calling,Epic,0.0714,0,2.50,30,Ravenous Hydra,Spear Of Shojin,Steel Sigil
ZED,Doran's Blade,Starter,0.0753,0.2857,1.22,5,Ionian Boots Of Lucidity,Long Sword,Voltaic Cyclosword
FIDDLESTICKS,Glowing Mote,Basic,0.0714,1,1.50,10,Amplifying Tome,Boots Of Swiftness,Ionian Boots Of Lucidity
NAAFIRI,Oracle Lens,Trinket,0.5079,0.5313,2.36,5,Axiom Arc,Profane Hydra,Ionian Boots Of Lucidity
KINDRED,Lord Dominik's Regards,Legendary,0.1333,1,2.19,30,Kraken Slayer,The Collector,
NIDALEE,Ionian Boots Of Lucidity,Boots,0.2188,0.5714,4.10,15,Echoes Of Helia,Redemption,Forbidden Idol
LUCIAN,Infinity Edge,Legendary,0.6207,0.5,2.13,25,Essence Reaver,Navori Flickerblade,Lord Dominik's Regards
GWEN,Ruby Crystal,Basic,0.0256,0.5,3.92,5,Nashor's Tooth,Plated Steelcaps,Blasting Wand
UDYR,Tear Of The Goddess,Starter,0.0667,0,0.63,5,Amplifying Tome,Boots Of Swiftness,Dusk And Dawn
NASUS,Warden's Mail,Epic,0.125,0.3333,2.97,25,Trinity Force,Bandlepipes,Glacial Buckler
ZAAHEN,Death's Dance,Legendary,0.3077,0.75,2.66,25,Stridebreaker,Sundered Sky,Trinity Force
VIEGO,Tunneler,Epic,0.0088,1,3.00,15,,,
KAYLE,Dark Seal,Starter,0.0345,1,0.38,25,Boots Of Swiftness,Doran's Ring,Nashor's Tooth
ZED,Serrated Dirk,Epic,0.1613,0.4667,3.22,15,Voltaic Cyclosword,Serylda's Grudge,Axiom Arc
EKKO,Nashor's Tooth,Legendary,0.17,0.5294,2.61,15,Dusk And Dawn,Rabadon's Deathcap,Mejai's Soulstealer
RAKAN,Locket Of The Iron Solari,Legendary,0.5714,0.5833,3.35,25,Zeke's Convergence,Redemption,Bandlepipes
KAYN,Serrated Dirk,Epic,0.1379,0.75,2.43,5,Axiom Arc,Opportunity,Serylda's Grudge
YORICK,Cloth Armor,Basic,0.1667,1,2.08,20,Boots,Spear Of Shojin,Trinity Force
NOCTURNE,Kindlegem,Epic,0.0667,1,3.50,25,Black Cleaver,Stridebreaker,
BRAUM,Glowing Mote,Basic,0.0429,0.3333,2.26,5,Bandlepipes,Locket Of The Iron Solari,Plated Steelcaps
KAYN,Caulfield's Warhammer,Epic,0.069,1,3.12,20,Black Cleaver,Steel Sigil,Eclipse
NAUTILUS,Glacial Buckler,Epic,0.0208,0.5,3.99,25,Bandlepipes,Warden's Mail,Locket Of The Iron Solari
MONKEYKING,Hexdrinker,Epic,0.0385,1,4.80,30,Black Cleaver,Caulfield's Warhammer,Death's Dance
DRAVEN,The Collector,Legendary,0.6364,0.7143,2.54,15,Infinity Edge,Lord Dominik's Regards,Bloodthirster
NAMI,Blasting Wand,Basic,0.0448,0.5,3.45,25,Imperial Mandate,Boots Of Swiftness,Ionian Boots Of Lucidity
KAYLE,Doran's Shield,Starter,0.1379,0.25,0.36,5,Nashor's Tooth,Boots Of Swiftness,Cull
ANIVIA,Elixir Of Sorcery,Consumable,0.0556,1,3.55,25,Control Ward,Rod Of Ages,Actualizer
SYNDRA,Elixir Of Sorcery,Consumable,0.0984,0.6667,3.17,30,Rabadon's Deathcap,Blackfire Torch,Cosmic Drive
NAMI,Control Ward,Consumable,0.8731,0.5812,3.38,15,Imperial Mandate,Ionian Boots Of Lucidity,Moonstone Renewer
IVERN,Sapphire Crystal,Basic,0.0435,0,1.75,20,Amplifying Tome,Glowing Mote,
KARMA,Moonstone Renewer,Legendary,0.8082,0.4407,2.79,15,Redemption,Dawncore,Echoes Of Helia
REKSAI,Spirit Visage,Legendary,0.0313,0,2.50,25,Death's Dance,Overlord's Bloodmail,Spear Of Shojin
MORDEKAISER,Negatron Cloak,Epic,0.0909,0.5,2.57,25,Riftmaker,Bloodletter's Curse,Chain Vest
KOGMAW,Spellslinger's Shoes,Legacy,0.0714,0,0.50,,,,
SMOLDER,Bloodthirster,Legendary,0.037,1,15.25,25,Essence Reaver,Infinity Edge,Hexoptics C44
LILLIA,Boots Of Swiftness,Boots,0.0714,0,1.71,15,Liandry's Torment,Riftmaker,Rylai's Crystal Scepter
ILLAOI,Control Ward,Consumable,0.125,1,2.00,5,Doran's Shield,Mercury's Treads,Pickaxe
ZED,Edge Of Night,Legendary,0.3441,0.4063,2.38,25,Voltaic Cyclosword,Serylda's Grudge,Axiom Arc
SETT,Tunneler,Epic,0.2778,0.2,1.31,25,Stridebreaker,Black Cleaver,Sterak's Gage
TWISTEDFATE,Seeker's Armguard,Epic,0.0556,1,4.38,20,Lich Bane,Rod Of Ages,Rapid Firecannon
ANIVIA,Haunting Guise,Epic,0.1667,0.6667,1.87,20,Rod Of Ages,Fated Ashes,Bandlepipes
GANGPLANK,Infinity Edge,Legendary,0.52,0.5385,1.92,30,Essence Reaver,Lord Dominik's Regards,The Collector
YONE,Vampiric Scepter,Epic,0.0444,0.5,2.31,10,Lord Dominik's Regards,Blade Of The Ruined King,Death's Dance
TWITCH,Noonquiver,Epic,0.0606,0,1.54,30,Infinity Edge,Last Whisper,Fiendhunter Bolts
EKKO,Farsight Alteration,Trinket,0.06,0.1667,0.94,15,Dusk And Dawn,Shadowflame,Dark Seal
RAKAN,Mejai's Soulstealer,Legendary,0.0476,1,8.58,20,Hextech Rocketbelt,Locket Of The Iron Solari,
WARWICK,Warden's Mail,Epic,0.0909,0,3.75,30,Blade Of The Ruined King,Bramble Vest,Stridebreaker
VOLIBEAR,Null-Magic Mantle,Basic,0.0175,0,0.56,20,Dusk And Dawn,Mercury's Treads,Rejuvenation Bead
NIDALEE,Sorcerer's Shoes,Boots,0.4063,0.4615,3.75,15,Shadowflame,Lich Bane,Zhonya's Hourglass
BRIAR,Plated Steelcaps,Boots,0.4444,0.5,2.61,20,Black Cleaver,Titanic Hydra,Death's Dance
TALIYAH,Mercury's Treads,Boots,0.0339,1,5.38,15,Blackfire Torch,Liandry's Torment,Shadowflame
TARIC,Tear Of The Goddess,Starter,0.1429,0.5,1.88,5,Boots Of Swiftness,Locket Of The Iron Solari,Negatron Cloak
RAKAN,Shurelya's Battlesong,Legendary,0.1429,0.3333,2.18,25,Locket Of The Iron Solari,Zeke's Convergence,Bandlepipes
PANTHEON,Black Cleaver,Legendary,0.275,0.2727,2.12,25,Sundered Sky,Eclipse,Death's Dance
YASUO,Phage,Epic,0.0078,0,0.20,15,Phantom Dancer,,
XINZHAO,Titanic Hydra,Legendary,0.25,0.6,2.00,15,Sundered Sky,Death's Dance,
SAMIRA,Stealth Ward,Trinket,0.08,0.5,2.01,5,Doran's Blade,Infinity Edge,Lord Dominik's Regards
SETT,Farsight Alteration,Trinket,0.0556,0,1.22,15,Blade Of The Ruined King,Doran's Blade,Long Sword
VELKOZ,Liandry's Torment,Legendary,0.0588,0.5,1.55,20,Blackfire Torch,Luden's Companion,Zhonya's Hourglass
ZIGGS,Liandry's Torment,Legendary,0.0645,0.5,2.05,20,Blackfire Torch,Luden's Companion,Shadowflame
LUCIAN,Cull,Starter,0.0172,1,4.50,5,B. F. Sword,Doran's Blade,Essence Reaver
APHELIOS,Mortal Reminder,Legendary,0.086,0.875,3.80,25,Infinity Edge,The Collector,Stormrazor
NAUTILUS,Warden's Mail,Epic,0.0417,0.25,2.48,20,Bandlepipes,Glacial Buckler,Bramble Vest
CHOGATH,Ruby Crystal,Basic,0.25,0.6,1.46,10,Riftmaker,Boots Of Swiftness,Hextech Rocketbelt
BRAND,Verdant Barrier,Epic,0.0357,0,2.00,15,Rylai's Crystal Scepter,,
APHELIOS,Farsight Alteration,Trinket,0.8925,0.5783,2.25,15,Infinity Edge,Stormrazor,Doran's Blade
SINGED,Shadowflame,Legendary,0.0435,0,2.00,25,Hextech Rocketbelt,Liandry's Torment,
LUX,Redemption,Legendary,0.0256,0,1.20,20,Mikael's Blessing,Shurelya's Battlesong,
LILLIA,Seeker's Armguard,Epic,0.1429,0,1.15,25,Liandry's Torment,Rylai's Crystal Scepter,Riftmaker
FIORA,Farsight Alteration,Trinket,0.1795,0.5714,1.90,15,Ravenous Hydra,Trinity Force,Caulfield's Warhammer
NIDALEE,Trinity Force,Legendary,0.0625,1,2.13,15,Hextech Gunblade,Sterak's Gage,
PANTHEON,Death's Dance,Legendary,0.025,0,1.09,25,Black Cleaver,Sundered Sky,
YUNARA,B. F. Sword,Basic,0.2439,0.6,2.38,20,Kraken Slayer,Fiendhunter Bolts,Berserker's Greaves
JAYCE,Guardian Angel,Legendary,0.037,0.3333,3.34,30,Youmuu's Ghostblade,Opportunity,Serylda's Grudge
VIKTOR,Imperial Mandate,Legendary,0.0278,1,1.83,25,Lich Bane,Rod Of Ages,Shadowflame
MILIO,Echoes Of Helia,Legendary,0.7347,0.6667,4.18,15,Moonstone Renewer,Ardent Censer,Redemption
AMBESSA,Voltaic Cyclosword,Legendary,0.1489,0.4286,2.17,15,Death's Dance,Axiom Arc,Eclipse
LEONA,Knight's Vow,Legendary,0.1636,0.7778,4.65,25,Bandlepipes,Locket Of The Iron Solari,Protoplasm Harness
SHEN,Oracle Lens,Trinket,0.175,0.4286,2.45,10,Titanic Hydra,Plated Steelcaps,Bramble Vest
PANTHEON,Lord Dominik's Regards,Legendary,0.05,0,1.75,25,Blade Of The Ruined King,Youmuu's Ghostblade,Infinity Edge
PANTHEON,Last Whisper,Epic,0.075,0.3333,1.19,20,Opportunity,Youmuu's Ghostblade,Blade Of The Ruined King
DRAVEN,Executioner's Calling,Epic,0.0227,0,2.60,15,Infinity Edge,Lord Dominik's Regards,The Collector
MALPHITE,Glacial Buckler,Epic,0.0141,1,1.55,15,Randuin's Omen,Warden's Mail,Zeke's Convergence
AHRI,Void Staff,Legendary,0.0652,0.6667,7.50,30,Blackfire Torch,Cosmic Drive,Rabadon's Deathcap
NIDALEE,Mercury's Treads,Boots,0.0313,1,6.00,20,Liandry's Torment,Void Staff,Zhonya's Hourglass
VELKOZ,Verdant Barrier,Epic,0.0294,1,1.30,20,Fated Ashes,Luden's Companion,Oblivion Orb
NIDALEE,Fiendish Codex,Epic,0.0313,1,7.00,20,Echoes Of Helia,Forbidden Idol,
VARUS,Riftmaker,Legendary,0.1639,0.55,2.00,25,Dusk And Dawn,Nashor's Tooth,Zhonya's Hourglass
SHYVANA,Plated Steelcaps,Boots,0.25,0,2.00,15,Navori Flickerblade,Ravenous Hydra,Zeke's Convergence
EKKO,Stormsurge,Legendary,0.02,1,4.04,30,Dusk And Dawn,Zhonya's Hourglass,Rabadon's Deathcap
PYKE,Bloodsong,Legendary,0.02,0,1.62,15,Bastionbreaker,Opportunity,Umbral Glaive
TARIC,Elixir Of Iron,Consumable,0.0714,1,3.78,40,Boots Of Swiftness,Control Ward,Kindlegem
VLADIMIR,Oblivion Orb,Epic,0.0175,1,7.00,20,Hextech Rocketbelt,Rabadon's Deathcap,Zhonya's Hourglass
LEESIN,Mercury's Treads,Boots,0.375,0.5185,4.12,15,Sundered Sky,Eclipse,Black Cleaver
RUMBLE,Fiendish Codex,Epic,0.1667,0.6,2.59,15,Liandry's Torment,Bloodletter's Curse,Haunting Guise
THRESH,Morellonomicon,Legendary,0.0172,1,4.57,40,Bandlepipes,Knight's Vow,Locket Of The Iron Solari
MONKEYKING,Oracle Lens,Trinket,0.4231,0.4545,3.64,5,Trinity Force,Sundered Sky,Black Cleaver
BRAND,Needlessly Large Rod,Basic,0.0714,0.5,1.56,30,Rylai's Crystal Scepter,Sorcerer's Shoes,Liandry's Torment
GRAVES,Doran's Blade,Starter,0.1429,0.3333,0.71,5,Bloodthirster,Cull,Mercury's Treads
TRUNDLE,Boots Of Swiftness,Boots,0.1818,0,1.42,15,Bandlepipes,Blade Of The Ruined King,Bramble Vest
EVELYNN,Lich Bane,Legendary,1,0.5,4.87,15,Rabadon's Deathcap,Mejai's Soulstealer,Shadowflame
TWITCH,Vampiric Scepter,Epic,0.0606,0.25,2.32,15,Infinity Edge,Runaan's Hurricane,Lord Dominik's Regards
ZAC,Control Ward,Consumable,0.1481,0.75,4.87,20,Sunfire Aegis,Mercury's Treads,Randuin's Omen
XINZHAO,Mercury's Treads,Boots,0.4,0.625,1.55,20,Sundered Sky,Titanic Hydra,Caulfield's Warhammer
ILLAOI,Spirit Visage,Legendary,0.625,0.6,2.33,25,Iceborn Gauntlet,Sterak's Gage,Spear Of Shojin
ALISTAR,Bandlepipes,Legendary,0.569,0.6061,3.52,15,Locket Of The Iron Solari,Zeke's Convergence,Knight's Vow
APHELIOS,Dagger,Basic,0.086,0.75,2.82,10,Infinity Edge,Stormrazor,Lord Dominik's Regards
HWEI,Oblivion Orb,Epic,0.1364,0.6667,2.63,25,Blackfire Torch,Blighting Jewel,Liandry's Torment
KSANTE,Kaenic Rookern,Legendary,0.2941,0.5,2.20,15,Iceborn Gauntlet,Randuin's Omen,"Jak'sho, The Protean"
TALON,Hubris,Legendary,0.0323,1,3.33,10,Axiom Arc,Mortal Reminder,Opportunity
KARTHUS,Stormsurge,Legendary,0.0238,1,1.87,15,Horizon Focus,Malignance,Rabadon's Deathcap
LEONA,Chain Vest,Epic,0.0545,1,5.44,20,Bandlepipes,Kindlegem,Locket Of The Iron Solari
MONKEYKING,Caulfield's Warhammer,Epic,0.0769,0.5,3.80,15,Sundered Sky,Black Cleaver,Death's Dance
GRAGAS,Oracle Lens,Trinket,0.4091,0.3333,2.00,20,Ionian Boots Of Lucidity,Dark Seal,Hextech Rocketbelt
ZAAHEN,Oracle Lens,Trinket,0.1538,0.5,1.79,5,Sundered Sky,Trinity Force,Mercury's Treads
KAYLE,Zeal,Epic,0.069,0.5,2.50,25,Guinsoo's Rageblade,Kraken Slayer,Lich Bane
JARVANIV,Control Ward,Consumable,0.0746,0.6,4.67,15,Sundered Sky,Plated Steelcaps,Black Cleaver
TWITCH,Refillable Potion,Consumable,0.0455,0,0.82,5,Doran's Blade,Yun Tal Wildarrows,Dagger
SIVIR,Lord Dominik's Regards,Legendary,0.2444,0.2727,2.38,30,Navori Flickerblade,Infinity Edge,Essence Reaver
ORIANNA,Mercury's Treads,Boots,0.0278,1,4.00,10,Luden's Companion,Rabadon's Deathcap,Shadowflame
SMOLDER,Black Cleaver,Legendary,0.037,1,6.83,20,Essence Reaver,Spear Of Shojin,Endless Hunger
NASUS,Shurelya's Battlesong,Legendary,0.0417,0,1.47,30,Bandlepipes,Frozen Heart,
KASSADIN,Rabadon's Deathcap,Legendary,0.137,0.7,3.80,30,Rod Of Ages,Malignance,Zhonya's Hourglass
HECARIM,Endless Hunger,Legendary,0.4737,0.3333,3.36,20,Spear Of Shojin,Death's Dance,Black Cleaver
QIYANA,Hubris,Legendary,0.0175,1,1.60,15,Profane Hydra,,
ZILEAN,Amplifying Tome,Basic,0.1538,0.5,2.89,5,Ionian Boots Of Lucidity,Bandlepipes,Glowing Mote
HECARIM,Plated Steelcaps,Boots,0.0526,1,10.00,15,Spear Of Shojin,Steel Sigil,
LUCIAN,Control Ward,Consumable,0.0172,1,3.00,10,Essence Reaver,Infinity Edge,Lord Dominik's Regards
VLADIMIR,Haunting Guise,Epic,0.0175,0,0.17,20,Fiendish Codex,Hextech Rocketbelt,
DRMUNDO,Mercury's Treads,Boots,0.1096,0.5,1.25,15,Heartsteel,Spirit Visage,Dead Man's Plate
KLED,Overlord's Bloodmail,Legendary,0.3,1,5.40,20,Hullbreaker,Titanic Hydra,Black Cleaver
ZAAHEN,The Brutalizer,Epic,0.0256,0,1.60,25,Spear Of Shojin,Trinity Force,
LEESIN,Pickaxe,Basic,0.1389,0.3,3.05,5,Sundered Sky,Eclipse,Long Sword
ZED,Serpent's Fang,Legendary,0.2903,0.4444,2.23,20,Voltaic Cyclosword,Serylda's Grudge,Edge Of Night
HWEI,Horizon Focus,Legendary,0.2727,0.6667,2.03,20,Blackfire Torch,Rabadon's Deathcap,Shadowflame
LEESIN,Death's Dance,Legendary,0.25,0.5,3.12,25,Sundered Sky,Black Cleaver,Eclipse
SHEN,Unending Despair,Legendary,0.075,0.6667,3.26,20,Titanic Hydra,Bandlepipes,Frozen Heart
APHELIOS,Chain Vest,Epic,0.0108,1,2.83,25,Infinity Edge,Stormrazor,The Collector
KAISA,Scout's Slingshot,Epic,0.0097,1,1.20,15,Kraken Slayer,,
REKSAI,Tunneler,Epic,0.125,0.75,2.42,10,Spear Of Shojin,Stridebreaker,Titanic Hydra
TWISTEDFATE,Sorcerer's Shoes,Boots,0.0278,0,0.70,15,Luden's Companion,Rapid Firecannon,
ELISE,Needlessly Large Rod,Basic,0.1538,0.1667,1.85,20,Sorcerer's Shoes,Amplifying Tome,Lich Bane
TWITCH,Long Sword,Basic,0.1515,0.2,1.68,5,Infinity Edge,Yun Tal Wildarrows,Fiendhunter Bolts
TRISTANA,Maw Of Malmortius,Legendary,0.0154,1,10.00,35,Bloodthirster,Hexoptics C44,Infinity Edge
SORAKA,Whispering Circlet,Legendary,0.0333,0,0.88,15,Moonstone Renewer,,
DRMUNDO,Force Of Nature,Legendary,0.0274,0.5,2.88,25,Heartsteel,Spirit Visage,Thornmail
QIYANA,Hexdrinker,Epic,0.0175,1,3.83,25,Axiom Arc,Edge Of Night,Profane Hydra
RENEKTON,Bramble Vest,Epic,0.0154,1,4.00,25,Black Cleaver,Death's Dance,Eclipse
SWAIN,Plated Steelcaps,Boots,0.2955,0.3077,3.04,15,Rylai's Crystal Scepter,Blackfire Torch,Liandry's Torment
ANIVIA,Refillable Potion,Consumable,0.0556,0,2.00,5,Doran's Ring,Rod Of Ages,Tear Of The Goddess
KHAZIX,Mortal Reminder,Legendary,0.0149,1,2.75,20,,,
KOGMAW,Zeal,Epic,0.0714,0,0.88,20,Blade Of The Ruined King,Guinsoo's Rageblade,Scout's Slingshot
SORAKA,Oracle Lens,Trinket,0.9,0.4074,2.74,10,Control Ward,Forbidden Idol,Moonstone Renewer
REKSAI,Black Cleaver,Legendary,0.25,0.5,4.02,20,Spear Of Shojin,Stridebreaker,Titanic Hydra
ORIANNA,Amplifying Tome,Basic,0.2222,0.375,1.21,5,Blackfire Torch,Horizon Focus,Ionian Boots Of Lucidity
REKSAI,Mercury's Treads,Boots,0.3438,0.6364,3.84,20,Spear Of Shojin,Titanic Hydra,Black Cleaver
TWISTEDFATE,Stormrazor,Legendary,0.0278,0,1.17,20,Rapid Firecannon,Yun Tal Wildarrows,
VELKOZ,Ionian Boots Of Lucidity,Boots,0.3235,0.3636,2.81,10,Horizon Focus,Luden's Companion,Zhonya's Hourglass
VIEGO,B. F. Sword,Basic,0.0265,0.6667,3.12,30,Lord Dominik's Regards,,
MASTERYI,Navori Flickerblade,Legendary,0.0667,0.5,2.03,25,Guinsoo's Rageblade,Blade Of The Ruined King,Death's Dance
AKALI,Stormsurge,Legendary,0.0968,0.6667,3.66,15,Hextech Gunblade,Shadowflame,Void Staff
RENEKTON,Executioner's Calling,Epic,0.0462,0,0.95,5,Black Cleaver,Death's Dance,Eclipse
SENNA,Moonstone Renewer,Legendary,0.0476,1,6.86,25,Black Cleaver,Echoes Of Helia,
SORAKA,Forbidden Idol,Epic,0.7667,0.3913,2.74,20,Moonstone Renewer,Redemption,Dawncore
TALON,Mortal Reminder,Legendary,0.0323,1,4.75,25,Axiom Arc,Edge Of Night,Hubris
KENNEN,Refillable Potion,Consumable,0.0571,0.5,3.71,5,Hextech Rocketbelt,Needlessly Large Rod,Shadowflame
LUCIAN,Dagger,Basic,0.1207,0,0.64,15,Essence Reaver,Infinity Edge,Zeal
NOCTURNE,Hexdrinker,Epic,0.1333,0,1.20,20,Experimental Hexplate,Stridebreaker,Caulfield's Warhammer
VELKOZ,Zhonya's Hourglass,Legendary,0.2353,0.25,1.97,30,Luden's Companion,Horizon Focus,Cryptbloom
TWISTEDFATE,Oracle Lens,Trinket,0.1389,0.2,1.98,10,Rod Of Ages,Lich Bane,Doran's Ring
SKARNER,Kindlegem,Epic,0.5,0,2.00,5,Bandlepipes,Dead Man's Plate,Trinity Force
TAHMKENCH,Control Ward,Consumable,0.5385,0.4286,2.15,15,Heartsteel,Bandlepipes,Boots Of Swiftness
VLADIMIR,Stormsurge,Legendary,0.0702,1,2.17,15,Hextech Rocketbelt,Mejai's Soulstealer,Rabadon's Deathcap
PYKE,Long Sword,Basic,0.42,0.4286,2.26,5,Boots Of Swiftness,Umbral Glaive,Youmuu's Ghostblade
SONA,Whispering Circlet,Legendary,0.04,1,1.85,15,Echoes Of Helia,,
RIVEN,Tunneler,Epic,0.027,0,0.27,15,Caulfield's Warhammer,Eclipse,
GWEN,Blasting Wand,Basic,0.0641,0.4,1.58,5,Nashor's Tooth,Sheen,Plated Steelcaps
JARVANIV,Oracle Lens,Trinket,0.5522,0.5135,3.44,5,Profane Hydra,Axiom Arc,Sundered Sky
SMOLDER,Control Ward,Consumable,0.0556,1,3.09,20,Doran's Blade,Essence Reaver,Spear Of Shojin
KLED,Black Cleaver,Legendary,0.2,1,5.00,15,Hullbreaker,Titanic Hydra,Overlord's Bloodmail
TEEMO,Dark Seal,Starter,0.2857,0,1.90,5,Malignance,Boots Of Swiftness,Glowing Mote
SERAPHINE,Boots Of Swiftness,Boots,0.0313,1,8.00,15,Blackfire Torch,Kindlegem,
VARUS,Opportunity,Legendary,0.0574,0.5714,3.01,20,Youmuu's Ghostblade,Serylda's Grudge,Edge Of Night
JANNA,Fiendish Codex,Epic,0.1406,0.4444,3.32,20,Moonstone Renewer,Forbidden Idol,Redemption
NAAFIRI,The Brutalizer,Epic,0.0794,0.4,3.10,10,Voltaic Cyclosword,Edge Of Night,Opportunity
MALPHITE,Blighting Jewel,Epic,0.0141,1,5.00,15,Frozen Heart,Giant's Belt,Malignance
ZOE,Luden's Companion,Legendary,0.7576,0.56,3.33,15,Lich Bane,Rabadon's Deathcap,Mejai's Soulstealer
DARIUS,Spear Of Shojin,Legendary,0.122,0.8,2.61,25,Stridebreaker,Dead Man's Plate,Force Of Nature
YONE,Mortal Reminder,Legendary,0.0667,0.3333,1.89,25,Blade Of The Ruined King,Immortal Shieldbow,Infinity Edge
RYZE,Glowing Mote,Basic,0.0449,0,0.81,15,Rod Of Ages,Lost Chapter,Actualizer
TALON,Long Sword,Basic,0.2581,0.5625,3.82,5,Umbral Glaive,Youmuu's Ghostblade,Axiom Arc
ANNIE,Amplifying Tome,Basic,0.25,1,1.36,5,Malignance,Shadowflame,Zhonya's Hourglass
KAISA,Pickaxe,Basic,0.1165,0.3333,1.47,15,Kraken Slayer,Recurve Bow,Berserker's Greaves
SMOLDER,Rapid Firecannon,Legendary,0.3704,0.6,2.46,20,Essence Reaver,Spear Of Shojin,Infinity Edge
POPPY,Bramble Vest,Epic,0.0526,0,0.67,25,Sundered Sky,,
SINGED,Farsight Alteration,Trinket,0.2609,0.6667,2.42,15,Liandry's Torment,Dark Seal,Hextech Rocketbelt
FIZZ,Shadowflame,Legendary,0.3684,0.5714,2.19,25,Lich Bane,Zhonya's Hourglass,Rabadon's Deathcap
FIDDLESTICKS,Shadowflame,Legendary,0.25,0.1429,4.16,25,Hextech Rocketbelt,Zhonya's Hourglass,Liandry's Torment
VARUS,Malignance,Legendary,0.0082,1,4.17,25,Dusk And Dawn,Nashor's Tooth,Rabadon's Deathcap
VIEGO,Mortal Reminder,Legendary,0.0088,0,1.50,30,,,
VOLIBEAR,Recurve Bow,Epic,0.0175,0,0.38,20,Dusk And Dawn,Fiendish Codex,
CAITLYN,Plated Steelcaps,Boots,0.07,0.2857,1.72,20,Infinity Edge,Hexoptics C44,Lord Dominik's Regards
POPPY,Mercury's Treads,Boots,0.2632,0.4,2.12,20,Sundered Sky,Bramble Vest,Chain Vest
EZREAL,Amplifying Tome,Basic,0.0308,0.5,2.07,25,Ionian Boots Of Lucidity,Trinity Force,Archangel's Staff
SETT,Stridebreaker,Legendary,0.8889,0.25,1.60,15,Sterak's Gage,Overlord's Bloodmail,Black Cleaver
YORICK,Chempunk Chainsword,Legendary,0.0833,0,1.33,35,Spear Of Shojin,Spirit Visage,Trinity Force
RENGAR,Bastionbreaker,Legendary,0.0351,1,3.23,25,Profane Hydra,Death's Dance,Edge Of Night
ZED,Black Cleaver,Legendary,0.0215,1,2.45,15,Eclipse,Serpent's Fang,Edge Of Night
NASUS,Kindlegem,Epic,0.1667,0.5,2.28,20,Trinity Force,Frozen Heart,Bandlepipes
IRELIA,Mercury's Treads,Boots,0.3,0.5,1.85,15,Blade Of The Ruined King,Death's Dance,Wit's End
VARUS,Randuin's Omen,Legendary,0.0082,1,1.36,20,Dusk And Dawn,Nashor's Tooth,
CAITLYN,Lord Dominik's Regards,Legendary,0.39,0.5641,3.24,25,Infinity Edge,The Collector,Hexoptics C44
NIDALEE,Rabadon's Deathcap,Legendary,0.1875,0.5,4.08,20,Lich Bane,Shadowflame,Zhonya's Hourglass
FIORA,Death's Dance,Legendary,0.359,0.7857,3.12,25,Ravenous Hydra,Trinity Force,Spear Of Shojin
TWITCH,Randuin's Omen,Legendary,0.0152,1,3.11,30,Fiendhunter Bolts,The Collector,
WARWICK,Negatron Cloak,Epic,0.0909,0,1.83,25,Frozen Heart,Giant's Belt,"Jak'sho, The Protean"
MONKEYKING,Plated Steelcaps,Boots,0.3846,0.6,3.84,15,Trinity Force,Sundered Sky,Black Cleaver
OLAF,Infinity Edge,Legendary,0.0435,0,0.67,20,Fiendhunter Bolts,Immortal Shieldbow,
HECARIM,Axiom Arc,Legendary,0.1053,1,4.63,10,Spear Of Shojin,Death's Dance,Endless Hunger
ZYRA,Blackfire Torch,Legendary,0.2632,0.6,4.26,25,Liandry's Torment,Rylai's Crystal Scepter,Shadowflame
THRESH,Glowing Mote,Basic,0.0172,0,1.25,5,Locket Of The Iron Solari,Plated Steelcaps,Solstice Sleigh
ASHE,Ionian Boots Of Lucidity,Boots,0.125,0.6667,2.03,10,Bandlepipes,Axiom Arc,Hubris
KAISA,Elixir Of Wrath,Consumable,0.0097,0,1.25,30,Guinsoo's Rageblade,Kraken Slayer,Phantom Dancer
MISSFORTUNE,Cloak Of Agility,Basic,0.1724,0.6,3.28,20,The Collector,Infinity Edge,Bloodthirster
ANNIE,Bloodletter's Curse,Legendary,0.25,1,3.50,25,Blackfire Torch,Liandry's Torment,
TRISTANA,Executioner's Calling,Epic,0.0308,0,0.90,25,Infinity Edge,Navori Flickerblade,The Collector
SONA,Control Ward,Consumable,0.72,0.5833,3.63,20,Echoes Of Helia,Boots Of Swiftness,Ionian Boots Of Lucidity
GALIO,Mejai's Soulstealer,Legendary,0.06,1,7.94,25,Hollow Radiance,Frozen Heart,Hextech Rocketbelt
AMBESSA,Farsight Alteration,Trinket,0.1277,0.4167,2.28,25,Eclipse,Plated Steelcaps,Spear Of Shojin
GNAR,Boots,Boots,0.04,0,0.67,5,Black Cleaver,Trinity Force,
EVELYNN,Banshee's Veil,Legendary,0.125,1,3.17,40,Lich Bane,Rabadon's Deathcap,Void Staff
QIYANA,Bastionbreaker,Legendary,0.0351,1,3.93,10,Profane Hydra,Serylda's Grudge,
ZAC,Boots,Boots,0.037,0,1.00,10,Spectre's Cowl,Sunfire Aegis,
AKALI,Farsight Alteration,Trinket,0.0806,0.4,1.20,15,Hextech Gunblade,Amplifying Tome,Needlessly Large Rod
POPPY,Locket Of The Iron Solari,Legendary,0.2105,0.25,2.56,30,Bandlepipes,Dead Man's Plate,Protoplasm Harness
KLED,Hullbreaker,Legendary,0.4,1,4.30,15,Titanic Hydra,Overlord's Bloodmail,Black Cleaver
ALISTAR,Thornmail,Legendary,0.0172,1,11.33,30,Bandlepipes,Knight's Vow,Locket Of The Iron Solari
ANIVIA,Seeker's Armguard,Epic,0.0278,1,1.50,25,Malignance,Rod Of Ages,
RENGAR,Essence Reaver,Legendary,0.0175,1,5.20,25,Mortal Reminder,Phantom Dancer,Profane Hydra
NUNU,Hextech Rocketbelt,Legendary,0.1034,0.3333,2.92,20,Mejai's Soulstealer,Shadowflame,Stormsurge
VIKTOR,Shadowflame,Legendary,0.3056,0.3636,1.89,25,Blackfire Torch,Luden's Companion,Rabadon's Deathcap
ALISTAR,Shurelya's Battlesong,Legendary,0.0345,1,3.57,20,Redemption,Trailblazer,
SWAIN,Negatron Cloak,Epic,0.0227,0,1.43,25,Malignance,Spectre's Cowl,Zhonya's Hourglass
MEL,Verdant Barrier,Epic,0.0294,0,1.63,30,Rabadon's Deathcap,Seeker's Armguard,Shadowflame
KAYN,Edge Of Night,Legendary,0.3103,0.7778,2.78,30,Axiom Arc,Opportunity,Serylda's Grudge
GNAR,Frozen Heart,Legendary,0.04,0,1.71,35,Randuin's Omen,Sterak's Gage,Trinity Force
VARUS,Warden's Mail,Epic,0.0164,0.5,1.40,25,Dusk And Dawn,Giant's Belt,Experimental Hexplate
LUCIAN,Ionian Boots Of Lucidity,Boots,0.2241,0.4615,1.82,15,Essence Reaver,Infinity Edge,Navori Flickerblade
CAITLYN,Farsight Alteration,Trinket,0.88,0.5114,2.56,15,Infinity Edge,Doran's Blade,The Collector
GWEN,Gustwalker Hatchling,Starter,0.0128,0,0.00,5,Amplifying Tome,Boots,Nashor's Tooth
VEX,Doran's Ring,Starter,0.4211,1,4.21,5,Needlessly Large Rod,Dark Seal,Blackfire Torch
KAYLE,Kindlegem,Epic,0.0345,0,1.50,20,Nashor's Tooth,,
LEONA,Oblivion Orb,Epic,0.0182,1,2.00,20,Kindlegem,Protoplasm Harness,
KARMA,Elixir Of Sorcery,Consumable,0.0137,0,3.08,30,Control Ward,Dawncore,Echoes Of Helia
RUMBLE,Elixir Of Sorcery,Consumable,0.0333,0,0.78,30,Doran's Ring,Liandry's Torment,Plated Steelcaps
SION,Null-Magic Mantle,Basic,0.0256,0,6.00,5,Heartsteel,Plated Steelcaps,Sunfire Aegis
XINZHAO,Steel Sigil,Epic,0.25,0.6,1.94,25,Sundered Sky,Titanic Hydra,Black Cleaver
NUNU,Winged Moonplate,Epic,0.0345,0,1.67,20,Chain Vest,Liandry's Torment,
KENNEN,Blighting Jewel,Epic,0.1143,0.75,2.20,20,Shadowflame,Hextech Gunblade,Hextech Rocketbelt
AATROX,Null-Magic Mantle,Basic,0.0435,1,4.83,15,Mercury's Treads,Spear Of Shojin,Sundered Sky
CHOGATH,Dark Seal,Starter,0.05,0,0.38,5,Boots Of Swiftness,Hextech Rocketbelt,Riftmaker
SION,Locket Of The Iron Solari,Legendary,0.0256,0,3.29,35,"Jak'sho, The Protean",Serpent's Fang,Thornmail
NILAH,Plated Steelcaps,Boots,0.3077,0.25,1.12,25,Infinity Edge,The Collector,Lord Dominik's Regards
TARIC,Plated Steelcaps,Boots,0.4286,0.5,1.98,15,Locket Of The Iron Solari,Bandlepipes,Frozen Heart
NIDALEE,Seeker's Armguard,Epic,0.0938,0.6667,2.54,15,Lich Bane,Dusk And Dawn,Rabadon's Deathcap
CORKI,Dagger,Basic,0.0513,0.5,3.52,5,Plated Steelcaps,Essence Reaver,Infinity Edge
MORDEKAISER,Giant's Belt,Epic,0.0909,0.5,1.96,20,Riftmaker,Dusk And Dawn,Experimental Hexplate
KALISTA,Nashor's Tooth,Legendary,0.0769,1,0.73,20,Guinsoo's Rageblade,Wit's End,
LULU,Luden's Companion,Legendary,0.0123,0,1.40,10,Shadowflame,,
TARIC,Negatron Cloak,Epic,0.0714,0,1.00,25,Trailblazer,Winged Moonplate,
RIVEN,Maw Of Malmortius,Legendary,0.1081,0.75,2.60,20,Sundered Sky,Axiom Arc,Death's Dance
SONA,Rod Of Ages,Legendary,0.04,1,10.60,15,,,
PYKE,Quicksilver Sash,Epic,0.02,0,1.50,25,Serrated Dirk,Umbral Glaive,
MILIO,Redemption,Legendary,0.1429,1,6.05,25,Echoes Of Helia,Moonstone Renewer,Ardent Censer
KHAZIX,Edge Of Night,Legendary,0.5522,0.5135,3.55,25,Umbral Glaive,Serylda's Grudge,Opportunity
OLAF,Oracle Lens,Trinket,0.087,0.5,1.42,15,Stridebreaker,Sundered Sky,Boots Of Swiftness
KOGMAW,Terminus,Legendary,0.0714,1,2.33,25,Blade Of The Ruined King,Guinsoo's Rageblade,Runaan's Hurricane
YUNARA,Vampiric Scepter,Epic,0.0122,1,3.00,30,Fiendhunter Bolts,Infinity Edge,Kraken Slayer
AATROX,Stealth Ward,Trinket,0.3261,0.3333,2.10,5,Sundered Sky,Plated Steelcaps,Long Sword
AMUMU,Ruby Crystal,Basic,0.125,1,3.00,5,Frozen Heart,Null-Magic Mantle,Plated Steelcaps
SETT,Refillable Potion,Consumable,0.1111,0,0.08,5,Long Sword,Doran's Blade,Plated Steelcaps
SMOLDER,Dagger,Basic,0.0741,0.5,2.96,20,Essence Reaver,Boots Of Swiftness,Spear Of Shojin
JANNA,Trailblazer,Legendary,0.0156,1,3.88,25,Ardent Censer,Cosmic Drive,Shurelya's Battlesong
TALON,Umbral Glaive,Legendary,0.5645,0.6,3.29,15,Youmuu's Ghostblade,Serylda's Grudge,Edge Of Night
QUINN,The Collector,Legendary,0.25,1,3.42,15,Lord Dominik's Regards,Edge Of Night,Infinity Edge
YUNARA,Farsight Alteration,Trinket,0.8902,0.5479,2.55,15,Kraken Slayer,Fiendhunter Bolts,Doran's Blade
NILAH,Boots,Boots,0.0769,0,2.20,10,Infinity Edge,Lord Dominik's Regards,The Collector
THRESH,Forbidden Idol,Epic,0.0345,0.5,1.25,25,Bandlepipes,Fiendish Codex,Kindlegem
HEIMERDINGER,Refillable Potion,Consumable,0.1429,0,1.40,15,Amplifying Tome,Control Ward,Echoes Of Helia
VARUS,Experimental Hexplate,Legendary,0.1803,0.4545,1.83,15,Dusk And Dawn,Zhonya's Hourglass,Nashor's Tooth
VI,Ruby Crystal,Basic,0.2,0.5,2.11,10,Sundered Sky,Black Cleaver,Eclipse
NILAH,Cloth Armor,Basic,0.0769,1,2.56,10,Bloodthirster,Immortal Shieldbow,Infinity Edge
NUNU,Randuin's Omen,Legendary,0.2069,0.8333,3.22,25,Liandry's Torment,Spirit Visage,Zhonya's Hourglass
SONA,Plated Steelcaps,Boots,0.04,0.5,2.47,5,Echoes Of Helia,Dream Maker,Verdant Barrier
GAREN,Caulfield's Warhammer,Epic,0.027,0,3.00,25,Dead Man's Plate,Steel Sigil,Stridebreaker
BRAUM,Frozen Heart,Legendary,0.0286,1,6.30,25,Locket Of The Iron Solari,Protoplasm Harness,Randuin's Omen
LEESIN,Scorchclaw Pup,Starter,0.0139,0,0.67,5,Long Sword,Profane Hydra,
JHIN,Long Sword,Basic,0.2222,0.25,2.03,5,Infinity Edge,Stormrazor,Rapid Firecannon
IVERN,Forbidden Idol,Epic,0.2174,0.4,4.90,10,Moonstone Renewer,Redemption,Aether Wisp
ZED,Last Whisper,Epic,0.1075,0.3,2.40,25,Voltaic Cyclosword,Serpent's Fang,Axiom Arc
JAX,Trinity Force,Legendary,0.5417,0.3846,1.71,15,Sundered Sky,Zhonya's Hourglass,Sterak's Gage
NOCTURNE,B. F. Sword,Basic,0.0667,1,2.86,35,Axiom Arc,Edge Of Night,Plated Steelcaps
AURELIONSOL,Void Staff,Legendary,0.0323,0,5.00,30,Liandry's Torment,Rylai's Crystal Scepter,
SKARNER,Bandlepipes,Legendary,1,0.5,3.75,15,Dead Man's Plate,Trinity Force,Zeke's Convergence
NAUTILUS,Force Of Nature,Legendary,0.0104,0,3.22,40,Bandlepipes,Locket Of The Iron Solari,Randuin's Omen
PANTHEON,Null-Magic Mantle,Basic,0.075,0.3333,1.91,15,Boots,Black Cleaver,Blade Of The Ruined King
MILIO,Tear Of The Goddess,Starter,0.0612,0.3333,1.79,5,Ionian Boots Of Lucidity,Moonstone Renewer,Aether Wisp
SENNA,Maw Of Malmortius,Legendary,0.0238,0,3.00,40,Edge Of Night,The Collector,Umbral Glaive
JARVANIV,Refillable Potion,Consumable,0.0149,0,1.71,10,Cloth Armor,Control Ward,Plated Steelcaps
ANIVIA,Boots Of Swiftness,Boots,0.25,0.5556,3.16,15,Rod Of Ages,Haunting Guise,Bandlepipes
YASUO,Mortal Reminder,Legendary,0.0859,0.1818,2.14,25,Immortal Shieldbow,Blade Of The Ruined King,Death's Dance
NAUTILUS,Trailblazer,Legendary,0.0104,1,5.00,15,Zeke's Convergence,,
NUNU,Oracle Lens,Trinket,0.4483,0.2308,1.76,5,Liandry's Torment,Plated Steelcaps,Dark Seal
LEESIN,Maw Of Malmortius,Legendary,0.0833,0.6667,4.77,30,Sundered Sky,Eclipse,Profane Hydra
ZOE,Aether Wisp,Epic,0.0606,1,7.10,15,Luden's Companion,Mejai's Soulstealer,Sheen
ZYRA,Dark Seal,Starter,0.1053,1,3.20,10,Liandry's Torment,Zhonya's Hourglass,Boots
NEEKO,Null-Magic Mantle,Basic,0.0256,0,2.50,25,Hextech Rocketbelt,Ionian Boots Of Lucidity,Ruby Crystal
ALISTAR,Solstice Sleigh,Legendary,0.0517,0.6667,2.64,20,Bandlepipes,Knight's Vow,Locket Of The Iron Solari
KASSADIN,Winter's Approach,Legendary,0.0411,0,2.81,20,Rod Of Ages,Malignance,Mejai's Soulstealer
SHACO,Cryptbloom,Legendary,0.04,0,2.86,25,Blackfire Torch,Liandry's Torment,Shadowflame
BELVETH,Oracle Lens,Trinket,0.5714,0.4167,1.77,5,Kraken Slayer,Plated Steelcaps,Dagger
TARIC,Frozen Heart,Legendary,0.1429,0,1.91,10,Locket Of The Iron Solari,,
GRAVES,Bloodthirster,Legendary,0.1905,0.5,1.34,20,Lord Dominik's Regards,Immortal Shieldbow,Infinity Edge
SYNDRA,Blasting Wand,Basic,0.1148,0.4286,1.80,25,Luden's Companion,Blighting Jewel,Rabadon's Deathcap
KARMA,Redemption,Legendary,0.4932,0.5278,2.65,25,Moonstone Renewer,Dawncore,Shurelya's Battlesong
ZED,Mercury's Treads,Boots,0.0645,0.8333,2.34,15,Voltaic Cyclosword,Axiom Arc,Eclipse
AURORA,Stealth Ward,Trinket,0.3636,0.5,3.04,5,Luden's Companion,Sorcerer's Shoes,Doran's Ring
MISSFORTUNE,Noonquiver,Epic,0.1034,0,0.65,25,The Collector,Infinity Edge,Youmuu's Ghostblade
AATROX,Pickaxe,Basic,0.2609,0.6667,2.64,5,Sundered Sky,Plated Steelcaps,Caulfield's Warhammer
VEIGAR,Refillable Potion,Consumable,0.069,0.5,3.75,5,Needlessly Large Rod,Rod Of Ages,Blasting Wand
ANIVIA,Control Ward,Consumable,0.1667,0.5,3.51,5,Rod Of Ages,Zhonya's Hourglass,Boots Of Swiftness
ORNN,Stealth Ward,Trinket,0.3902,0.6875,2.59,5,Plated Steelcaps,Sunfire Aegis,Doran's Shield
MORDEKAISER,Oblivion Orb,Epic,0.0909,0,1.11,10,Hextech Rocketbelt,Dusk And Dawn,Experimental Hexplate
POPPY,Hollow Radiance,Legendary,0.0526,1,1.50,15,,,
APHELIOS,Guardian Angel,Legendary,0.0753,0.7143,2.61,35,Infinity Edge,Lord Dominik's Regards,The Collector
KALISTA,Dagger,Basic,0.1538,1,2.05,5,Blade Of The Ruined King,Guinsoo's Rageblade,Plated Steelcaps
WARWICK,Oracle Lens,Trinket,0.3636,0,1.88,5,Ruby Crystal,Stridebreaker,Bandlepipes
ZYRA,Void Staff,Legendary,0.1053,0.5,2.50,30,Liandry's Torment,Shadowflame,Blackfire Torch
FIZZ,Zhonya's Hourglass,Legendary,0.5789,0.4545,2.86,20,Lich Bane,Rabadon's Deathcap,Shadowflame
ZED,Cloak Of Agility,Basic,0.0108,0,0.71,25,Ionian Boots Of Lucidity,Last Whisper,Voltaic Cyclosword
AZIR,Nashor's Tooth,Legendary,1,0.3846,2.28,15,Rabadon's Deathcap,Rylai's Crystal Scepter,Zhonya's Hourglass
THRESH,Control Ward,Consumable,0.8448,0.4694,2.87,10,Locket Of The Iron Solari,Boots Of Swiftness,Bandlepipes
ZAAHEN,Boots Of Swiftness,Boots,0.0256,0,0.67,20,Executioner's Calling,Sundered Sky,Trinity Force
ANIVIA,Zhonya's Hourglass,Legendary,0.1389,0.4,3.20,25,Rod Of Ages,Liandry's Torment,Malignance
ZAAHEN,Mercury's Treads,Boots,0.5641,0.6818,2.36,15,Trinity Force,Death's Dance,Sundered Sky
KSANTE,Sheen,Epic,0.0588,0.5,0.69,20,Chain Vest,Frozen Heart,Kaenic Rookern
GAREN,Executioner's Calling,Epic,0.1351,0,0.68,25,Stridebreaker,Phantom Dancer,Chain Vest
KAISA,Phantom Dancer,Legendary,0.0485,0.2,2.36,20,Guinsoo's Rageblade,Infinity Edge,Kraken Slayer
CASSIOPEIA,Farsight Alteration,Trinket,0.6154,0.5625,1.73,15,Rod Of Ages,Rylai's Crystal Scepter,Doran's Ring
MORDEKAISER,Thornmail,Legendary,0.0909,0.5,1.96,25,Dusk And Dawn,Experimental Hexplate,Hextech Rocketbelt
HWEI,Needlessly Large Rod,Basic,0.3182,0.5714,1.98,25,Sorcerer's Shoes,Blackfire Torch,Horizon Focus
XINZHAO,Death's Dance,Legendary,0.15,1,4.14,10,Sundered Sky,Black Cleaver,Guardian Angel
LISSANDRA,Seeker's Armguard,Epic,0.0588,0,0.50,20,Malignance,,
MALZAHAR,Blighting Jewel,Epic,0.0714,1,1.56,25,Blackfire Torch,Liandry's Torment,Rabadon's Deathcap
GRAVES,Control Ward,Consumable,0.1429,0.6667,2.56,5,Youmuu's Ghostblade,Black Cleaver,Cloak Of Agility
SEJUANI,Bandlepipes,Legendary,0.0714,0,1.86,30,Protoplasm Harness,Thornmail,
ZED,Boots,Boots,0.0215,0,0.31,10,Profane Hydra,Umbral Glaive,
AKALI,Mercury's Treads,Boots,0.1129,0.2857,2.39,15,Hextech Gunblade,Shadowflame,Rabadon's Deathcap
LUCIAN,Long Sword,Basic,0.1897,0.2727,2.80,5,Essence Reaver,Navori Flickerblade,Infinity Edge
ORIANNA,Aether Wisp,Epic,0.0278,1,2.33,15,Blackfire Torch,Fiendish Codex,
VLADIMIR,Giant's Belt,Epic,0.0175,1,2.00,25,Kaenic Rookern,Liandry's Torment,Riftmaker
TRISTANA,Mortal Reminder,Legendary,0.0308,0.5,2.05,25,Infinity Edge,Navori Flickerblade,Hexoptics C44
NOCTURNE,Sterak's Gage,Legendary,0.0667,1,3.60,35,Black Cleaver,Death's Dance,Experimental Hexplate
GRAVES,B. F. Sword,Basic,0.0476,1,1.42,20,Hubris,Immortal Shieldbow,Lord Dominik's Regards
KALISTA,Kraken Slayer,Legendary,0.0769,1,4.50,25,Blade Of The Ruined King,Terminus,Yun Tal Wildarrows
YORICK,Serrated Dirk,Epic,0.0833,0,1.33,30,Axiom Arc,Bastionbreaker,Eclipse
IRELIA,Boots Of Swiftness,Boots,0.0167,1,0.30,25,Blade Of The Ruined King,Endless Hunger,Hextech Gunblade
SHEN,Sterak's Gage,Legendary,0.025,0,2.09,40,Iceborn Gauntlet,Kaenic Rookern,Randuin's Omen
EKKO,Blighting Jewel,Epic,0.08,0.375,2.33,30,Dusk And Dawn,Rabadon's Deathcap,Shadowflame
TALIYAH,Luden's Companion,Legendary,0.1525,0.5556,3.10,15,Shadowflame,Rabadon's Deathcap,Rylai's Crystal Scepter
LISSANDRA,Elixir Of Sorcery,Consumable,0.0588,0,2.50,35,Fiendish Codex,Luden's Companion,Rabadon's Deathcap
GNAR,Long Sword,Basic,0.12,0.3333,1.05,5,Black Cleaver,Mercury's Treads,Ruby Crystal
LILLIA,Riftmaker,Legendary,0.7857,0.4545,3.64,25,Liandry's Torment,Zhonya's Hourglass,Rylai's Crystal Scepter
ANIVIA,Doran's Ring,Starter,0.5,0.5,3.05,5,Rod Of Ages,Boots Of Swiftness,Tear Of The Goddess
GNAR,Tunneler,Epic,0.24,0.8333,3.83,20,Trinity Force,Black Cleaver,Executioner's Calling
MASTERYI,Elixir Of Wrath,Consumable,0.0667,0,2.02,35,Guinsoo's Rageblade,Kraken Slayer,Mercury's Treads
KINDRED,Infinity Edge,Legendary,0.4,0.5,2.15,25,The Collector,Kraken Slayer,Mortal Reminder
JINX,Doran's Blade,Starter,0.6471,0.3409,2.11,5,Yun Tal Wildarrows,Berserker's Greaves,Infinity Edge
JANNA,Forbidden Idol,Epic,0.2031,0.6154,3.99,20,Moonstone Renewer,Redemption,Shurelya's Battlesong
VARUS,Hexoptics C44,Legendary,0.0164,0.5,2.00,20,The Collector,Youmuu's Ghostblade,Bloodthirster
THRESH,Boots Of Swiftness,Boots,0.569,0.5758,3.20,15,Locket Of The Iron Solari,Bandlepipes,Kindlegem
ZAC,Bloodletter's Curse,Legendary,0.0741,1,4.83,25,Hextech Rocketbelt,Spirit Visage,Sunfire Aegis
APHELIOS,Stormrazor,Legendary,0.6774,0.6349,2.36,15,Infinity Edge,Lord Dominik's Regards,Immortal Shieldbow
KLED,Refillable Potion,Consumable,0.1,1,3.00,5,Doran's Blade,Pickaxe,Plated Steelcaps
MAOKAI,Chain Vest,Epic,0.1,1,4.00,10,Bloodletter's Curse,Kindlegem,Liandry's Torment
MEL,Ionian Boots Of Lucidity,Boots,0.1471,0.4,2.47,15,Blackfire Torch,Bloodletter's Curse,Rabadon's Deathcap
JHIN,Stealth Ward,Trinket,0.0417,0,2.11,5,Stormrazor,B. F. Sword,Cloak Of Agility
TALON,Axiom Arc,Legendary,0.4194,0.5769,2.88,20,Youmuu's Ghostblade,Serylda's Grudge,Umbral Glaive
LEBLANC,Shadowflame,Legendary,0.4722,0.5882,3.86,20,Luden's Companion,Mejai's Soulstealer,Rabadon's Deathcap
CAITLYN,Zeal,Epic,0.05,0.4,1.08,25,Infinity Edge,The Collector,Stormrazor
GWEN,Seeker's Armguard,Epic,0.0385,1,2.22,25,Dusk And Dawn,Nashor's Tooth,Riftmaker
PYKE,Pickaxe,Basic,0.06,0.6667,2.83,20,Youmuu's Ghostblade,Boots Of Swiftness,Long Sword
YORICK,Mercury's Treads,Boots,0.3333,0.5,1.99,15,Trinity Force,Caulfield's Warhammer,Tunneler
GRAGAS,Zhonya's Hourglass,Legendary,0.1364,0.6667,2.96,25,Hextech Rocketbelt,Rod Of Ages,Cryptbloom
VOLIBEAR,Elixir Of Iron,Consumable,0.0351,0.5,3.30,35,Dusk And Dawn,Mercury's Treads,Navori Flickerblade
TALON,Doran's Blade,Starter,0.0323,0,1.11,5,Caulfield's Warhammer,Youmuu's Ghostblade,Black Cleaver
SMOLDER,Mercurial Scimitar,Legendary,0.0185,0,2.25,35,Essence Reaver,Infinity Edge,Lord Dominik's Regards
SWAIN,Sorcerer's Shoes,Boots,0.0455,0.5,1.18,20,Malignance,Rylai's Crystal Scepter,Liandry's Torment
YONE,Stealth Ward,Trinket,0.1778,0.375,1.96,5,Blade Of The Ruined King,Berserker's Greaves,Immortal Shieldbow
YORICK,Last Whisper,Epic,0.0833,0,0.44,30,Caulfield's Warhammer,Spear Of Shojin,Trinity Force
FIDDLESTICKS,Ionian Boots Of Lucidity,Boots,0.1429,0.75,3.54,10,Abyssal Mask,Bramble Vest,Hextech Rocketbelt
ZAC,Ruby Crystal,Basic,0.1481,0.75,5.42,15,Sunfire Aegis,Mercury's Treads,Bramble Vest
ZERI,Scout's Slingshot,Epic,0.0323,0,1.29,10,Yun Tal Wildarrows,Zeal,
NAMI,Oracle Lens,Trinket,1,0.5224,3.12,10,Imperial Mandate,Control Ward,Ionian Boots Of Lucidity
JHIN,Zeal,Epic,0.1111,0.375,4.03,25,Infinity Edge,Stormrazor,Lord Dominik's Regards
VIEGO,Executioner's Calling,Epic,0.0088,1,2.00,20,The Collector,,
IVERN,Zhonya's Hourglass,Legendary,0.1304,0.6667,6.08,25,Malignance,Mejai's Soulstealer,Bloodletter's Curse
MORDEKAISER,Control Ward,Consumable,0.0455,0,0.40,5,Boots,Cloth Armor,Doran's Ring
VELKOZ,Malignance,Legendary,0.0588,0,2.31,10,Bloodletter's Curse,Horizon Focus,Rabadon's Deathcap
NAMI,Plated Steelcaps,Boots,0.0075,0,1.27,20,Imperial Mandate,Kindlegem,Oblivion Orb
TWISTEDFATE,Dark Seal,Starter,0.1944,0.2857,2.30,10,Rod Of Ages,Lich Bane,Doran's Ring
JINX,Noonquiver,Epic,0.0441,0.3333,1.37,25,Infinity Edge,Phantom Dancer,Yun Tal Wildarrows
AMBESSA,Black Cleaver,Legendary,0.0638,0.5,1.17,20,Eclipse,Spear Of Shojin,Death's Dance
LUCIAN,Mortal Reminder,Legendary,0.069,0.5,2.00,25,Essence Reaver,Navori Flickerblade,Infinity Edge
JARVANIV,Endless Hunger,Legendary,0.0746,0.6,4.80,20,Axiom Arc,Profane Hydra,Guardian Angel
BARD,Fiendish Codex,Epic,0.0128,1,4.14,20,Bandlepipes,Dead Man's Plate,Liandry's Torment
AURORA,Blackfire Torch,Legendary,0.0455,1,3.50,15,Shadowflame,Zhonya's Hourglass,
BARD,Wit's End,Legendary,0.0128,1,2.38,25,Bandlepipes,Knight's Vow,
NUNU,Gustwalker Hatchling,Starter,0.0345,0,0.71,5,Boots Of Swiftness,Cloth Armor,Kindlegem
KSANTE,Elixir Of Iron,Consumable,0.0588,1,2.23,25,Iceborn Gauntlet,"Jak'sho, The Protean",Plated Steelcaps
ASHE,Hubris,Legendary,0.0417,1,1.78,20,Axiom Arc,Mortal Reminder,
CORKI,Lord Dominik's Regards,Legendary,0.1282,0.5,2.76,30,Infinity Edge,Trinity Force,Essence Reaver
FIORA,Control Ward,Consumable,0.0256,1,1.50,25,Death's Dance,Doran's Blade,Plated Steelcaps
PANTHEON,Stealth Ward,Trinket,0.225,0.4444,1.55,5,Eclipse,Long Sword,Doran's Blade
CORKI,Guardian Angel,Legendary,0.0128,1,10.00,30,Essence Reaver,Immortal Shieldbow,Infinity Edge
LISSANDRA,Zhonya's Hourglass,Legendary,0.6471,0.4545,1.99,25,Malignance,Shadowflame,Luden's Companion
VARUS,Control Ward,Consumable,0.0164,0.5,1.38,15,Dusk And Dawn,Blade Of The Ruined King,Guinsoo's Rageblade
KASSADIN,Blasting Wand,Basic,0.0548,0.25,2.14,10,Rod Of Ages,Mercury's Treads,Frozen Heart
SHEN,Tiamat,Epic,0.025,0,1.20,10,Bramble Vest,Giant's Belt,Warmog's Armor
KHAZIX,Hubris,Legendary,0.0448,0.3333,2.35,10,Edge Of Night,Profane Hydra,Umbral Glaive
ZILEAN,Needlessly Large Rod,Basic,0.0256,1,4.33,30,Shurelya's Battlesong,,
RAKAN,Cloth Armor,Basic,0.119,0.8,2.38,10,Zeke's Convergence,Kindlegem,Locket Of The Iron Solari
AHRI,Mejai's Soulstealer,Legendary,0.1304,0.6667,4.43,25,Malignance,Shadowflame,Zhonya's Hourglass
TALON,Boots,Boots,0.0645,0.25,1.60,10,Serpent's Fang,Youmuu's Ghostblade,Axiom Arc
MAOKAI,Oracle Lens,Trinket,0.9,0.4444,1.93,10,Control Ward,Locket Of The Iron Solari,Boots Of Swiftness
UDYR,Death's Dance,Legendary,0.1333,0,2.24,20,Endless Hunger,Hextech Gunblade,Spirit Visage
MALZAHAR,Doran's Ring,Starter,0.2857,0.5,1.09,5,Liandry's Torment,Blackfire Torch,Rylai's Crystal Scepter
KAISA,Void Staff,Legendary,0.0291,0.6667,2.85,30,Guinsoo's Rageblade,Kraken Slayer,Nashor's Tooth
TWISTEDFATE,Zeal,Epic,0.0833,0,0.89,15,Lich Bane,Rod Of Ages,Scout's Slingshot
IVERN,Amplifying Tome,Basic,0.1304,0.3333,2.05,5,Ionian Boots Of Lucidity,Ardent Censer,Glowing Mote
TALON,Last Whisper,Epic,0.0645,0.75,3.51,25,Umbral Glaive,Youmuu's Ghostblade,Edge Of Night
PANTHEON,Serpent's Fang,Legendary,0.2,0.5,2.97,20,Youmuu's Ghostblade,Eclipse,Edge Of Night
LEBLANC,Zaz'zak's Realmspike,Legendary,0.0278,0,3.00,15,Hextech Gunblade,,
XAYAH,Guardian Angel,Legendary,0.125,0.5,1.23,30,Infinity Edge,Essence Reaver,Lord Dominik's Regards
MALPHITE,Glowing Mote,Basic,0.0141,0,1.13,5,Malignance,Null-Magic Mantle,Plated Steelcaps
VOLIBEAR,Axiom Arc,Legendary,0.0175,1,1.25,20,Hextech Gunblade,,
YUUMI,Staff Of Flowing Water,Legendary,0.069,0,1.35,15,Echoes Of Helia,Mikael's Blessing,
VLADIMIR,Hextech Rocketbelt,Legendary,0.7544,0.5349,2.86,15,Rabadon's Deathcap,Riftmaker,Mejai's Soulstealer
JARVANIV,Elixir Of Wrath,Consumable,0.0597,0.5,5.55,30,Axiom Arc,Profane Hydra,Death's Dance
RELL,Chain Vest,Epic,0.1136,0.8,2.63,30,Zeke's Convergence,Kindlegem,Locket Of The Iron Solari
BRAND,Cryptbloom,Legendary,0.0714,1,1.80,35,Liandry's Torment,Rylai's Crystal Scepter,Malignance
TRUNDLE,Doran's Blade,Starter,0.0909,0,0.18,5,Blade Of The Ruined King,Mercury's Treads,Ravenous Hydra
LEONA,Bandlepipes,Legendary,0.6182,0.6176,3.08,15,Locket Of The Iron Solari,Protoplasm Harness,Knight's Vow
SWAIN,Dark Seal,Starter,0.2955,0.3077,2.72,5,Doran's Ring,Rylai's Crystal Scepter,Malignance
HECARIM,Caulfield's Warhammer,Epic,0.2105,0.25,2.48,20,Spear Of Shojin,Endless Hunger,Axiom Arc
CORKI,Long Sword,Basic,0.2692,0.3333,2.02,5,Plated Steelcaps,Trinity Force,Infinity Edge
MORGANA,Dark Seal,Starter,0.1538,1,4.00,5,Amplifying Tome,Fated Ashes,Ionian Boots Of Lucidity
GALIO,Cloth Armor,Basic,0.24,0.3333,2.08,15,Amplifying Tome,Riftmaker,Hextech Rocketbelt
SHACO,Essence Reaver,Legendary,0.04,1,0.50,30,Infinity Edge,Profane Hydra,Umbral Glaive
CAMILLE,Vampiric Scepter,Epic,0.0714,1,3.50,20,Trinity Force,,
RIVEN,Mercury's Treads,Boots,0.1622,0.8333,3.67,10,Sundered Sky,Axiom Arc,Death's Dance
DIANA,Seeker's Armguard,Epic,0.0926,0.4,1.85,25,Dusk And Dawn,Riftmaker,Liandry's Torment
POPPY,Sundered Sky,Legendary,0.3684,0.5714,2.06,15,Dead Man's Plate,Iceborn Gauntlet,Randuin's Omen
ZERI,Cull,Starter,0.0968,0.3333,1.29,5,Doran's Blade,Yun Tal Wildarrows,Berserker's Greaves
NIDALEE,Elixir Of Sorcery,Consumable,0.0625,0.5,4.46,30,Control Ward,Echoes Of Helia,Hextech Rocketbelt
SERAPHINE,Lost Chapter,Epic,0.0625,0,1.70,10,Blackfire Torch,Fated Ashes,Hextech Alternator
TRYNDAMERE,Quicksilver Sash,Epic,0.0588,1,2.50,35,Essence Reaver,Infinity Edge,Ravenous Hydra
ANNIE,Rylai's Crystal Scepter,Legendary,0.25,1,7.67,20,Banshee's Veil,Malignance,Shadowflame
TALIYAH,Cosmic Drive,Legendary,0.0678,0.5,2.30,30,Liandry's Torment,Blackfire Torch,Cryptbloom
IVERN,Dark Seal,Starter,0.3043,0.4286,2.43,5,Ionian Boots Of Lucidity,Redemption,Bandleglass Mirror
JARVANIV,Warden's Mail,Epic,0.0299,0.5,4.33,20,Sundered Sky,Black Cleaver,Bramble Vest
GWEN,Sheen,Epic,0.0385,0.6667,2.08,10,Nashor's Tooth,Kindlegem,Negatron Cloak
EVELYNN,Stealth Ward,Trinket,0.375,0.6667,3.06,5,Lich Bane,Dark Seal,Rabadon's Deathcap
VELKOZ,Shurelya's Battlesong,Legendary,0.0294,1,2.86,25,Horizon Focus,Shadowflame,
RAKAN,Glacial Buckler,Epic,0.0238,0,1.00,25,Bandlepipes,Warden's Mail,
VOLIBEAR,Doran's Ring,Starter,0.1053,0.8333,1.07,5,Plated Steelcaps,Dusk And Dawn,Cloth Armor
JAX,Riftmaker,Legendary,0.0694,0.6,2.02,20,Dusk And Dawn,Zhonya's Hourglass,Death's Dance
DIANA,Amplifying Tome,Basic,0.2315,0.2,1.47,15,Dusk And Dawn,Riftmaker,Plated Steelcaps
CHOGATH,Refillable Potion,Consumable,0.1,0,0.63,5,Doran's Ring,Hextech Rocketbelt,Riftmaker
XAYAH,Infinity Edge,Legendary,0.6875,0.6364,2.73,25,Navori Flickerblade,Essence Reaver,Lord Dominik's Regards
VARUS,Ruby Crystal,Basic,0.0082,1,1.75,5,Blade Of The Ruined King,Dusk And Dawn,Guinsoo's Rageblade
JHIN,Edge Of Night,Legendary,0.0139,1,1.58,40,Infinity Edge,Lord Dominik's Regards,Rapid Firecannon
NASUS,Chain Vest,Epic,0.0417,1,5.67,20,Bandlepipes,Frozen Heart,Giant's Belt
RENEKTON,Cloth Armor,Basic,0.0308,0.5,2.56,5,Mercury's Treads,Black Cleaver,Eclipse
MASTERYI,Endless Hunger,Legendary,0.0667,1,2.07,25,Guinsoo's Rageblade,Blade Of The Ruined King,Kraken Slayer
XINZHAO,Refillable Potion,Consumable,0.05,0,0.38,5,Boots,Doran's Ring,Frozen Heart
SYNDRA,Blighting Jewel,Epic,0.1803,0.5455,2.40,25,Luden's Companion,Rabadon's Deathcap,Shadowflame
VEIGAR,Hextech Rocketbelt,Legendary,0.1034,0.3333,2.23,15,Rabadon's Deathcap,Blackfire Torch,Dead Man's Plate
MEL,Boots,Boots,0.0294,0,0.00,10,Blackfire Torch,,
SENNA,Pickaxe,Basic,0.0238,0,1.00,10,Boots Of Swiftness,Hubris,Serrated Dirk
MASTERYI,Recurve Bow,Epic,0.1333,0.75,2.06,10,Kraken Slayer,Blade Of The Ruined King,Guinsoo's Rageblade
ANIVIA,Fiendish Codex,Epic,0.0278,1,13.00,20,Blighting Jewel,Liandry's Torment,Rod Of Ages
PANTHEON,Doran's Blade,Starter,0.25,0.5,2.92,5,Eclipse,Long Sword,Plated Steelcaps
JAX,Negatron Cloak,Epic,0.0556,0.5,3.10,30,Zhonya's Hourglass,Dusk And Dawn,Recurve Bow
GRAVES,Gustwalker Hatchling,Starter,0.0476,0,0.17,5,Serrated Dirk,Youmuu's Ghostblade,
VAYNE,Blade Of The Ruined King,Legendary,0.2113,0.3333,1.22,15,Guinsoo's Rageblade,Terminus,Experimental Hexplate
JARVANIV,Guardian Angel,Legendary,0.0896,0.6667,4.17,20,Profane Hydra,Axiom Arc,Sundered Sky
IRELIA,Sterak's Gage,Legendary,0.0333,1,1.92,35,Blade Of The Ruined King,Death's Dance,Hullbreaker
SHACO,Ruby Crystal,Basic,0.08,0,1.38,10,Blackfire Torch,Fated Ashes,Haunting Guise
GAREN,Doran's Shield,Starter,0.2973,0.4545,1.49,5,Stridebreaker,Berserker's Greaves,Phantom Dancer
KHAZIX,Steel Sigil,Epic,0.0299,0.5,1.56,30,Bastionbreaker,Edge Of Night,Umbral Glaive
VI,Eclipse,Legendary,0.2,0.5,2.46,10,Sundered Sky,The Collector,
ZED,Death's Dance,Legendary,0.0215,0.5,3.58,30,Voltaic Cyclosword,Axiom Arc,Edge Of Night
ILLAOI,The Brutalizer,Epic,0.125,0,1.00,25,Spear Of Shojin,,
LISSANDRA,Blackfire Torch,Legendary,0.0588,0,0.90,15,Zhonya's Hourglass,,
UDYR,Pickaxe,Basic,0.0667,1,3.50,5,Boots Of Swiftness,Dusk And Dawn,Kraken Slayer
MILIO,Mikael's Blessing,Legendary,0.0612,0.6667,2.83,15,Ardent Censer,Echoes Of Helia,Redemption
BRAND,Liandry's Torment,Legendary,0.6429,0.4444,1.81,20,Rylai's Crystal Scepter,Blackfire Torch,Bloodletter's Curse
SHEN,Hollow Radiance,Legendary,0.1,0.75,3.36,15,Titanic Hydra,Dead Man's Plate,Iceborn Gauntlet
WARWICK,Ruby Crystal,Basic,0.1818,0,1.25,15,Bandlepipes,Boots Of Swiftness,Kraken Slayer
KATARINA,Vampiric Scepter,Epic,0.0179,1,2.67,10,Kraken Slayer,Recurve Bow,
DIANA,Farsight Alteration,Trinket,0.0278,0,1.66,15,Dusk And Dawn,Shadowflame,Amplifying Tome
ALISTAR,Glowing Mote,Basic,0.0172,0,1.60,10,Bandlepipes,Bramble Vest,Mercury's Treads
CAMILLE,Hexdrinker,Epic,0.0714,1,2.29,30,Death's Dance,Ravenous Hydra,Trinity Force
MORGANA,Stormsurge,Legendary,0.0769,0,1.13,30,Liandry's Torment,Mejai's Soulstealer,
VARUS,Kaenic Rookern,Legendary,0.0082,1,2.00,10,,,
LUX,Boots Of Swiftness,Boots,0.0256,0,2.13,10,Fiendish Codex,Luden's Companion,Zhonya's Hourglass
DARIUS,Stridebreaker,Legendary,0.8049,0.4545,2.73,15,Sterak's Gage,Dead Man's Plate,Force Of Nature
ELISE,Bloodletter's Curse,Legendary,0.0256,1,3.00,30,Hextech Rocketbelt,Rylai's Crystal Scepter,
RIVEN,Hexdrinker,Epic,0.1081,1,1.77,20,Sundered Sky,Axiom Arc,Caulfield's Warhammer
PYKE,Refillable Potion,Consumable,0.02,0,2.13,5,Boots Of Swiftness,Control Ward,Serrated Dirk
AURORA,Aether Wisp,Epic,0.0455,0,0.67,10,Hextech Alternator,Luden's Companion,
DRAVEN,Phantom Dancer,Legendary,0.0227,1,2.22,25,Infinity Edge,The Collector,
CHOGATH,Chain Vest,Epic,0.2,0.5,0.78,25,Hextech Rocketbelt,Fiendish Codex,Haunting Guise
NASUS,Doran's Shield,Starter,0.3333,0.375,1.69,5,Trinity Force,Ionian Boots Of Lucidity,Frozen Heart
NOCTURNE,Guardian Angel,Legendary,0.0667,1,3.33,30,Black Cleaver,Experimental Hexplate,Stridebreaker
JAX,Phage,Epic,0.0417,0.3333,1.44,10,Sundered Sky,Tiamat,Trinity Force
VARUS,Dusk And Dawn,Legendary,0.5902,0.5,1.94,15,Nashor's Tooth,Riftmaker,Experimental Hexplate
LUCIAN,Kraken Slayer,Legendary,0.0172,0,0.67,15,Essence Reaver,Lord Dominik's Regards,
EKKO,Amplifying Tome,Basic,0.14,0.5,3.81,15,Dusk And Dawn,Sorcerer's Shoes,Rabadon's Deathcap
MAOKAI,Bami's Cinder,Epic,0.1,0,2.20,10,Bandlepipes,Dead Man's Plate,
GNAR,Black Cleaver,Legendary,0.6,0.6,2.60,20,Trinity Force,Sterak's Gage,Randuin's Omen
BRAUM,Oracle Lens,Trinket,1,0.4714,3.02,10,Control Ward,Bandlepipes,Plated Steelcaps
IVERN,Echoes Of Helia,Legendary,0.1304,0.3333,2.89,15,Moonstone Renewer,Redemption,Dawncore
ZED,B. F. Sword,Basic,0.0108,1,2.50,30,Axiom Arc,Ionian Boots Of Lucidity,Maw Of Malmortius
GANGPLANK,Doran's Blade,Starter,0.28,0.8571,2.17,5,Essence Reaver,Cloak Of Agility,Boots Of Swiftness
FIORA,Ruby Crystal,Basic,0.1538,0.6667,3.77,15,Ravenous Hydra,Plated Steelcaps,Trinity Force
MORGANA,Amplifying Tome,Basic,0.3077,0.25,1.47,5,Blackfire Torch,Needlessly Large Rod,Rylai's Crystal Scepter
MALPHITE,Sunfire Aegis,Legendary,0.507,0.5556,2.68,15,Thornmail,Frozen Heart,Kaenic Rookern
VAYNE,Noonquiver,Epic,0.0141,0,0.63,15,Kraken Slayer,,
RAMMUS,Protoplasm Harness,Legendary,0.1,0,1.80,20,"Jak'sho, The Protean",Thornmail,
SONA,Zhonya's Hourglass,Legendary,0.02,0,1.94,30,Dream Maker,Echoes Of Helia,
SENNA,Ruby Crystal,Basic,0.0476,0,3.60,5,Boots Of Swiftness,Echoes Of Helia,Bandleglass Mirror
VAYNE,Berserker's Greaves,Boots,0.6197,0.6136,2.04,10,Stormrazor,Essence Reaver,Blade Of The Ruined King
KAISA,Manamune,Legendary,0.0097,0,0.33,15,,,
CASSIOPEIA,Rylai's Crystal Scepter,Legendary,0.5769,0.7333,2.25,25,Rod Of Ages,Rabadon's Deathcap,Zhonya's Hourglass
TALON,Tunneler,Epic,0.0484,1,3.97,20,Youmuu's Ghostblade,Serrated Dirk,Serylda's Grudge
DIANA,Bloodletter's Curse,Legendary,0.0556,0.5,4.76,30,Riftmaker,Dusk And Dawn,Hextech Rocketbelt
KSANTE,Frozen Heart,Legendary,0.0588,0.5,2.72,15,Iceborn Gauntlet,"Jak'sho, The Protean",Thornmail
XAYAH,Yun Tal Wildarrows,Legendary,0.1875,0.3333,1.67,15,Infinity Edge,Navori Flickerblade,
AHRI,Liandry's Torment,Legendary,0.1304,1,5.47,20,Blackfire Torch,Cosmic Drive,Banshee's Veil
MASTERYI,Hearthbound Axe,Epic,0.0333,0,0.83,10,Blade Of The Ruined King,Guinsoo's Rageblade,
TAHMKENCH,Farsight Alteration,Trinket,0.1538,0.5,1.27,15,Heartsteel,Mercury's Treads,Bramble Vest
YORICK,Doran's Blade,Starter,0.3333,0.75,2.67,5,Spear Of Shojin,Trinity Force,Long Sword
KINDRED,Zeal,Epic,0.0667,0,2.60,35,Kraken Slayer,Mortal Reminder,Serpent's Fang
TALIYAH,Mejai's Soulstealer,Legendary,0.1356,1,6.37,30,Zhonya's Hourglass,Blackfire Torch,Rabadon's Deathcap
VI,Giant's Belt,Epic,0.1,1,1.36,25,Sterak's Gage,Sundered Sky,Warden's Mail
DRMUNDO,Giant's Belt,Epic,0.1781,0.8462,3.00,5,Heartsteel,Warmog's Armor,Dead Man's Plate
RELL,Redemption,Legendary,0.0455,0.5,6.67,25,Locket Of The Iron Solari,Zeke's Convergence,
VAYNE,Experimental Hexplate,Legendary,0.1408,0.6,4.30,30,Stormrazor,Trinity Force,Wit's End
AATROX,Spear Of Shojin,Legendary,0.3478,0.375,2.65,20,Sundered Sky,Endless Hunger,Voltaic Cyclosword
AKALI,Rabadon's Deathcap,Legendary,0.2581,0.625,2.84,25,Hextech Gunblade,Shadowflame,Zhonya's Hourglass
VIEGO,Farsight Alteration,Trinket,0.0442,0.6,2.24,15,Immortal Shieldbow,Long Sword,Elixir Of Wrath
QUINN,Statikk Shiv,Legendary,0.125,0,0.44,15,Edge Of Night,Serpent's Fang,
SONA,Mercury's Treads,Boots,0.02,0,2.60,20,Forbidden Idol,Moonstone Renewer,
YUUMI,Redemption,Legendary,0.1724,0.4,3.51,15,Moonstone Renewer,Dawncore,Mikael's Blessing
GNAR,Stealth Ward,Trinket,0.36,0.3333,1.73,5,Trinity Force,Black Cleaver,Plated Steelcaps
GNAR,Control Ward,Consumable,0.08,1,0.80,15,Plated Steelcaps,Sterak's Gage,Trinity Force
CHOGATH,Heartsteel,Legendary,0.2,0.5,2.30,15,Force Of Nature,Dead Man's Plate,"Jak'sho, The Protean"
THRESH,Null-Magic Mantle,Basic,0.0862,0,1.37,10,Bandlepipes,Kindlegem,Cloth Armor
TWITCH,Guardian Angel,Legendary,0.0303,0,2.04,35,Fiendhunter Bolts,Infinity Edge,Lord Dominik's Regards
WARWICK,Titanic Hydra,Legendary,0.0909,0,1.83,10,Frozen Heart,"Jak'sho, The Protean",
SYNDRA,Fiendish Codex,Epic,0.0984,0.6667,2.15,15,Blackfire Torch,Cosmic Drive,Luden's Companion
MONKEYKING,Doran's Blade,Starter,0.1923,0.6,3.99,5,Essence Reaver,Executioner's Calling,Mortal Reminder
HWEI,Blasting Wand,Basic,0.0909,1,2.33,30,Blackfire Torch,Rabadon's Deathcap,Blighting Jewel
MORDEKAISER,Sheen,Epic,0.0455,0,1.00,20,Hextech Rocketbelt,Oblivion Orb,
UDYR,Spirit Visage,Legendary,0.4,0.3333,2.61,25,Dusk And Dawn,Liandry's Torment,Dead Man's Plate
MONKEYKING,Serylda's Grudge,Legendary,0.0385,0,1.50,30,Axiom Arc,Death's Dance,Sundered Sky
GRAVES,Noonquiver,Epic,0.0952,0,1.65,20,The Collector,Hubris,Infinity Edge
JARVANIV,Doran's Shield,Starter,0.0149,0,1.43,5,Mercury's Treads,Phage,Sterak's Gage
ELISE,Hextech Rocketbelt,Legendary,0.1026,0.5,2.08,15,Bloodletter's Curse,Rylai's Crystal Scepter,Stormsurge
BARD,Stealth Ward,Trinket,0.0128,1,0.50,5,Boots,,
SETT,Phage,Epic,0.1111,0,1.11,10,Stridebreaker,Overlord's Bloodmail,Spear Of Shojin
SETT,Force Of Nature,Legendary,0.0556,0,4.00,35,Overlord's Bloodmail,Sterak's Gage,Stridebreaker
KHAZIX,Oracle Lens,Trinket,0.4776,0.4063,2.42,5,Umbral Glaive,Edge Of Night,Ionian Boots Of Lucidity
URGOT,Spectre's Cowl,Epic,0.0588,0,0.63,25,Black Cleaver,Negatron Cloak,Sterak's Gage
KATARINA,Amplifying Tome,Basic,0.2857,0.5,3.07,5,Hextech Gunblade,Lich Bane,Shadowflame
RENGAR,Oracle Lens,Trinket,0.5088,0.6207,2.64,5,Profane Hydra,Umbral Glaive,Ionian Boots Of Lucidity
RENEKTON,Kaenic Rookern,Legendary,0.0308,0,1.33,25,Black Cleaver,Eclipse,Sterak's Gage
KENNEN,Mercury's Treads,Boots,0.0571,0,1.19,10,Hextech Rocketbelt,Fated Ashes,Liandry's Torment
NOCTURNE,Profane Hydra,Legendary,0.2667,0.5,2.34,10,Axiom Arc,Edge Of Night,Bastionbreaker
SHEN,Forbidden Idol,Epic,0.025,1,2.67,30,Dead Man's Plate,Fiendish Codex,Spirit Visage
SENNA,Blade Of The Ruined King,Legendary,0.0714,0.6667,2.01,15,Black Cleaver,Infinity Edge,Rapid Firecannon
RYZE,Amplifying Tome,Basic,0.1573,0.5,1.34,15,Rod Of Ages,Actualizer,Sapphire Crystal
VEX,Oracle Lens,Trinket,0.2632,0.6,5.31,20,Dark Seal,Needlessly Large Rod,Blackfire Torch
ZOE,Oracle Lens,Trinket,0.3333,0.8182,4.76,10,Control Ward,Luden's Companion,Sorcerer's Shoes
KASSADIN,Luden's Companion,Legendary,0.0411,1,3.67,15,Malignance,Mejai's Soulstealer,Zhonya's Hourglass
PYKE,Serpent's Fang,Legendary,0.04,0.5,4.65,20,Youmuu's Ghostblade,Frozen Heart,Guardian Angel
LEBLANC,Control Ward,Consumable,0.2222,0.75,6.02,10,Stormsurge,Sorcerer's Shoes,Luden's Companion
TEEMO,Needlessly Large Rod,Basic,0.2857,0.5,1.30,25,Hextech Gunblade,Liandry's Torment,Sorcerer's Shoes
KOGMAW,Ruby Crystal,Basic,0.1429,0.5,1.42,5,Guinsoo's Rageblade,Blade Of The Ruined King,Cloth Armor
DARIUS,Doran's Shield,Starter,0.2927,0.3333,1.44,5,Stridebreaker,Mercury's Treads,Force Of Nature
ANIVIA,Lost Chapter,Epic,0.0833,0.3333,0.76,20,Rod Of Ages,,
JAX,Bloodletter's Curse,Legendary,0.0139,0,2.38,30,Dusk And Dawn,Hextech Rocketbelt,Zhonya's Hourglass
PANTHEON,Cloth Armor,Basic,0.05,0,0.85,15,Boots,Eclipse,Kindlegem
KATARINA,Seeker's Armguard,Epic,0.0714,0.5,3.05,30,Shadowflame,Lich Bane,Rabadon's Deathcap
RYZE,Farsight Alteration,Trinket,0.4831,0.5581,2.22,15,Rod Of Ages,Doran's Ring,Actualizer
YASUO,Immortal Shieldbow,Legendary,0.6094,0.4615,1.60,25,Blade Of The Ruined King,Kraken Slayer,Infinity Edge
BELVETH,Long Sword,Basic,0.381,0.625,2.41,5,Kraken Slayer,Plated Steelcaps,Stridebreaker
SINGED,Kaenic Rookern,Legendary,0.087,0.5,1.88,25,Rylai's Crystal Scepter,Frozen Heart,Liandry's Torment
ANIVIA,Rabadon's Deathcap,Legendary,0.1111,0.25,6.05,30,Rod Of Ages,Liandry's Torment,Malignance
NAAFIRI,Doran's Blade,Starter,0.2222,0.4286,1.98,5,Voltaic Cyclosword,Long Sword,Opportunity
ZAC,Cosmic Drive,Legendary,0.037,1,9.50,20,Randuin's Omen,Riftmaker,
CORKI,Fiendhunter Bolts,Legendary,0.0385,1,5.56,30,Trinity Force,Infinity Edge,The Collector
KINDRED,Dagger,Basic,0.2,0.6667,3.30,5,Kraken Slayer,Mercury's Treads,The Collector
TAHMKENCH,Giant's Belt,Epic,0.0769,0,2.00,10,Heartsteel,,
VELKOZ,Sorcerer's Shoes,Boots,0.2059,0.5714,3.10,15,Luden's Companion,Shadowflame,Blackfire Torch
VOLIBEAR,Kindlegem,Epic,0.1053,0.1667,1.23,10,Chain Vest,Navori Flickerblade,Dusk And Dawn
LEESIN,Axiom Arc,Legendary,0.0278,0,1.92,15,Profane Hydra,Lord Dominik's Regards,Umbral Glaive
ZED,Endless Hunger,Legendary,0.0215,0,1.78,35,Serylda's Grudge,Axiom Arc,Bastionbreaker
HEIMERDINGER,Liandry's Torment,Legendary,0.2857,0.5,2.11,15,Blackfire Torch,Rylai's Crystal Scepter,
TWITCH,Ionian Boots Of Lucidity,Boots,0.0455,0.6667,1.74,10,Nashor's Tooth,Banshee's Veil,Fiendish Codex
ANNIE,Shadowflame,Legendary,0.75,1,3.67,30,Malignance,Zhonya's Hourglass,Banshee's Veil
KATARINA,Warden's Mail,Epic,0.0179,1,3.60,25,Blade Of The Ruined King,Giant's Belt,Kraken Slayer
TALON,Ravenous Hydra,Legendary,0.0161,1,3.14,25,Black Cleaver,Eclipse,Endless Hunger
BLITZCRANK,Zeke's Convergence,Legendary,0.2667,0.5,1.93,20,Bandlepipes,Locket Of The Iron Solari,Mikael's Blessing
RYZE,Ionian Boots Of Lucidity,Boots,0.1236,0.2727,1.78,10,Rod Of Ages,Actualizer,Rabadon's Deathcap
FIDDLESTICKS,Bramble Vest,Epic,0.0357,0,0.83,15,Abyssal Mask,Void Staff,
CORKI,Quicksilver Sash,Epic,0.0128,1,2.33,20,Essence Reaver,Infinity Edge,The Collector
RELL,Protoplasm Harness,Legendary,0.2045,0.4444,3.70,25,Zeke's Convergence,Bandlepipes,Locket Of The Iron Solari
KATARINA,Glowing Mote,Basic,0.0179,1,2.00,15,Guinsoo's Rageblade,Kraken Slayer,Steel Sigil
KHAZIX,Tunneler,Epic,0.0597,0.25,1.65,20,Bastionbreaker,Umbral Glaive,Serrated Dirk
VAYNE,Ionian Boots Of Lucidity,Boots,0.0141,0,0.63,10,Kraken Slayer,Noonquiver,
SONA,Boots Of Swiftness,Boots,0.4,0.65,3.87,10,Echoes Of Helia,Moonstone Renewer,Fiendish Codex
JHIN,Cloak Of Agility,Basic,0.1806,0.2308,1.35,10,Stormrazor,Infinity Edge,The Collector
AMBESSA,Profane Hydra,Legendary,0.3723,0.6,3.76,10,Death's Dance,Axiom Arc,Sundered Sky
KAYLE,Doran's Ring,Starter,0.069,0.5,0.39,5,Boots Of Swiftness,Dark Seal,Guinsoo's Rageblade
OLAF,Hexdrinker,Epic,0.0435,0,0.83,20,Death's Dance,Stridebreaker,Tunneler
VOLIBEAR,Doran's Blade,Starter,0.0175,1,1.25,5,Axiom Arc,Dark Seal,Glowing Mote
JAX,Cosmic Drive,Legendary,0.0139,1,1.71,25,Dusk And Dawn,,
LEESIN,Executioner's Calling,Epic,0.0417,0.6667,1.67,25,Ravenous Hydra,Steel Sigil,Black Cleaver
MASTERYI,Boots,Boots,0.2667,0.75,2.38,10,Kraken Slayer,Guinsoo's Rageblade,Blade Of The Ruined King
DIANA,Sheen,Epic,0.0093,1,5.00,10,Hextech Rocketbelt,,
SERAPHINE,Giant's Belt,Epic,0.0313,1,4.00,25,Blackfire Torch,Echoes Of Helia,
VI,Sundered Sky,Legendary,0.6,0.6667,1.84,15,Sterak's Gage,Black Cleaver,Death's Dance
ANIVIA,Liandry's Torment,Legendary,0.2222,0.625,5.34,20,Rod Of Ages,Rabadon's Deathcap,Zhonya's Hourglass
BRAND,Bandlepipes,Legendary,0.0357,0,1.00,20,Rylai's Crystal Scepter,,
EVELYNN,Boots,Boots,0.125,1,4.50,10,Lich Bane,,
THRESH,Giant's Belt,Epic,0.0172,0,2.57,20,Bandlepipes,Locket Of The Iron Solari,Mikael's Blessing
GAREN,Black Cleaver,Legendary,0.0541,0,0.88,25,Phantom Dancer,Stridebreaker,
MALPHITE,Oblivion Orb,Epic,0.0282,0.5,1.19,10,Hollow Radiance,Kaenic Rookern,Malignance
NAAFIRI,Plated Steelcaps,Boots,0.1429,0.4444,2.82,15,Profane Hydra,Axiom Arc,Death's Dance
NIDALEE,Mejai's Soulstealer,Legendary,0.0625,0,3.78,15,Zhonya's Hourglass,Dusk And Dawn,Hextech Rocketbelt
JAX,Experimental Hexplate,Legendary,0.0278,0,1.14,15,Dusk And Dawn,,
NAUTILUS,Randuin's Omen,Legendary,0.0417,0.5,2.38,25,Locket Of The Iron Solari,Bandlepipes,Force Of Nature
TALIYAH,Stealth Ward,Trinket,0.0678,0.25,1.41,5,Amplifying Tome,Liandry's Torment,Doran's Ring
MALZAHAR,Control Ward,Consumable,0.2143,0.6667,0.90,5,Blackfire Torch,Doran's Ring,Giant's Belt
BRAUM,Rejuvenation Bead,Basic,0.0286,0,1.37,20,Bandlepipes,Kindlegem,Chain Vest
JAYCE,Mortal Reminder,Legendary,0.0123,1,1.38,30,Eclipse,Spear Of Shojin,
DRMUNDO,Negatron Cloak,Epic,0.0274,1,2.73,15,Heartsteel,Chain Vest,Dead Man's Plate
KARTHUS,Aether Wisp,Epic,0.0238,0,2.10,25,Blackfire Torch,Horizon Focus,Shadowflame
VOLIBEAR,Spirit Visage,Legendary,0.5614,0.5625,2.68,25,Dusk And Dawn,Navori Flickerblade,Dead Man's Plate
DRMUNDO,Crystalline Bracer,Epic,0.0137,1,1.00,10,Giant's Belt,Warmog's Armor,
YORICK,Bastionbreaker,Legendary,0.0833,0,1.33,20,Axiom Arc,Eclipse,
APHELIOS,Doran's Blade,Starter,0.6452,0.55,2.09,5,Infinity Edge,Stormrazor,Berserker's Greaves
GAREN,Tunneler,Epic,0.0811,0.3333,2.12,25,Stridebreaker,Endless Hunger,Spear Of Shojin
SWAIN,Fated Ashes,Epic,0.0455,1,3.62,10,Rylai's Crystal Scepter,Zhonya's Hourglass,Abyssal Mask
VLADIMIR,Ionian Boots Of Lucidity,Boots,0.3158,0.5556,1.91,10,Hextech Rocketbelt,Rabadon's Deathcap,Riftmaker
BARD,Dusk And Dawn,Legendary,0.0513,0.5,1.87,15,,,
TRISTANA,Hexoptics C44,Legendary,0.1231,0.375,3.02,15,Infinity Edge,Navori Flickerblade,Bloodthirster
TRISTANA,Fiendhunter Bolts,Legendary,0.0154,1,2.75,10,Infinity Edge,Lord Dominik's Regards,
NILAH,Doran's Blade,Starter,0.5385,0.2857,1.46,5,Infinity Edge,The Collector,Lord Dominik's Regards
SHACO,Lord Dominik's Regards,Legendary,0.24,0.8333,3.91,25,Infinity Edge,The Collector,Youmuu's Ghostblade
NUNU,Dark Seal,Starter,0.4138,0.3333,2.10,5,Liandry's Torment,Plated Steelcaps,Cloth Armor
GNAR,Sterak's Gage,Legendary,0.36,0.4444,1.52,25,Trinity Force,Black Cleaver,Randuin's Omen
THRESH,Frozen Heart,Legendary,0.0517,0,1.46,30,Zeke's Convergence,Locket Of The Iron Solari,Protoplasm Harness
JAX,Haunting Guise,Epic,0.0417,0.3333,1.61,25,Dusk And Dawn,Nashor's Tooth,Zhonya's Hourglass
RYZE,Boots Of Swiftness,Boots,0.0449,0.75,2.06,15,Actualizer,Rod Of Ages,Rabadon's Deathcap
RENATA,Sorcerer's Shoes,Boots,0.1111,0,0.93,20,Nashor's Tooth,Rabadon's Deathcap,Shadowflame
CAITLYN,Bloodthirster,Legendary,0.09,0.3333,2.22,35,Infinity Edge,Lord Dominik's Regards,Hexoptics C44
AMUMU,Refillable Potion,Consumable,0.125,0,0.50,5,Boots,Liandry's Torment,Null-Magic Mantle
AMUMU,Control Ward,Consumable,0.375,0.6667,2.42,10,Cloth Armor,Locket Of The Iron Solari,Zeke's Convergence
KATARINA,Plated Steelcaps,Boots,0.0893,0.8,1.76,15,Blade Of The Ruined King,Kraken Slayer,Terminus
IRELIA,Control Ward,Consumable,0.0833,0.6,1.74,10,Blade Of The Ruined King,Doran's Blade,Kraken Slayer
DIANA,Lich Bane,Legendary,0.0185,0.5,1.61,15,Shadowflame,Stormsurge,Zhonya's Hourglass
MORGANA,Shadowflame,Legendary,0.0769,1,5.00,20,Liandry's Torment,,
SINGED,Liandry's Torment,Legendary,0.6087,0.5714,2.63,15,Rylai's Crystal Scepter,Protoplasm Harness,Riftmaker
ELISE,Oracle Lens,Trinket,0.8205,0.25,2.16,5,Sorcerer's Shoes,Stormsurge,Control Ward
SION,Cull,Starter,0.0256,0,0.33,5,Bami's Cinder,Boots Of Swiftness,Heartsteel
SAMIRA,Boots,Boots,0.08,1,2.83,10,Infinity Edge,The Collector,Last Whisper
LEBLANC,Verdant Barrier,Epic,0.0278,1,11.00,30,Luden's Companion,Mejai's Soulstealer,Stormsurge
ORIANNA,Void Staff,Legendary,0.1667,0.1667,2.44,30,Zhonya's Hourglass,Luden's Companion,Rabadon's Deathcap
VLADIMIR,Sorcerer's Shoes,Boots,0.1404,0.625,4.39,15,Hextech Rocketbelt,Rabadon's Deathcap,Riftmaker
MALPHITE,Farsight Alteration,Trinket,0.0563,0.5,2.30,15,Doran's Shield,Malignance,Plated Steelcaps
NILAH,Farsight Alteration,Trinket,0.6154,0.375,1.84,15,Infinity Edge,The Collector,Doran's Blade
SWAIN,Stealth Ward,Trinket,0.3409,0.4,2.38,5,Doran's Ring,Rylai's Crystal Scepter,Malignance
LEESIN,Mosstomper Seedling,Starter,0.0139,1,2.25,5,Caulfield's Warhammer,Profane Hydra,Tunneler
JAYCE,Mercury's Treads,Boots,0.1235,0.6,3.67,15,Youmuu's Ghostblade,Opportunity,Serylda's Grudge
SHEN,Redemption,Legendary,0.025,0,0.73,20,Locket Of The Iron Solari,,
TWISTEDFATE,Stormsurge,Legendary,0.0278,1,2.71,30,Lich Bane,Rapid Firecannon,Rod Of Ages
WARWICK,Mercury's Treads,Boots,0.0909,0,3.75,20,Blade Of The Ruined King,Bramble Vest,Stridebreaker
UDYR,Negatron Cloak,Epic,0.0667,0,0.40,20,Liandry's Torment,Spirit Visage,
SINGED,Fiendish Codex,Epic,0.0435,1,9.00,25,Haunting Guise,"Jak'sho, The Protean",Liandry's Torment
BRIAR,Kindlegem,Epic,0.0556,1,6.25,25,Black Cleaver,Blade Of The Ruined King,Death's Dance
SINGED,Giant's Belt,Epic,0.1739,0.5,3.28,10,Liandry's Torment,Protoplasm Harness,Rylai's Crystal Scepter
BLITZCRANK,Redemption,Legendary,0.0667,0,1.35,30,Bandlepipes,Frozen Heart,Locket Of The Iron Solari
SENNA,Youmuu's Ghostblade,Legendary,0.0238,0,4.00,20,Serpent's Fang,,
SWAIN,Oracle Lens,Trinket,0.1364,0.5,2.16,10,Rylai's Crystal Scepter,Control Ward,Liandry's Torment
KARMA,Doran's Ring,Starter,0.0274,0,2.19,5,Fiendish Codex,Malignance,Amplifying Tome
YUNARA,Caulfield's Warhammer,Epic,0.0122,1,7.67,25,Fiendhunter Bolts,Hexdrinker,Infinity Edge
YORICK,Boots Of Swiftness,Boots,0.0833,1,4.50,5,Black Cleaver,Spear Of Shojin,Sterak's Gage
KHAZIX,Mercury's Treads,Boots,0.0896,0.8333,2.77,30,Umbral Glaive,Edge Of Night,Profane Hydra
SERAPHINE,Tear Of The Goddess,Starter,0.1875,0.1667,1.86,5,Ionian Boots Of Lucidity,Doran's Ring,Echoes Of Helia
MONKEYKING,Long Sword,Basic,0.1538,0.25,1.79,5,Trinity Force,Sundered Sky,Ionian Boots Of Lucidity
THRESH,Redemption,Legendary,0.1207,0.5714,4.59,25,Locket Of The Iron Solari,Bandlepipes,Knight's Vow
NAMI,Cloth Armor,Basic,0.0149,0,1.56,15,Imperial Mandate,Echoes Of Helia,Ionian Boots Of Lucidity
KAYLE,Hextech Alternator,Epic,0.069,0,1.83,20,Dusk And Dawn,Nashor's Tooth,Rabadon's Deathcap
LISSANDRA,Blighting Jewel,Epic,0.0588,0,1.71,35,Malignance,Shadowflame,Zhonya's Hourglass
TWISTEDFATE,Luden's Companion,Legendary,0.0833,0.3333,2.42,10,Banshee's Veil,Dusk And Dawn,Lich Bane
RENGAR,Stealth Ward,Trinket,0.1404,0.625,2.86,5,Profane Hydra,Ionian Boots Of Lucidity,Lord Dominik's Regards
JANNA,Dream Maker,Legendary,0.0313,0,2.02,15,Redemption,Dawncore,Moonstone Renewer
NAMI,Oblivion Orb,Epic,0.0746,0.5,2.77,20,Imperial Mandate,Echoes Of Helia,Bandleglass Mirror
GWEN,Oblivion Orb,Epic,0.0256,0.5,1.85,10,Dusk And Dawn,Nashor's Tooth,Rabadon's Deathcap
ELISE,Liandry's Torment,Legendary,0.0256,0,2.43,15,Mejai's Soulstealer,Rylai's Crystal Scepter,Stormsurge
IRELIA,Pickaxe,Basic,0.0167,0,0.71,10,Blade Of The Ruined King,Plated Steelcaps,Tunneler
KARMA,Mercury's Treads,Boots,0.0137,0,2.14,20,Mikael's Blessing,Moonstone Renewer,Shurelya's Battlesong
MISSFORTUNE,Rapid Firecannon,Legendary,0.069,0.5,1.89,30,Lord Dominik's Regards,The Collector,Youmuu's Ghostblade
ASHE,Phantom Dancer,Legendary,0.5833,0.7143,3.10,20,Kraken Slayer,Infinity Edge,Immortal Shieldbow
LISSANDRA,Ionian Boots Of Lucidity,Boots,0.0588,1,1.86,10,Shadowflame,Stormsurge,
VOLIBEAR,Warden's Mail,Epic,0.0351,0.5,2.04,25,Dead Man's Plate,Dusk And Dawn,Navori Flickerblade
AKALI,Hextech Rocketbelt,Legendary,0.0484,0.6667,3.41,10,Shadowflame,Zhonya's Hourglass,Lich Bane
AHRI,Malignance,Legendary,0.413,0.5263,2.55,15,Shadowflame,Mejai's Soulstealer,Rabadon's Deathcap
KINDRED,Pickaxe,Basic,0.2,1,3.60,15,Kraken Slayer,The Collector,Berserker's Greaves
POPPY,Thornmail,Legendary,0.0526,1,1.83,20,Randuin's Omen,Sundered Sky,
RENGAR,Cloth Armor,Basic,0.0175,0,2.00,5,Dead Man's Plate,Ionian Boots Of Lucidity,Profane Hydra
VAYNE,Lord Dominik's Regards,Legendary,0.0704,1,2.54,30,Stormrazor,Essence Reaver,Infinity Edge
NAAFIRI,Ruby Crystal,Basic,0.0159,1,3.00,15,Axiom Arc,Ionian Boots Of Lucidity,Profane Hydra
THRESH,Mikael's Blessing,Legendary,0.0862,0.6,2.80,15,Bandlepipes,Locket Of The Iron Solari,Knight's Vow
BLITZCRANK,Refillable Potion,Consumable,0.0667,0,2.17,5,Boots Of Swiftness,Bandlepipes,Control Ward
MALZAHAR,Needlessly Large Rod,Basic,0.1429,0.5,0.79,25,Blackfire Torch,Rylai's Crystal Scepter,Liandry's Torment
BRAND,Ionian Boots Of Lucidity,Boots,0.0357,0,0.36,15,Liandry's Torment,,
VEIGAR,Cryptbloom,Legendary,0.0345,1,6.00,25,Rabadon's Deathcap,Rod Of Ages,
SKARNER,Giant's Belt,Epic,0.5,1,5.50,25,Bandlepipes,Zeke's Convergence,
FIORA,Mercury's Treads,Boots,0.1538,0.3333,4.48,20,Ravenous Hydra,Trinity Force,Caulfield's Warhammer
WARWICK,Stridebreaker,Legendary,0.4545,0.4,1.61,15,Blade Of The Ruined King,Death's Dance,Frozen Heart
VEIGAR,Dark Seal,Starter,0.2069,0.6667,2.13,5,Doran's Ring,Needlessly Large Rod,Fiendish Codex
TRUNDLE,Bramble Vest,Epic,0.0909,0,1.33,30,Bandlepipes,Dead Man's Plate,
CORKI,Tear Of The Goddess,Starter,0.0769,0.3333,1.26,5,Doran's Blade,Trinity Force,Caulfield's Warhammer
PANTHEON,Blade Of The Ruined King,Legendary,0.1,0.25,2.98,15,Youmuu's Ghostblade,Lord Dominik's Regards,Infinity Edge
PANTHEON,Kindlegem,Epic,0.05,0.5,2.44,20,Sundered Sky,Eclipse,Phage
NEEKO,Oblivion Orb,Epic,0.0769,1,4.82,15,Hextech Rocketbelt,Kindlegem,Frozen Heart
LEONA,Zeke's Convergence,Legendary,0.0909,0.2,2.56,15,Protoplasm Harness,Locket Of The Iron Solari,Bandlepipes
GAREN,Phage,Epic,0.027,0,0.54,10,Spear Of Shojin,Stridebreaker,
AMBESSA,Gustwalker Hatchling,Starter,0.0106,0,0.00,5,Eclipse,,
EZREAL,Warden's Mail,Epic,0.0154,0,4.00,40,Maw Of Malmortius,Serylda's Grudge,Spear Of Shojin
GRAGAS,Fiendish Codex,Epic,0.0909,0,1.94,15,Aether Wisp,Hextech Rocketbelt,Kindlegem
SYNDRA,Rabadon's Deathcap,Legendary,0.4098,0.6,2.73,25,Luden's Companion,Shadowflame,Blackfire Torch
KAYN,Executioner's Calling,Epic,0.0345,0,1.36,15,Black Cleaver,Death's Dance,Spear Of Shojin
LUCIAN,Bloodthirster,Legendary,0.0517,0,1.61,40,Infinity Edge,Essence Reaver,Lord Dominik's Regards
GANGPLANK,Plated Steelcaps,Boots,0.36,0.5556,1.76,15,Essence Reaver,Infinity Edge,Lord Dominik's Regards
YUUMI,Blasting Wand,Basic,0.0345,0,0.50,20,Forbidden Idol,Echoes Of Helia,Staff Of Flowing Water
XAYAH,Long Sword,Basic,0.125,0.5,2.85,5,Berserker's Greaves,Essence Reaver,Infinity Edge
VARUS,Lord Dominik's Regards,Legendary,0.0082,1,2.29,30,Bloodthirster,Hexoptics C44,Infinity Edge
KARMA,Oracle Lens,Trinket,0.9041,0.4394,2.59,10,Control Ward,Ionian Boots Of Lucidity,Moonstone Renewer
CAITLYN,B. F. Sword,Basic,0.14,0.7143,4.40,15,The Collector,Infinity Edge,Cloak Of Agility
KSANTE,Boots,Boots,0.0294,0,0.40,5,Bandlepipes,,
SYNDRA,Seeker's Armguard,Epic,0.0328,0.5,5.74,30,Rabadon's Deathcap,Blackfire Torch,Cosmic Drive
KAISA,Recurve Bow,Epic,0.0874,0.4444,1.36,10,Kraken Slayer,Guinsoo's Rageblade,Dusk And Dawn
BRIAR,Caulfield's Warhammer,Epic,0.0556,0,0.60,20,Black Cleaver,Steel Sigil,Titanic Hydra
VOLIBEAR,Chain Vest,Epic,0.2281,0.6923,2.58,25,Dusk And Dawn,Navori Flickerblade,Spirit Visage
NAMI,Cryptbloom,Legendary,0.0075,0,1.14,20,Luden's Companion,,
TALIYAH,Boots Of Swiftness,Boots,0.0169,1,4.00,15,Blackfire Torch,Rylai's Crystal Scepter,Zhonya's Hourglass
NAMI,Moonstone Renewer,Legendary,0.2687,0.7222,3.77,25,Imperial Mandate,Echoes Of Helia,Redemption
SERAPHINE,Bandleglass Mirror,Epic,0.1563,0.8,3.73,15,Blackfire Torch,Echoes Of Helia,Kindlegem
GANGPLANK,Doran's Shield,Starter,0.04,0,2.20,5,Essence Reaver,Infinity Edge,Lord Dominik's Regards
RAMMUS,Kaenic Rookern,Legendary,0.3,0.3333,4.14,25,Thornmail,Hollow Radiance,Randuin's Omen
VI,Plated Steelcaps,Boots,0.4,0.75,2.07,20,Sundered Sky,Eclipse,Sterak's Gage
KATARINA,Dark Seal,Starter,0.4107,0.5652,2.64,5,Lich Bane,Shadowflame,Amplifying Tome
TWISTEDFATE,Rapid Firecannon,Legendary,0.5278,0.5263,2.41,25,Rod Of Ages,Lich Bane,Zhonya's Hourglass
MAOKAI,Boots Of Swiftness,Boots,0.4,0.5,2.60,10,Bandlepipes,Bami's Cinder,Bramble Vest
FIORA,Doran's Shield,Starter,0.0513,0,0.56,5,Ravenous Hydra,Trinity Force,Cloth Armor
AATROX,Boots,Boots,0.1087,0.4,1.57,10,Tunneler,Voltaic Cyclosword,Caulfield's Warhammer
TALIYAH,Void Staff,Legendary,0.1017,0.1667,2.67,25,Luden's Companion,Rabadon's Deathcap,Shadowflame
YASUO,Wit's End,Legendary,0.0547,0.4286,1.73,25,Immortal Shieldbow,Infinity Edge,Blade Of The Ruined King
AHRI,Elixir Of Sorcery,Consumable,0.0652,0.6667,5.79,30,Blackfire Torch,Cosmic Drive,Rabadon's Deathcap
MASTERYI,Titanic Hydra,Legendary,0.0333,1,1.25,15,Blade Of The Ruined King,Guinsoo's Rageblade,
LEONA,Mercury's Treads,Boots,0.3455,0.4211,2.20,20,Bandlepipes,Locket Of The Iron Solari,Kindlegem
KSANTE,Force Of Nature,Legendary,0.0588,1,1.75,15,"Jak'sho, The Protean",Kaenic Rookern,Randuin's Omen
RAKAN,Oracle Lens,Trinket,0.9762,0.561,3.52,10,Control Ward,Zeke's Convergence,Ionian Boots Of Lucidity
TRYNDAMERE,Last Whisper,Epic,0.0588,0,2.17,25,Phantom Dancer,Profane Hydra,The Collector
KALISTA,Refillable Potion,Consumable,0.0769,1,2.50,5,Blade Of The Ruined King,Dagger,Doran's Blade
VARUS,Blighting Jewel,Epic,0.0164,0.5,1.72,25,Dusk And Dawn,Experimental Hexplate,Zhonya's Hourglass
SHEN,Kindlegem,Epic,0.175,0.1429,3.61,25,Titanic Hydra,Bramble Vest,Chain Vest
AKALI,Oblivion Orb,Epic,0.0161,1,1.67,10,Hextech Gunblade,Rabadon's Deathcap,Shadowflame
MONKEYKING,Executioner's Calling,Epic,0.1154,0.3333,2.60,20,Essence Reaver,Blade Of The Ruined King,Caulfield's Warhammer
KARTHUS,Needlessly Large Rod,Basic,0.2619,0.2727,1.57,15,Blackfire Torch,Sorcerer's Shoes,Shadowflame
SAMIRA,Noonquiver,Epic,0.2,0.8,1.88,20,Infinity Edge,The Collector,Lord Dominik's Regards
MORDEKAISER,Zhonya's Hourglass,Legendary,0.0909,0.5,3.54,25,Dusk And Dawn,Experimental Hexplate,Hextech Rocketbelt
SHYVANA,Dusk And Dawn,Legendary,0.5,1,3.17,20,Kraken Slayer,Spear Of Shojin,
THRESH,Dusk And Dawn,Legendary,0.0172,0,0.50,20,,,
MORGANA,Needlessly Large Rod,Basic,0.3077,0.75,2.89,25,Blackfire Torch,Liandry's Torment,Amplifying Tome
TALIYAH,Fated Ashes,Epic,0.0169,1,3.00,5,Banshee's Veil,Cryptbloom,Rylai's Crystal Scepter
NIDALEE,Hextech Gunblade,Legendary,0.0625,1,2.13,20,Trinity Force,Sterak's Gage,
ZERI,Yun Tal Wildarrows,Legendary,0.8387,0.6154,2.01,15,Fiendhunter Bolts,Infinity Edge,Lord Dominik's Regards
SHACO,Seeker's Armguard,Epic,0.04,0,0.83,35,Liandry's Torment,Luden's Companion,
XAYAH,Navori Flickerblade,Legendary,0.625,0.6,3.16,20,Essence Reaver,Infinity Edge,Lord Dominik's Regards
JARVANIV,Axiom Arc,Legendary,0.4925,0.5758,3.79,15,Profane Hydra,Serylda's Grudge,Death's Dance
NAAFIRI,Spear Of Shojin,Legendary,0.0635,0.75,2.78,15,Profane Hydra,Axiom Arc,Black Cleaver
AHRI,Control Ward,Consumable,0.0217,0,1.22,5,Blackfire Torch,Dark Seal,Needlessly Large Rod
YUNARA,Scout's Slingshot,Epic,0.0366,0,0.91,15,Kraken Slayer,Zeal,
SEJUANI,Plated Steelcaps,Boots,0.5,0.2857,1.98,15,Heartsteel,Sunfire Aegis,Unending Despair
SHACO,Shadowflame,Legendary,0.08,0,2.12,25,Blackfire Torch,Cryptbloom,Liandry's Torment
NOCTURNE,Kaenic Rookern,Legendary,0.0667,1,5.25,35,Black Cleaver,Death's Dance,Experimental Hexplate
GANGPLANK,Boots Of Swiftness,Boots,0.24,0.6667,2.41,20,Essence Reaver,Lord Dominik's Regards,Infinity Edge
JHIN,Serrated Dirk,Epic,0.0556,0.5,1.55,5,Infinity Edge,Youmuu's Ghostblade,Lord Dominik's Regards
WARWICK,Farsight Alteration,Trinket,0.0909,1,1.20,25,Blade Of The Ruined King,Plated Steelcaps,Randuin's Omen
GRAGAS,Mejai's Soulstealer,Legendary,0.0909,0.5,3.33,15,Hextech Rocketbelt,Banshee's Veil,Lich Bane
ZAC,Giant's Belt,Epic,0.1481,1,6.47,25,Spirit Visage,Sunfire Aegis,Abyssal Mask
SIVIR,Control Ward,Consumable,0.0444,0.5,3.46,5,Doran's Blade,Infinity Edge,Berserker's Greaves
ANIVIA,Kaenic Rookern,Legendary,0.0278,0,1.80,25,Abyssal Mask,Rod Of Ages,
BRAND,Farsight Alteration,Trinket,0.4286,0.5833,2.35,15,Liandry's Torment,Blackfire Torch,Rylai's Crystal Scepter
PANTHEON,Serrated Dirk,Epic,0.15,0.5,4.33,5,Youmuu's Ghostblade,Serpent's Fang,Tunneler
TAHMKENCH,Plated Steelcaps,Boots,0.2308,0.3333,1.29,20,Heartsteel,Kindlegem,Bandlepipes
DARIUS,Glowing Mote,Basic,0.0244,0,0.43,15,Hearthbound Axe,Phage,Plated Steelcaps
GALIO,Boots,Boots,0.02,0,0.00,10,Rod Of Ages,,
JAX,Mercury's Treads,Boots,0.2083,0.3333,2.00,20,Trinity Force,Dusk And Dawn,Hextech Gunblade
DARIUS,Sterak's Gage,Legendary,0.4634,0.4737,3.48,25,Stridebreaker,Dead Man's Plate,Force Of Nature
KSANTE,Warden's Mail,Epic,0.0588,1,2.75,25,Iceborn Gauntlet,Thornmail,Giant's Belt
ALISTAR,Refillable Potion,Consumable,0.0517,0,1.24,5,Control Ward,Kindlegem,Boots Of Swiftness
AKALI,Control Ward,Consumable,0.0161,0,2.80,20,Boots,Dark Seal,Hextech Gunblade
GALIO,Bramble Vest,Epic,0.08,1,4.12,20,Hollow Radiance,Blighting Jewel,Chain Vest
VI,Zeke's Convergence,Legendary,0.1,1,2.00,20,Sterak's Gage,Sundered Sky,
LEESIN,Profane Hydra,Legendary,0.3333,0.6667,3.38,10,Sundered Sky,Death's Dance,Black Cleaver
MALPHITE,Zeke's Convergence,Legendary,0.1549,0.4545,2.74,10,Sunfire Aegis,Frozen Heart,Abyssal Mask
TARIC,Locket Of The Iron Solari,Legendary,0.7143,0.7,2.56,15,Frozen Heart,Bandlepipes,Knight's Vow
RENATA,Farsight Alteration,Trinket,0.2222,0,2.46,15,Nashor's Tooth,Rabadon's Deathcap,Blasting Wand
SYNDRA,Stealth Ward,Trinket,0.0656,0.5,3.76,5,Doran's Ring,Luden's Companion,Mercury's Treads
MALPHITE,Malignance,Legendary,0.3099,0.4545,1.76,15,Sunfire Aegis,Hollow Radiance,Thornmail
KAYN,Cloth Armor,Basic,0.0345,0,0.86,15,Black Cleaver,Eclipse,Plated Steelcaps
RIVEN,Steel Sigil,Epic,0.1351,0.4,1.19,25,Sundered Sky,Axiom Arc,Maw Of Malmortius
MAOKAI,Plated Steelcaps,Boots,0.1,0,1.09,10,Bramble Vest,Locket Of The Iron Solari,Protoplasm Harness
TAHMKENCH,Negatron Cloak,Epic,0.0769,1,1.30,25,Heartsteel,Winged Moonplate,
YASUO,Berserker's Greaves,Boots,0.3281,0.4048,1.55,10,Immortal Shieldbow,Blade Of The Ruined King,Infinity Edge
UDYR,Mercury's Treads,Boots,0.3333,0.4,2.62,15,Spirit Visage,Liandry's Torment,Death's Dance
MALPHITE,Shurelya's Battlesong,Legendary,0.0141,0,1.33,30,Malignance,Zeke's Convergence,
HECARIM,B. F. Sword,Basic,0.0526,0,1.86,25,Black Cleaver,Eclipse,Ionian Boots Of Lucidity
IVERN,Kindlegem,Epic,0.1304,0.3333,2.79,10,Redemption,Bandleglass Mirror,Fiendish Codex
GALIO,Dark Seal,Starter,0.16,0.75,1.98,5,Doran's Ring,Hollow Radiance,Zhonya's Hourglass
NAUTILUS,Mercury's Treads,Boots,0.3958,0.4474,3.18,20,Locket Of The Iron Solari,Bandlepipes,Kindlegem
KARMA,Ionian Boots Of Lucidity,Boots,0.8356,0.4262,2.73,10,Moonstone Renewer,Redemption,Forbidden Idol
ORIANNA,Elixir Of Sorcery,Consumable,0.0833,0.6667,4.11,25,Blackfire Torch,Mejai's Soulstealer,Zhonya's Hourglass
TRUNDLE,Oracle Lens,Trinket,0.6364,0.5714,2.20,5,Bandlepipes,Control Ward,Plated Steelcaps
KASSADIN,Glacial Buckler,Epic,0.0137,1,1.33,20,Actualizer,Rod Of Ages,
RYZE,Oblivion Orb,Epic,0.0112,0,1.57,10,Lost Chapter,Rod Of Ages,
HWEI,Spellslinger's Shoes,Legacy,0.0455,0,0.33,,,,
PANTHEON,Plated Steelcaps,Boots,0.275,0.3636,1.98,15,Black Cleaver,Eclipse,Sundered Sky
HWEI,Stealth Ward,Trinket,0.0909,1,2.33,5,Amplifying Tome,Blackfire Torch,Cryptbloom
EVELYNN,Sorcerer's Shoes,Boots,0.625,0.4,5.69,10,Lich Bane,Rabadon's Deathcap,Mejai's Soulstealer
ZYRA,Amplifying Tome,Basic,0.1579,0.6667,3.53,10,Blackfire Torch,Liandry's Torment,Sorcerer's Shoes
AHRI,Cryptbloom,Legendary,0.0652,0.3333,3.49,30,Blackfire Torch,Cosmic Drive,Horizon Focus
JAX,Executioner's Calling,Epic,0.0139,0,1.00,20,Sundered Sky,Trinity Force,
JAYCE,Glacial Buckler,Epic,0.0123,0,0.25,20,Warden's Mail,,
SHYVANA,Stealth Ward,Trinket,0.25,1,4.33,5,Dusk And Dawn,Fiendish Codex,Haunting Guise
LEESIN,Steel Sigil,Epic,0.1389,0.3,2.91,20,Sundered Sky,Eclipse,Black Cleaver
LEONA,Null-Magic Mantle,Basic,0.1091,0.8333,1.96,10,Plated Steelcaps,Kindlegem,Bandlepipes
ZILEAN,Oblivion Orb,Epic,0.0256,0,7.00,15,Bandlepipes,Kindlegem,Locket Of The Iron Solari
SINGED,Mercury's Treads,Boots,0.0435,0,1.67,10,Rylai's Crystal Scepter,,
SETT,Sterak's Gage,Legendary,0.4444,0.375,2.13,30,Stridebreaker,Overlord's Bloodmail,Black Cleaver
MALZAHAR,Giant's Belt,Epic,0.0714,1,1.00,30,Blackfire Torch,Liandry's Torment,
AMBESSA,Control Ward,Consumable,0.0213,1,3.63,5,Eclipse,Spear Of Shojin,Endless Hunger
FIZZ,Bloodletter's Curse,Legendary,0.0526,1,2.88,35,Dusk And Dawn,Riftmaker,
KSANTE,Stealth Ward,Trinket,0.2353,0.5,2.72,5,Iceborn Gauntlet,"Jak'sho, The Protean",Cloth Armor
LUX,Hextech Alternator,Epic,0.1538,0.3333,1.83,20,Malignance,Stormsurge,Luden's Companion
SERAPHINE,Rylai's Crystal Scepter,Legendary,0.0625,0,2.58,15,Blackfire Torch,Echoes Of Helia,Morellonomicon
KALISTA,Doran's Blade,Starter,0.8462,0.5455,2.25,5,Blade Of The Ruined King,Guinsoo's Rageblade,Terminus
JAX,Pickaxe,Basic,0.0833,0.6667,1.83,25,Trinity Force,Plated Steelcaps,Sundered Sky
POPPY,Randuin's Omen,Legendary,0.0526,1,1.83,25,Sundered Sky,Thornmail,
KASSADIN,Lost Chapter,Epic,0.0548,0.75,1.66,20,Rod Of Ages,Fiendish Codex,Luden's Companion
MASTERYI,Blade Of The Ruined King,Legendary,0.2667,0.625,2.50,10,Guinsoo's Rageblade,Kraken Slayer,Death's Dance
XERATH,Horizon Focus,Legendary,0.2273,0.6,4.55,25,Luden's Companion,Mejai's Soulstealer,Rabadon's Deathcap
VARUS,Amplifying Tome,Basic,0.0984,0.5833,2.11,15,Dusk And Dawn,Nashor's Tooth,Experimental Hexplate
VI,Mercury's Treads,Boots,0.3,1,4.94,15,Sundered Sky,Tunneler,Black Cleaver
WARWICK,Giant's Belt,Epic,0.0909,0,1.83,25,Frozen Heart,"Jak'sho, The Protean",Negatron Cloak
KASSADIN,Malignance,Legendary,0.5068,0.5405,3.17,25,Rod Of Ages,Zhonya's Hourglass,Rabadon's Deathcap
VEIGAR,Lost Chapter,Epic,0.069,0.5,0.71,10,Fiendish Codex,Hextech Alternator,Luden's Companion
JAX,Sorcerer's Shoes,Boots,0.0278,0,0.70,20,Dusk And Dawn,Nashor's Tooth,Hextech Gunblade
SYNDRA,Ionian Boots Of Lucidity,Boots,0.0984,0.5,1.67,15,Blackfire Torch,Cosmic Drive,Blighting Jewel
MORDEKAISER,Doran's Ring,Starter,0.3182,0.4286,0.82,5,Plated Steelcaps,Riftmaker,Dusk And Dawn
DIANA,Liandry's Torment,Legendary,0.2222,0.5833,2.29,20,Riftmaker,Dusk And Dawn,Zhonya's Hourglass
YUNARA,Cloak Of Agility,Basic,0.1463,0.5,3.31,20,Fiendhunter Bolts,Kraken Slayer,B. F. Sword
SORAKA,Control Ward,Consumable,0.8333,0.52,3.10,15,Moonstone Renewer,Ionian Boots Of Lucidity,Forbidden Idol
HWEI,Lost Chapter,Epic,0.0455,0,0.50,10,Blackfire Torch,Fiendish Codex,
RAKAN,Plated Steelcaps,Boots,0.119,0.4,2.64,15,Bandlepipes,Kindlegem,Locket Of The Iron Solari
MALPHITE,Plated Steelcaps,Boots,0.6056,0.5581,2.44,10,Sunfire Aegis,Frozen Heart,Thornmail
EKKO,Zhonya's Hourglass,Legendary,0.2,0.7,4.86,25,Dusk And Dawn,Rabadon's Deathcap,Shadowflame
TALIYAH,Archangel's Staff,Legendary,0.0339,0.5,1.25,15,,,
MALPHITE,Cloth Armor,Basic,0.1408,0.6,1.38,5,Malignance,Hollow Radiance,Plated Steelcaps
VELKOZ,Stormsurge,Legendary,0.0588,0,2.35,20,Horizon Focus,Luden's Companion,Rabadon's Deathcap
TRISTANA,Berserker's Greaves,Boots,0.2923,0.5263,2.07,15,Infinity Edge,Yun Tal Wildarrows,Navori Flickerblade
SAMIRA,Last Whisper,Epic,0.08,1,5.00,20,Infinity Edge,The Collector,
ELISE,Lich Bane,Legendary,0.2564,0.4,2.53,15,Shadowflame,Zhonya's Hourglass,Rabadon's Deathcap
DRMUNDO,Control Ward,Consumable,0.0959,0.4286,3.41,10,Heartsteel,Boots Of Swiftness,Dead Man's Plate
YORICK,Pickaxe,Basic,0.0833,0,0.78,15,Black Cleaver,Mercury's Treads,Trinity Force
EKKO,Kindlegem,Epic,0.01,0,0.71,10,Nashor's Tooth,,
SWAIN,Spectre's Cowl,Epic,0.0682,0.3333,1.71,20,Malignance,Zhonya's Hourglass,Liandry's Torment
ORIANNA,Rod Of Ages,Legendary,0.0278,1,1.00,15,,,
TRYNDAMERE,Endless Hunger,Legendary,0.0588,1,3.13,30,Guardian Angel,Infinity Edge,Ravenous Hydra
BRIAR,Pickaxe,Basic,0.1667,0.3333,1.99,15,Titanic Hydra,Black Cleaver,Mercury's Treads
KARTHUS,Farsight Alteration,Trinket,0.4762,0.65,3.28,15,Blackfire Torch,Sorcerer's Shoes,Shadowflame
TRISTANA,Refillable Potion,Consumable,0.0923,0.1667,0.79,5,Doran's Blade,Yun Tal Wildarrows,B. F. Sword
SENNA,Cloth Armor,Basic,0.0476,0,2.60,5,Black Cleaver,Boots Of Swiftness,Rapid Firecannon
RAKAN,Zeke's Convergence,Legendary,0.6429,0.6296,3.62,15,Locket Of The Iron Solari,Bandlepipes,Redemption
AHRI,Hextech Gunblade,Legendary,0.0217,0,1.38,25,Malignance,,
POPPY,Chain Vest,Epic,0.1053,0.5,2.43,25,Winged Moonplate,Sundered Sky,
GALIO,Kindlegem,Epic,0.06,0.3333,1.76,10,Hollow Radiance,Bandlepipes,Giant's Belt
ZED,Plated Steelcaps,Boots,0.0108,0,1.67,15,Serrated Dirk,The Brutalizer,Voltaic Cyclosword
XAYAH,Zeal,Epic,0.0625,0,0.29,15,Infinity Edge,Stormrazor,
MASTERYI,Force Of Nature,Legendary,0.0333,1,1.92,35,Death's Dance,Guinsoo's Rageblade,Kraken Slayer
AMUMU,Bandlepipes,Legendary,0.125,1,4.14,15,Abyssal Mask,Locket Of The Iron Solari,
VI,B. F. Sword,Basic,0.1,1,3.33,35,Death's Dance,Mercury's Treads,Steel Sigil
RAMMUS,Thornmail,Legendary,1,0.3,3.52,15,Hollow Radiance,Kaenic Rookern,"Jak'sho, The Protean"
AURORA,Amplifying Tome,Basic,0.1818,1,3.88,5,Luden's Companion,Blackfire Torch,Needlessly Large Rod
RENEKTON,Spirit Visage,Legendary,0.0308,0.5,3.40,25,Black Cleaver,Eclipse,Spear Of Shojin
AZIR,Blasting Wand,Basic,0.0769,0,0.75,10,Nashor's Tooth,Rabadon's Deathcap,
TALON,Mercury's Treads,Boots,0.0968,0.6667,4.05,25,Youmuu's Ghostblade,Edge Of Night,Serylda's Grudge
ALISTAR,Negatron Cloak,Epic,0.0345,0,3.67,25,Knight's Vow,Spectre's Cowl,Sunfire Aegis
BELVETH,Ruby Crystal,Basic,0.1905,0.25,1.46,15,Kraken Slayer,Tiamat,Dagger
LUCIAN,Cloth Armor,Basic,0.0172,0,0.44,10,Essence Reaver,Last Whisper,Long Sword
AMBESSA,Glowing Mote,Basic,0.0213,0,0.96,5,Plated Steelcaps,Axiom Arc,Death's Dance
MORDEKAISER,Riftmaker,Legendary,0.5,0.3636,1.80,20,Experimental Hexplate,Dusk And Dawn,Rylai's Crystal Scepter
KAYLE,Refillable Potion,Consumable,0.069,0.5,0.46,5,Doran's Blade,Needlessly Large Rod,Berserker's Greaves
TALIYAH,Cloth Armor,Basic,0.0169,1,3.25,10,Blackfire Torch,Liandry's Torment,Mercury's Treads
RENGAR,Doran's Shield,Starter,0.0175,1,1.57,5,Edge Of Night,Plated Steelcaps,Profane Hydra
TRYNDAMERE,Serrated Dirk,Epic,0.1176,0.5,1.83,15,Profane Hydra,,
ANIVIA,Stealth Ward,Trinket,0.1944,0.7143,3.54,5,Rod Of Ages,Doran's Ring,Liandry's Torment
MONKEYKING,Serpent's Fang,Legendary,0.0769,0,1.50,10,Essence Reaver,Mortal Reminder,Stridebreaker
TRISTANA,Cull,Starter,0.0769,0,0.79,5,Doran's Blade,Yun Tal Wildarrows,Berserker's Greaves
BLITZCRANK,Tear Of The Goddess,Starter,0.0667,0.5,1.83,5,Boots Of Swiftness,Dead Man's Plate,Doran's Blade
ZAAHEN,Refillable Potion,Consumable,0.0256,1,0.78,5,Boots,Caulfield's Warhammer,Hexdrinker
BLITZCRANK,Boots,Boots,0.0333,1,1.00,5,Bandlepipes,Bramble Vest,
BRIAR,Steel Sigil,Epic,0.2222,0.25,1.05,25,Black Cleaver,Titanic Hydra,Caulfield's Warhammer
QIYANA,Boots,Boots,0.0351,0,1.06,10,Axiom Arc,Caulfield's Warhammer,Edge Of Night
GANGPLANK,Essence Reaver,Legendary,0.96,0.6667,1.95,15,Infinity Edge,Lord Dominik's Regards,The Collector
TWITCH,Zhonya's Hourglass,Legendary,0.0758,0.4,2.46,25,Nashor's Tooth,Rabadon's Deathcap,Banshee's Veil
TEEMO,Boots Of Swiftness,Boots,0.4286,0.3333,1.59,5,Liandry's Torment,Malignance,Lost Chapter
RIVEN,Eclipse,Legendary,0.2703,0.7,2.60,15,Sundered Sky,Black Cleaver,Death's Dance
KINDRED,Plated Steelcaps,Boots,0.2667,0.5,2.19,20,The Collector,Infinity Edge,Kraken Slayer
REKSAI,Elixir Of Iron,Consumable,0.0313,1,4.14,35,Chain Vest,Mercury's Treads,Spear Of Shojin
BARD,Mejai's Soulstealer,Legendary,0.0256,0.5,13.50,20,Dead Man's Plate,Bandlepipes,
NAAFIRI,Endless Hunger,Legendary,0.0794,0.4,2.82,20,Death's Dance,Voltaic Cyclosword,Axiom Arc
GNAR,Recurve Bow,Epic,0.04,1,3.75,25,Black Cleaver,Negatron Cloak,Randuin's Omen
SORAKA,Lost Chapter,Epic,0.0333,1,12.00,20,,,
KINDRED,Cloak Of Agility,Basic,0.2,0.6667,3.64,20,Kraken Slayer,The Collector,Plated Steelcaps
ZILEAN,Faerie Charm,Basic,0.0256,1,2.67,5,Amplifying Tome,Bandlepipes,Fiendish Codex
KARTHUS,Blackfire Torch,Legendary,0.9524,0.55,2.54,10,Shadowflame,Rabadon's Deathcap,Liandry's Torment
VEIGAR,Shurelya's Battlesong,Legendary,0.069,1,6.50,15,Stormsurge,,
FIORA,Glowing Mote,Basic,0.0256,0,1.00,15,Boots,Null-Magic Mantle,Ravenous Hydra
BRIAR,Blade Of The Ruined King,Legendary,0.1111,1,4.50,10,Black Cleaver,Death's Dance,
KARTHUS,Liandry's Torment,Legendary,0.3571,0.6667,2.94,20,Blackfire Torch,Shadowflame,Rabadon's Deathcap
ORNN,Hollow Radiance,Legendary,0.2683,0.6364,2.93,15,Unending Despair,Kaenic Rookern,Frozen Heart
VI,Steel Sigil,Epic,0.2,1,2.67,25,Sterak's Gage,Sundered Sky,Death's Dance
GALIO,Plated Steelcaps,Boots,0.14,0.4286,2.41,10,Hollow Radiance,Riftmaker,Bandlepipes
SHEN,Negatron Cloak,Epic,0.125,0.4,3.49,30,Titanic Hydra,Bramble Vest,Winged Moonplate
VAYNE,Tunneler,Epic,0.0282,0.5,1.77,25,Essence Reaver,Fiendhunter Bolts,Infinity Edge
SEJUANI,Doran's Shield,Starter,0.0714,0,0.33,5,Heartsteel,Plated Steelcaps,
BELVETH,Black Cleaver,Legendary,0.1429,1,2.46,20,Yun Tal Wildarrows,Bloodthirster,Death's Dance
JAX,Fiendish Codex,Epic,0.0278,0.5,0.69,15,Dusk And Dawn,Haunting Guise,Hextech Rocketbelt
YASUO,Doran's Blade,Starter,0.3984,0.3333,1.12,5,Immortal Shieldbow,Blade Of The Ruined King,Berserker's Greaves
NILAH,Lord Dominik's Regards,Legendary,0.5385,0.4286,2.53,25,Infinity Edge,The Collector,Immortal Shieldbow
CORKI,Mortal Reminder,Legendary,0.0769,0.5,2.32,25,Infinity Edge,The Collector,Trinity Force
THRESH,Knight's Vow,Legendary,0.2069,0.5,3.78,25,Bandlepipes,Locket Of The Iron Solari,Mikael's Blessing
KAISA,Wit's End,Legendary,0.0097,0,0.67,25,Guinsoo's Rageblade,Kraken Slayer,
THRESH,Ruby Crystal,Basic,0.1724,0.6,2.63,5,Boots Of Swiftness,Locket Of The Iron Solari,Bandlepipes
SHACO,Health Potion,Consumable,0.04,0,1.00,5,Berserker's Greaves,Gustwalker Hatchling,Pickaxe
XAYAH,Last Whisper,Epic,0.0625,1,1.50,25,Hexoptics C44,Infinity Edge,Phantom Dancer
GRAVES,Last Whisper,Epic,0.0476,1,1.80,25,Bloodthirster,Executioner's Calling,Immortal Shieldbow
ASHE,Cloak Of Agility,Basic,0.125,0.6667,1.64,20,Kraken Slayer,Phantom Dancer,Berserker's Greaves
LUX,Void Staff,Legendary,0.0513,0.5,2.98,25,Malignance,Stormsurge,Rabadon's Deathcap
ORIANNA,Needlessly Large Rod,Basic,0.3056,0.5455,2.53,20,Zhonya's Hourglass,Blackfire Torch,Luden's Companion
SINGED,Frozen Heart,Legendary,0.1304,0.6667,1.49,20,Rylai's Crystal Scepter,Kaenic Rookern,Liandry's Torment
ZAC,Aether Wisp,Epic,0.037,1,1.70,30,Fiendish Codex,Kindlegem,Riftmaker
SINGED,Riftmaker,Legendary,0.2174,1,3.11,25,Liandry's Torment,Protoplasm Harness,Rylai's Crystal Scepter
FIORA,Stormrazor,Legendary,0.0256,0,2.27,35,Death's Dance,Endless Hunger,Randuin's Omen
AMBESSA,Oracle Lens,Trinket,0.3723,0.4571,2.66,5,Profane Hydra,Death's Dance,Plated Steelcaps
JINX,Guardian Angel,Legendary,0.0588,1,2.87,30,Infinity Edge,Bloodthirster,Runaan's Hurricane
KAISA,Fiendish Codex,Epic,0.0291,1,2.22,20,Guinsoo's Rageblade,Kraken Slayer,Dusk And Dawn
YUNARA,Recurve Bow,Epic,0.0122,0,0.00,10,Hearthbound Axe,Rectrix,
KARMA,Echoes Of Helia,Legendary,0.1781,0.4615,2.48,15,Moonstone Renewer,Redemption,Dawncore
VIKTOR,Cosmic Drive,Legendary,0.0278,0,6.25,20,Mejai's Soulstealer,Rod Of Ages,Zhonya's Hourglass
CAMILLE,Stealth Ward,Trinket,0.4286,0.5,1.47,5,Long Sword,Trinity Force,Doran's Blade
SINGED,Oracle Lens,Trinket,0.1304,0,1.37,5,Rylai's Crystal Scepter,Boots Of Swiftness,Bloodletter's Curse
JAX,Wit's End,Legendary,0.0556,0.25,1.88,35,Trinity Force,Sundered Sky,Zhonya's Hourglass
RAMMUS,Cloth Armor,Basic,0.3,0.6667,4.92,10,Thornmail,Hollow Radiance,Plated Steelcaps
NAMI,Shurelya's Battlesong,Legendary,0.097,0.4615,2.37,20,Imperial Mandate,Echoes Of Helia,Ardent Censer
MAOKAI,Mercury's Treads,Boots,0.2,0.5,2.63,15,Kindlegem,Bloodletter's Curse,Chain Vest
LULU,Tear Of The Goddess,Starter,0.0123,0,0.75,5,Ardent Censer,Ionian Boots Of Lucidity,Ruby Crystal
FIZZ,Oracle Lens,Trinket,0.6316,0.5833,3.05,15,Lich Bane,Zhonya's Hourglass,Needlessly Large Rod
RYZE,Glacial Buckler,Epic,0.0112,1,0.33,15,Rod Of Ages,,
SWAIN,Force Of Nature,Legendary,0.0227,0,1.18,30,Liandry's Torment,Malignance,
BARD,Glowing Mote,Basic,0.0128,0,1.75,10,Bandlepipes,Boots Of Swiftness,
VIKTOR,Oblivion Orb,Epic,0.0556,0,1.64,25,Blackfire Torch,Liandry's Torment,Rabadon's Deathcap
LEESIN,Tunneler,Epic,0.1528,0.4545,3.76,15,Eclipse,Caulfield's Warhammer,Death's Dance
AKALI,Doran's Shield,Starter,0.1613,0.3,1.47,5,Hextech Gunblade,Needlessly Large Rod,Shadowflame
YASUO,Death's Dance,Legendary,0.1172,0.6667,2.75,30,Immortal Shieldbow,Blade Of The Ruined King,Infinity Edge
LILLIA,Oblivion Orb,Epic,0.0714,1,4.50,25,Liandry's Torment,Mejai's Soulstealer,Riftmaker
MALPHITE,Giant's Belt,Epic,0.0986,0.7143,3.50,20,Sunfire Aegis,Frozen Heart,Malignance
TWISTEDFATE,Cull,Starter,0.0278,1,2.00,5,Boots Of Swiftness,Dagger,Doran's Blade
SONA,Ionian Boots Of Lucidity,Boots,0.42,0.619,3.76,15,Echoes Of Helia,Forbidden Idol,Moonstone Renewer
JINX,Mortal Reminder,Legendary,0.0882,0.1667,2.03,25,Infinity Edge,Phantom Dancer,Yun Tal Wildarrows
VLADIMIR,Mejai's Soulstealer,Legendary,0.1404,0.75,6.53,20,Hextech Rocketbelt,Rabadon's Deathcap,Riftmaker
VIKTOR,Luden's Companion,Legendary,0.2222,0.375,2.78,15,Rabadon's Deathcap,Shadowflame,Zhonya's Hourglass
LEBLANC,Doran's Ring,Starter,0.3333,0.25,2.07,5,Luden's Companion,Dark Seal,Sorcerer's Shoes
ZERI,Pickaxe,Basic,0.129,0.5,1.58,20,B. F. Sword,Fiendhunter Bolts,Yun Tal Wildarrows
RUMBLE,Amplifying Tome,Basic,0.1667,0.6,1.97,5,Hextech Rocketbelt,Boots Of Swiftness,Liandry's Torment
NAUTILUS,Boots,Boots,0.0208,0,1.50,5,Kindlegem,Bandlepipes,Knight's Vow
LILLIA,Ionian Boots Of Lucidity,Boots,0.4286,0.3333,3.06,15,Liandry's Torment,Riftmaker,Rylai's Crystal Scepter
VARUS,Kindlegem,Epic,0.0246,0.3333,0.35,10,Experimental Hexplate,Nashor's Tooth,Sheen
KAYLE,Doran's Blade,Starter,0.4828,0.4286,1.38,5,Nashor's Tooth,Boots Of Swiftness,Needlessly Large Rod
MALPHITE,Warden's Mail,Epic,0.0563,0.25,1.99,10,Sunfire Aegis,Bramble Vest,Giant's Belt
JAX,Death's Dance,Legendary,0.0694,0.4,1.79,30,Trinity Force,Sundered Sky,Dusk And Dawn
YORICK,Axiom Arc,Legendary,0.0833,0,1.33,15,Bastionbreaker,Eclipse,
TRYNDAMERE,Stealth Ward,Trinket,0.1765,0,0.94,5,Berserker's Greaves,Dagger,Long Sword
ZYRA,Shadowflame,Legendary,0.2105,0.5,2.18,30,Liandry's Torment,Void Staff,Blackfire Torch
XERATH,Luden's Companion,Legendary,0.8636,0.3684,3.47,15,Shadowflame,Rabadon's Deathcap,Horizon Focus
YUNARA,Quicksilver Sash,Epic,0.0122,1,2.17,30,Fiendhunter Bolts,Infinity Edge,Kraken Slayer
ZED,Ionian Boots Of Lucidity,Boots,0.5699,0.4528,2.96,15,Voltaic Cyclosword,Axiom Arc,Serylda's Grudge
AMBESSA,Stealth Ward,Trinket,0.2021,0.4211,1.75,5,Eclipse,Spear Of Shojin,Plated Steelcaps
MORGANA,Farsight Alteration,Trinket,0.2308,0,0.93,15,Blackfire Torch,Amplifying Tome,Zhonya's Hourglass
PANTHEON,Long Sword,Basic,0.275,0.4545,1.34,5,Eclipse,Boots,Plated Steelcaps
VARUS,Terminus,Legendary,0.0328,0.5,2.54,20,Blade Of The Ruined King,Guinsoo's Rageblade,"Jak'sho, The Protean"
REKSAI,Immortal Shieldbow,Legendary,0.0313,0,3.75,35,Essence Reaver,Infinity Edge,Titanic Hydra
ANNIE,Zhonya's Hourglass,Legendary,0.5,1,1.68,35,Malignance,Shadowflame,Stormsurge
ANIVIA,Bloodletter's Curse,Legendary,0.0833,0.6667,4.75,25,Rod Of Ages,,
IRELIA,Steel Sigil,Epic,0.1833,0.2727,2.10,25,Blade Of The Ruined King,Hullbreaker,Caulfield's Warhammer
VOLIBEAR,Randuin's Omen,Legendary,0.0702,0.5,2.99,30,Dusk And Dawn,Navori Flickerblade,Spirit Visage
GANGPLANK,Executioner's Calling,Epic,0.04,1,0.92,5,Essence Reaver,Infinity Edge,The Collector
EVELYNN,Mejai's Soulstealer,Legendary,0.25,0.5,10.80,20,Lich Bane,Rabadon's Deathcap,Randuin's Omen
CASSIOPEIA,Rabadon's Deathcap,Legendary,0.1154,0.6667,2.98,35,Rylai's Crystal Scepter,Zhonya's Hourglass,Liandry's Torment
KLED,Caulfield's Warhammer,Epic,0.1,1,5.67,15,Profane Hydra,,
EZREAL,Statikk Shiv,Legendary,0.0154,1,6.00,25,Essence Reaver,Serylda's Grudge,
THRESH,Elixir Of Iron,Consumable,0.0172,1,4.57,40,Bandlepipes,Boots Of Swiftness,Knight's Vow
SAMIRA,Doran's Blade,Starter,0.76,0.6842,2.57,5,The Collector,Infinity Edge,Lord Dominik's Regards
RENGAR,Doran's Blade,Starter,0.0526,1,3.97,5,Lord Dominik's Regards,Ravenous Hydra,Infinity Edge
SONA,Dark Seal,Starter,0.1,1,4.74,5,Boots Of Swiftness,Echoes Of Helia,Ionian Boots Of Lucidity
GALIO,Rod Of Ages,Legendary,0.06,0.3333,4.26,15,Hextech Rocketbelt,Hollow Radiance,Riftmaker
QIYANA,Pickaxe,Basic,0.0702,0.25,2.62,5,Profane Hydra,Ionian Boots Of Lucidity,Long Sword
MALPHITE,Winged Moonplate,Epic,0.0141,0,4.75,25,"Jak'sho, The Protean",Kaenic Rookern,Sunfire Aegis
NIDALEE,Banshee's Veil,Legendary,0.0313,0,2.13,30,Lich Bane,Shadowflame,
IVERN,Morellonomicon,Legendary,0.0435,1,3.00,35,Dusk And Dawn,Malignance,Zeke's Convergence
TALON,Black Cleaver,Legendary,0.0806,0.4,3.13,15,Youmuu's Ghostblade,Eclipse,Edge Of Night
HWEI,Plated Steelcaps,Boots,0.1364,0.3333,1.39,20,Blackfire Torch,Blighting Jewel,Fiendish Codex
KSANTE,Kindlegem,Epic,0.0882,0.6667,4.61,20,"Jak'sho, The Protean",Chain Vest,Iceborn Gauntlet
SORAKA,Locket Of The Iron Solari,Legendary,0.0333,0,2.86,15,Kaenic Rookern,,
SENNA,Null-Magic Mantle,Basic,0.0238,1,1.88,5,Black Cleaver,Boots Of Swiftness,Rapid Firecannon
BRIAR,Edge Of Night,Legendary,0.1111,1,1.47,25,Lord Dominik's Regards,Profane Hydra,Serpent's Fang
SMOLDER,Cloak Of Agility,Basic,0.1111,0.5,4.48,10,Essence Reaver,Spear Of Shojin,B. F. Sword
RYZE,Elixir Of Sorcery,Consumable,0.0562,0.6,3.74,30,Rod Of Ages,Actualizer,Zhonya's Hourglass
KHAZIX,Serpent's Fang,Legendary,0.2388,0.5,3.31,25,Umbral Glaive,Serylda's Grudge,Edge Of Night
KAYN,Long Sword,Basic,0.2414,0.5714,1.96,5,Black Cleaver,Boots,Death's Dance
TWITCH,Executioner's Calling,Epic,0.0303,0.5,1.63,20,Yun Tal Wildarrows,Infinity Edge,
TARIC,Boots Of Swiftness,Boots,0.2143,0.6667,2.54,10,Kindlegem,Locket Of The Iron Solari,Knight's Vow
NAUTILUS,Mikael's Blessing,Legendary,0.0313,0.3333,1.55,20,Bandlepipes,Locket Of The Iron Solari,Knight's Vow
GALIO,Oracle Lens,Trinket,0.4,0.55,3.38,20,Hollow Radiance,Doran's Ring,Riftmaker
AURELIONSOL,Amplifying Tome,Basic,0.129,0.5,4.82,5,Rylai's Crystal Scepter,Fated Ashes,Liandry's Torment
POPPY,Bandlepipes,Legendary,0.3158,0.6667,2.81,15,Dead Man's Plate,Locket Of The Iron Solari,Protoplasm Harness
BRIAR,Oracle Lens,Trinket,0.6667,0.4167,2.32,5,Titanic Hydra,Black Cleaver,Mercury's Treads
NASUS,Protoplasm Harness,Legendary,0.0833,0.5,3.45,20,Trinity Force,,
BARD,Haunting Guise,Epic,0.1026,0.5,5.51,25,Fated Ashes,Dead Man's Plate,Dusk And Dawn
TALON,Control Ward,Consumable,0.0161,1,1.30,5,Axiom Arc,Opportunity,Umbral Glaive
PANTHEON,Profane Hydra,Legendary,0.025,1,2.83,30,Edge Of Night,Serpent's Fang,Serylda's Grudge
SION,Mercury's Treads,Boots,0.2051,0.625,2.95,15,Hollow Radiance,Unending Despair,Randuin's Omen
POPPY,"Jak'sho, The Protean",Legendary,0.0526,1,1.63,30,Iceborn Gauntlet,Serpent's Fang,
NUNU,Plated Steelcaps,Boots,0.5862,0.5294,3.01,15,Liandry's Torment,Spirit Visage,Frozen Heart
VARUS,Winged Moonplate,Epic,0.0082,1,4.00,15,Dusk And Dawn,Negatron Cloak,
GRAGAS,Stormsurge,Legendary,0.0909,0.5,2.22,25,Shadowflame,Lich Bane,Luden's Companion
SIVIR,Long Sword,Basic,0.0667,0.3333,3.12,5,Essence Reaver,Infinity Edge,Berserker's Greaves
CAITLYN,Mercurial Scimitar,Legendary,0.03,0.3333,2.08,25,Hexoptics C44,Infinity Edge,Rapid Firecannon
SONA,Redemption,Legendary,0.06,0.3333,3.13,35,Dawncore,Echoes Of Helia,Moonstone Renewer
IRELIA,Blade Of The Ruined King,Legendary,0.9167,0.4182,1.67,15,Death's Dance,Hullbreaker,Wit's End
ALISTAR,Trailblazer,Legendary,0.0172,1,5.00,30,Shurelya's Battlesong,,
ZILEAN,Cloth Armor,Basic,0.1795,0.2857,3.49,15,Kindlegem,Ionian Boots Of Lucidity,Shurelya's Battlesong
VARUS,Needlessly Large Rod,Basic,0.1475,0.6111,2.01,25,Dusk And Dawn,Nashor's Tooth,Riftmaker
AHRI,Stormsurge,Legendary,0.0435,1,12.25,15,Blackfire Torch,Rabadon's Deathcap,Liandry's Torment
ZYRA,Ionian Boots Of Lucidity,Boots,0.1053,0.5,4.27,20,Bandleglass Mirror,Blackfire Torch,Fated Ashes
KARMA,Oblivion Orb,Epic,0.0274,1,2.93,5,Moonstone Renewer,Bandleglass Mirror,Dawncore
MORGANA,Fated Ashes,Epic,0.1538,0.5,2.00,10,Echoes Of Helia,Lost Chapter,
MONKEYKING,Eclipse,Legendary,0.1154,0.6667,4.06,15,Sundered Sky,Maw Of Malmortius,
RAKAN,Amplifying Tome,Basic,0.0714,0.6667,6.53,25,Locket Of The Iron Solari,Zeke's Convergence,Forbidden Idol
DARIUS,Bramble Vest,Epic,0.0976,0.75,3.97,10,Stridebreaker,Force Of Nature,Sterak's Gage
LUCIAN,Pickaxe,Basic,0.1034,0.8333,2.40,20,Essence Reaver,Navori Flickerblade,B. F. Sword
VLADIMIR,Refillable Potion,Consumable,0.0526,0.6667,1.78,5,Doran's Ring,Amplifying Tome,Boots
TAHMKENCH,Spectre's Cowl,Epic,0.0769,1,2.83,25,Heartsteel,Thornmail,
EVELYNN,Randuin's Omen,Legendary,0.125,0,4.60,25,Lich Bane,Mejai's Soulstealer,Rabadon's Deathcap
POPPY,Tunneler,Epic,0.0526,1,1.67,10,Dead Man's Plate,,
PANTHEON,Youmuu's Ghostblade,Legendary,0.3,0.5,3.19,10,Serpent's Fang,Blade Of The Ruined King,Edge Of Night
KSANTE,Spectre's Cowl,Epic,0.0588,0.5,3.17,10,Iceborn Gauntlet,Bramble Vest,Negatron Cloak
KARMA,Fiendish Codex,Epic,0.1781,0.1538,2.01,20,Forbidden Idol,Moonstone Renewer,Malignance
VAYNE,Phage,Epic,0.0141,0,0.21,10,Essence Reaver,Fiendhunter Bolts,Tunneler
SENNA,Lord Dominik's Regards,Legendary,0.0238,1,2.50,30,Infinity Edge,Statikk Shiv,
GRAVES,Hubris,Legendary,0.1429,0.6667,3.11,15,The Collector,Black Cleaver,Immortal Shieldbow
NILAH,B. F. Sword,Basic,0.0769,0,2.33,15,Berserker's Greaves,Immortal Shieldbow,Infinity Edge
GRAVES,Executioner's Calling,Epic,0.0952,1,4.07,20,Black Cleaver,Bloodthirster,Immortal Shieldbow
MALZAHAR,Mejai's Soulstealer,Legendary,0.0714,1,3.20,25,Malignance,Rabadon's Deathcap,Shadowflame
DARIUS,Pickaxe,Basic,0.1463,0.5,1.30,20,Stridebreaker,Mercury's Treads,Tunneler
PYKE,Last Whisper,Epic,0.02,0,2.33,25,Edge Of Night,Profane Hydra,Youmuu's Ghostblade
SMOLDER,Death's Dance,Legendary,0.0185,1,1.42,40,Guardian Angel,Infinity Edge,Spear Of Shojin
SORAKA,Shurelya's Battlesong,Legendary,0.0333,0,3.30,40,Kaenic Rookern,Moonstone Renewer,Redemption
LUCIAN,Noonquiver,Epic,0.0517,0.6667,3.71,25,Essence Reaver,Infinity Edge,Navori Flickerblade
ZAAHEN,Control Ward,Consumable,0.0513,0,1.13,20,Plated Steelcaps,Sundered Sky,Trinity Force
ZILEAN,Forbidden Idol,Epic,0.1282,0.6,6.49,25,Bandlepipes,Shurelya's Battlesong,Fiendish Codex
SAMIRA,Mercury's Treads,Boots,0.08,0.5,1.50,15,Infinity Edge,The Collector,Lord Dominik's Regards
RAKAN,Elixir Of Iron,Consumable,0.0238,0,3.50,40,Control Ward,Ionian Boots Of Lucidity,Locket Of The Iron Solari
MONKEYKING,Blade Of The Ruined King,Legendary,0.0769,1,3.62,20,Essence Reaver,Death's Dance,Stridebreaker
TRUNDLE,Dead Man's Plate,Legendary,0.2727,0.3333,1.65,25,Bandlepipes,Trinity Force,"Jak'sho, The Protean"
ZILEAN,Mikael's Blessing,Legendary,0.0769,0.3333,2.69,25,Bandlepipes,Locket Of The Iron Solari,Redemption
YUNARA,Sorcerer's Shoes,Boots,0.0122,1,2.00,15,Hextech Alternator,Hextech Gunblade,Nashor's Tooth
ZILEAN,Lost Chapter,Epic,0.0256,1,3.00,10,Blackfire Torch,Fiendish Codex,
NUNU,Oblivion Orb,Epic,0.0345,1,2.22,15,Liandry's Torment,Randuin's Omen,
EKKO,Dagger,Basic,0.01,0,0.71,10,Blasting Wand,Kindlegem,Nashor's Tooth
MILIO,Dawncore,Legendary,0.0204,1,4.17,30,Echoes Of Helia,Moonstone Renewer,
SEJUANI,Cloth Armor,Basic,0.1429,0,1.23,15,Plated Steelcaps,Bramble Vest,Giant's Belt
SMOLDER,Boots Of Swiftness,Boots,0.2593,0.5,1.78,20,Essence Reaver,Spear Of Shojin,Rapid Firecannon
ZILEAN,Null-Magic Mantle,Basic,0.0769,0.3333,3.11,15,Cloth Armor,Kindlegem,Bandlepipes
APHELIOS,Quicksilver Sash,Epic,0.0215,0.5,2.20,30,Infinity Edge,Stormrazor,Bloodthirster
KOGMAW,Boots Of Swiftness,Boots,0.1429,1,1.48,15,Blackfire Torch,Hexoptics C44,Kraken Slayer
GNAR,Mercury's Treads,Boots,0.48,0.6667,1.71,15,Trinity Force,Black Cleaver,Tunneler
MEL,Stealth Ward,Trinket,0.0588,1,2.29,5,Luden's Companion,Shadowflame,Doran's Ring
BRAUM,Randuin's Omen,Legendary,0.0429,0.6667,3.77,25,Bandlepipes,Frozen Heart,Locket Of The Iron Solari
EZREAL,Serylda's Grudge,Legendary,0.2154,0.6429,3.43,30,Spear Of Shojin,Essence Reaver,Trinity Force
IVERN,Elixir Of Sorcery,Consumable,0.087,0.5,6.02,30,Bloodletter's Curse,Dawncore,Echoes Of Helia
NOCTURNE,The Collector,Legendary,0.0667,0,1.83,30,Axiom Arc,Edge Of Night,Opportunity
YONE,Giant's Belt,Epic,0.0222,1,2.83,35,Blade Of The Ruined King,Death's Dance,Immortal Shieldbow
JHIN,Youmuu's Ghostblade,Legendary,0.1111,0.625,2.40,15,Infinity Edge,Rapid Firecannon,Lord Dominik's Regards
YASUO,Kraken Slayer,Legendary,0.3047,0.641,2.02,15,Immortal Shieldbow,Infinity Edge,Lord Dominik's Regards
TALON,Maw Of Malmortius,Legendary,0.0323,0.5,4.55,25,Edge Of Night,Umbral Glaive,Youmuu's Ghostblade
RENEKTON,Mercury's Treads,Boots,0.3692,0.4167,1.78,15,Black Cleaver,Eclipse,Sterak's Gage
RAMMUS,Mosstomper Seedling,Starter,0.1,0,0.58,5,Bami's Cinder,Chain Vest,Plated Steelcaps
GWEN,Needlessly Large Rod,Basic,0.2949,0.5217,1.60,25,Dusk And Dawn,Nashor's Tooth,Riftmaker
NIDALEE,Hextech Rocketbelt,Legendary,0.0625,0.5,5.21,15,Lich Bane,Mejai's Soulstealer,Rabadon's Deathcap
APHELIOS,Cloak Of Agility,Basic,0.172,0.5,2.40,15,Infinity Edge,Stormrazor,Pickaxe
ASHE,Noonquiver,Epic,0.0833,0.5,2.53,25,Axiom Arc,Hubris,Kraken Slayer
KASSADIN,Void Staff,Legendary,0.0548,0.5,2.57,25,Rod Of Ages,Frozen Heart,Malignance
QIYANA,Refillable Potion,Consumable,0.0526,0.3333,2.23,5,Doran's Blade,Profane Hydra,Axiom Arc
IRELIA,Cull,Starter,0.0167,0,0.55,5,Blade Of The Ruined King,Doran's Blade,Mercury's Treads
RENGAR,Glowing Mote,Basic,0.0175,0,0.71,15,Hextech Alternator,Lost Chapter,Malignance
SEJUANI,Zeke's Convergence,Legendary,0.0714,0,3.00,25,Dusk And Dawn,Protoplasm Harness,Thornmail
ZED,Bastionbreaker,Legendary,0.2473,0.3043,2.83,25,Axiom Arc,Voltaic Cyclosword,Serylda's Grudge
GALIO,Locket Of The Iron Solari,Legendary,0.04,0.5,3.67,15,Celestial Opposition,Frozen Heart,Redemption
KATARINA,Doran's Shield,Starter,0.1071,0.5,4.25,5,Amplifying Tome,Dark Seal,Hextech Gunblade
SHACO,Cloak Of Agility,Basic,0.08,0.5,0.60,15,Berserker's Greaves,Boots,Essence Reaver
GANGPLANK,Null-Magic Mantle,Basic,0.04,1,1.83,30,Essence Reaver,Immortal Shieldbow,Infinity Edge
TAHMKENCH,Refillable Potion,Consumable,0.1538,0,0.71,5,Mercury's Treads,Bandlepipes,Cloth Armor
RENEKTON,Farsight Alteration,Trinket,0.1077,0.8571,5.28,15,Plated Steelcaps,Black Cleaver,Sterak's Gage
GALIO,Oblivion Orb,Epic,0.06,0,2.17,5,Hollow Radiance,Bandlepipes,Chain Vest
SONA,Amplifying Tome,Basic,0.1,1,8.06,10,Ionian Boots Of Lucidity,Echoes Of Helia,Lost Chapter
NASUS,"Jak'sho, The Protean",Legendary,0.0417,0,0.50,30,Frozen Heart,Spirit Visage,Trinity Force
NAMI,Imperial Mandate,Legendary,0.9254,0.5161,3.11,15,Moonstone Renewer,Echoes Of Helia,Redemption
YASUO,Negatron Cloak,Epic,0.0234,0.6667,1.05,20,Blade Of The Ruined King,Immortal Shieldbow,Recurve Bow
ZOE,Boots,Boots,0.0303,0,0.67,5,Lich Bane,Luden's Companion,
ORIANNA,Sorcerer's Shoes,Boots,0.1389,1,2.35,10,Blackfire Torch,Shadowflame,Bloodletter's Curse
RYZE,Shurelya's Battlesong,Legendary,0.0112,1,2.00,30,Actualizer,Rabadon's Deathcap,Rod Of Ages
BRAND,Zhonya's Hourglass,Legendary,0.1429,0.5,3.13,30,Blackfire Torch,Rylai's Crystal Scepter,Liandry's Torment
YASUO,Cull,Starter,0.0313,0.25,0.85,5,Doran's Blade,Blade Of The Ruined King,Cloak Of Agility
NEEKO,Negatron Cloak,Epic,0.0769,0.3333,3.12,25,Hextech Rocketbelt,Frozen Heart,Kindlegem
VEIGAR,Farsight Alteration,Trinket,0.5862,0.5294,2.10,20,Rabadon's Deathcap,Rod Of Ages,Sorcerer's Shoes
TRISTANA,Oracle Lens,Trinket,0.0154,1,2.75,5,Cloak Of Agility,Doran's Blade,Fiendhunter Bolts
TALIYAH,Hextech Alternator,Epic,0.0339,0,1.25,10,Blackfire Torch,Luden's Companion,Void Staff
MASTERYI,Negatron Cloak,Epic,0.0333,1,3.33,20,Death's Dance,Experimental Hexplate,Guinsoo's Rageblade
QIYANA,Ruby Crystal,Basic,0.0175,0,2.20,25,Axiom Arc,Mercury's Treads,Profane Hydra
LISSANDRA,Stealth Ward,Trinket,0.2941,0.4,1.59,5,Shadowflame,Zhonya's Hourglass,Dark Seal
JARVANIV,Pickaxe,Basic,0.0746,1,4.36,5,Sundered Sky,Axiom Arc,Black Cleaver
MASTERYI,Oracle Lens,Trinket,0.4,0.75,2.55,5,Guinsoo's Rageblade,Kraken Slayer,Boots
EZREAL,Maw Of Malmortius,Legendary,0.0308,0.5,2.75,25,Trinity Force,Serylda's Grudge,Spear Of Shojin
REKSAI,Overlord's Bloodmail,Legendary,0.0625,0,2.55,20,Spear Of Shojin,Titanic Hydra,Black Cleaver
QIYANA,Boots Of Swiftness,Boots,0.0175,0,0.38,20,Hextech Gunblade,Stormsurge,
FIDDLESTICKS,Elixir Of Sorcery,Consumable,0.0357,1,5.63,40,Banshee's Veil,Hextech Rocketbelt,Lich Bane
AMUMU,Cloth Armor,Basic,0.375,0.6667,1.82,10,Kindlegem,Plated Steelcaps,Zeke's Convergence
WARWICK,Tiamat,Epic,0.0909,0,0.50,5,Kraken Slayer,Phage,
ZILEAN,Cosmic Drive,Legendary,0.0769,0.3333,6.38,25,Frozen Heart,Luden's Companion,Shurelya's Battlesong
EKKO,Oracle Lens,Trinket,0.49,0.5102,3.38,5,Dusk And Dawn,Shadowflame,Sorcerer's Shoes
VIKTOR,Rabadon's Deathcap,Legendary,0.3333,0.5,3.08,35,Blackfire Torch,Liandry's Torment,Zhonya's Hourglass
SENNA,Dead Man's Plate,Legendary,0.0238,0,1.70,15,Mortal Reminder,,
ZILEAN,Control Ward,Consumable,0.6923,0.5185,4.80,15,Ionian Boots Of Lucidity,Bandlepipes,Shurelya's Battlesong
BLITZCRANK,Frozen Heart,Legendary,0.1,0.6667,2.78,25,Locket Of The Iron Solari,Bandlepipes,Redemption
JAYCE,Bastionbreaker,Legendary,0.1481,0.5833,5.06,20,Edge Of Night,Youmuu's Ghostblade,Opportunity
AMUMU,Frozen Heart,Legendary,0.125,1,3.00,15,,,
RYZE,Catalyst Of Aeons,Epic,0.0449,0,0.20,10,Fiendish Codex,Lost Chapter,
GWEN,Stealth Ward,Trinket,0.2179,0.4706,1.62,5,Dusk And Dawn,Doran's Ring,Nashor's Tooth
JAYCE,Eclipse,Legendary,0.1235,0.6,2.25,15,Serylda's Grudge,Serpent's Fang,Spear Of Shojin
BARD,Cloth Armor,Basic,0.0641,0.2,4.26,10,Dead Man's Plate,Boots Of Swiftness,Kindlegem
TWITCH,Doran's Ring,Starter,0.0606,0.25,1.98,5,Nashor's Tooth,Dark Seal,Needlessly Large Rod
ZERI,Statikk Shiv,Legendary,0.0645,0,1.03,10,Fiendhunter Bolts,Hexoptics C44,Infinity Edge
GALIO,Bandlepipes,Legendary,0.06,0,1.88,15,Spirit Visage,,
OLAF,Fiendhunter Bolts,Legendary,0.0435,0,0.67,25,Immortal Shieldbow,Infinity Edge,
RYZE,Mercury's Treads,Boots,0.1685,0.6667,1.61,15,Rod Of Ages,Actualizer,Rabadon's Deathcap
SETT,Pickaxe,Basic,0.1111,0,1.17,20,Stridebreaker,Black Cleaver,Blade Of The Ruined King
RENATA,Boots Of Swiftness,Boots,0.1111,1,4.33,10,Bandlepipes,Mikael's Blessing,Oblivion Orb
TEEMO,Bloodletter's Curse,Legendary,0.1429,1,1.60,25,Hextech Gunblade,Liandry's Torment,Malignance
SYLAS,Needlessly Large Rod,Basic,0.1383,0.5385,2.49,15,Hextech Rocketbelt,Riftmaker,Zhonya's Hourglass
AMUMU,Dark Seal,Starter,0.25,1,3.38,5,Plated Steelcaps,Abyssal Mask,Frozen Heart
RYZE,Rabadon's Deathcap,Legendary,0.1685,0.7333,2.52,30,Rod Of Ages,Actualizer,Zhonya's Hourglass
DRAVEN,Youmuu's Ghostblade,Legendary,0.0227,0,0.38,10,Lord Dominik's Regards,,
ZAC,Sunfire Aegis,Legendary,0.7778,0.5714,4.18,15,Spirit Visage,Hextech Rocketbelt,Randuin's Omen
JAX,Dagger,Basic,0.0417,0.6667,1.50,10,Phage,Boots,Boots Of Swiftness
SENNA,Scout's Slingshot,Epic,0.0476,0.5,2.05,20,Black Cleaver,Zeal,Executioner's Calling
NAAFIRI,Control Ward,Consumable,0.0476,1,2.64,15,Axiom Arc,Profane Hydra,Plated Steelcaps
MEL,Zhonya's Hourglass,Legendary,0.2353,0.375,3.58,25,Blackfire Torch,Rabadon's Deathcap,Horizon Focus
ZED,Long Sword,Basic,0.3978,0.3514,2.91,5,Ionian Boots Of Lucidity,Voltaic Cyclosword,Axiom Arc
GNAR,Thornmail,Legendary,0.04,1,1.67,45,Black Cleaver,Sterak's Gage,Trinity Force
RUMBLE,Shadowflame,Legendary,0.2667,0.375,2.51,20,Liandry's Torment,Zhonya's Hourglass,Hextech Rocketbelt
GNAR,Doran's Blade,Starter,0.28,0.5714,1.48,5,Trinity Force,Mercury's Treads,Black Cleaver
SYLAS,Haunting Guise,Epic,0.0851,0.875,2.67,15,Fiendish Codex,Hextech Rocketbelt,Rod Of Ages
VAYNE,Cull,Starter,0.0282,0,0.50,5,Berserker's Greaves,Blade Of The Ruined King,Dagger
SYLAS,Stormsurge,Legendary,0.0106,1,2.71,15,Mejai's Soulstealer,Shadowflame,Zhonya's Hourglass
KARMA,Sorcerer's Shoes,Boots,0.0137,0,0.80,15,Malignance,,
GALIO,Blighting Jewel,Epic,0.02,1,2.57,35,Bramble Vest,Cosmic Drive,Liandry's Torment
REKSAI,Serrated Dirk,Epic,0.0313,0,3.75,15,Essence Reaver,Immortal Shieldbow,Infinity Edge
VARUS,Hextech Alternator,Epic,0.0082,1,1.36,10,Dusk And Dawn,Nashor's Tooth,Rabadon's Deathcap
ZAC,Cloth Armor,Basic,0.037,1,7.50,10,Bramble Vest,Mercury's Treads,Ruby Crystal
SHACO,Fiendish Codex,Epic,0.04,0,2.00,25,Abyssal Mask,Aether Wisp,Kindlegem
CORKI,Refillable Potion,Consumable,0.1282,0.3,1.29,5,Doran's Blade,Essence Reaver,Plated Steelcaps
MISSFORTUNE,Mercurial Scimitar,Legendary,0.0345,1,5.25,40,Bloodthirster,Edge Of Night,Infinity Edge
VEIGAR,Luden's Companion,Legendary,0.2414,0.4286,1.17,15,Rabadon's Deathcap,Shadowflame,Stormsurge
EKKO,Hextech Alternator,Epic,0.05,0.6,2.63,20,Dusk And Dawn,Mejai's Soulstealer,Rabadon's Deathcap
CAITLYN,Last Whisper,Epic,0.08,0.25,1.81,20,Infinity Edge,Hexoptics C44,Noonquiver
IVERN,Bloodletter's Curse,Legendary,0.087,0.5,4.98,20,Malignance,Mejai's Soulstealer,Zhonya's Hourglass
AATROX,Opportunity,Legendary,0.0217,1,3.33,25,Sundered Sky,Voltaic Cyclosword,
ZERI,Experimental Hexplate,Legendary,0.0323,1,1.62,15,Hexoptics C44,Infinity Edge,Lord Dominik's Regards
KOGMAW,Farsight Alteration,Trinket,0.7143,0.5,2.01,15,Guinsoo's Rageblade,Dusk And Dawn,Amplifying Tome
LEESIN,Endless Hunger,Legendary,0.0417,0.6667,4.96,20,Sundered Sky,Black Cleaver,Eclipse
AATROX,Refillable Potion,Consumable,0.0217,1,4.50,5,Boots,Doran's Shield,Pickaxe
ILLAOI,Long Sword,Basic,0.125,0,1.00,5,Spear Of Shojin,The Brutalizer,
MASTERYI,Zeal,Epic,0.0333,0,2.13,15,Blade Of The Ruined King,Guinsoo's Rageblade,Kraken Slayer
TAHMKENCH,Stealth Ward,Trinket,0.1538,0.5,1.96,5,Doran's Shield,Heartsteel,Mercury's Treads
GNAR,Randuin's Omen,Legendary,0.16,0.75,2.17,40,Trinity Force,Black Cleaver,Sterak's Gage
VOLIBEAR,Bandlepipes,Legendary,0.0526,0.6667,3.73,20,Dusk And Dawn,Dead Man's Plate,Navori Flickerblade
PYKE,Doran's Blade,Starter,0.02,0,2.33,5,Edge Of Night,Ionian Boots Of Lucidity,Last Whisper
SONA,Bandleglass Mirror,Epic,0.1,0.2,2.37,10,Echoes Of Helia,Kindlegem,
DARIUS,Steel Sigil,Epic,0.0488,0.5,4.39,30,Dead Man's Plate,Stridebreaker,Force Of Nature
MALPHITE,Elixir Of Iron,Consumable,0.0423,0,2.05,40,Plated Steelcaps,Frozen Heart,Kaenic Rookern
TARIC,Fiendish Codex,Epic,0.0714,1,2.38,30,Forbidden Idol,Locket Of The Iron Solari,
PYKE,Tiamat,Epic,0.02,0,2.50,5,Serrated Dirk,Youmuu's Ghostblade,
TALON,Ionian Boots Of Lucidity,Boots,0.3065,0.4737,2.65,15,Youmuu's Ghostblade,Serylda's Grudge,Axiom Arc
VAYNE,Negatron Cloak,Epic,0.0282,0.5,1.82,30,Blade Of The Ruined King,Essence Reaver,Executioner's Calling
TALON,Serylda's Grudge,Legendary,0.4839,0.7,3.28,25,Youmuu's Ghostblade,Umbral Glaive,Axiom Arc
ZYRA,Doran's Ring,Starter,0.2105,0.75,3.57,5,Liandry's Torment,Sorcerer's Shoes,Blackfire Torch
MISSFORTUNE,Serpent's Fang,Legendary,0.1379,0.75,2.18,20,Lord Dominik's Regards,Infinity Edge,The Collector
SETT,Doran's Shield,Starter,0.1111,0,0.79,5,Stridebreaker,Tunneler,Black Cleaver
ANNIE,Banshee's Veil,Legendary,0.25,1,7.67,35,Malignance,Rylai's Crystal Scepter,Shadowflame
LEONA,Negatron Cloak,Epic,0.0909,0.4,2.31,20,Locket Of The Iron Solari,Bandlepipes,Frozen Heart
GWEN,Dagger,Basic,0.0256,0,0.38,5,Blasting Wand,Boots,Dusk And Dawn
MORGANA,Zhonya's Hourglass,Legendary,0.3077,0.25,1.61,25,Blackfire Torch,Liandry's Torment,
DRAVEN,Last Whisper,Epic,0.0909,0.25,2.01,20,Infinity Edge,Bloodthirster,Noonquiver
THRESH,Fiendish Codex,Epic,0.0517,0,1.89,20,Locket Of The Iron Solari,Bandlepipes,Forbidden Idol
CORKI,Farsight Alteration,Trinket,0.8333,0.5692,2.56,15,Doran's Blade,Plated Steelcaps,Trinity Force
LUX,Control Ward,Consumable,0.3333,0.4615,2.39,5,Luden's Companion,Sorcerer's Shoes,Amplifying Tome
DARIUS,Caulfield's Warhammer,Epic,0.0244,0,1.00,30,Dead Man's Plate,Sterak's Gage,Stridebreaker
TAHMKENCH,Chain Vest,Epic,0.0769,1,0.46,30,Dusk And Dawn,Heartsteel,Kindlegem
VIEGO,Stealth Ward,Trinket,0.0531,0.3333,2.57,5,Cloak Of Agility,Long Sword,Hearthbound Axe
SHEN,Kaenic Rookern,Legendary,0.2,0.75,5.95,25,Titanic Hydra,Randuin's Omen,Dead Man's Plate
EZREAL,Glowing Mote,Basic,0.0615,0.5,1.58,5,Ionian Boots Of Lucidity,Spear Of Shojin,Essence Reaver
URGOT,Ruby Crystal,Basic,0.1176,0.5,0.60,5,Black Cleaver,Boots Of Swiftness,Pickaxe
RUMBLE,Oracle Lens,Trinket,0.0667,0.5,1.94,5,Zhonya's Hourglass,Amplifying Tome,Bloodletter's Curse
NILAH,Mortal Reminder,Legendary,0.0769,0,2.33,20,Immortal Shieldbow,Infinity Edge,The Collector
HEIMERDINGER,Luden's Companion,Legendary,0.1429,0,0.44,15,,,
XINZHAO,Long Sword,Basic,0.35,0.1429,1.73,5,Sundered Sky,Plated Steelcaps,Steel Sigil
TWITCH,Amplifying Tome,Basic,0.0152,1,3.00,5,Ionian Boots Of Lucidity,Mejai's Soulstealer,Nashor's Tooth
LISSANDRA,Haunting Guise,Epic,0.0588,1,2.00,15,Rod Of Ages,,
MASTERYI,Pickaxe,Basic,0.2333,0.7143,1.96,15,Kraken Slayer,Guinsoo's Rageblade,Recurve Bow
MALZAHAR,Bloodletter's Curse,Legendary,0.0714,1,2.75,30,Liandry's Torment,Malignance,Shadowflame
ANIVIA,Health Potion,Consumable,0.0278,1,2.33,5,Archangel's Staff,Boots,Doran's Ring
RENGAR,Control Ward,Consumable,0.0175,1,2.00,5,Boots,Edge Of Night,Lord Dominik's Regards
MILIO,Fiendish Codex,Epic,0.102,0.4,3.37,20,Ardent Censer,Echoes Of Helia,Forbidden Idol
JANNA,Mejai's Soulstealer,Legendary,0.0938,0.8333,7.29,20,Shurelya's Battlesong,Moonstone Renewer,Redemption
KATARINA,Blighting Jewel,Epic,0.0357,0,1.10,30,Hextech Gunblade,Shadowflame,Zhonya's Hourglass
VEIGAR,Stormsurge,Legendary,0.1379,0.5,3.33,20,Luden's Companion,Rabadon's Deathcap,Shadowflame
DARIUS,Refillable Potion,Consumable,0.122,0.4,1.59,5,Doran's Shield,Stridebreaker,Mercury's Treads
BELVETH,B. F. Sword,Basic,0.0476,1,1.00,10,Plated Steelcaps,Vampiric Scepter,Yun Tal Wildarrows
LUCIAN,Mercury's Treads,Boots,0.0862,1,3.96,20,Essence Reaver,Navori Flickerblade,Infinity Edge
MORDEKAISER,Mejai's Soulstealer,Legendary,0.0455,1,4.25,25,Experimental Hexplate,Riftmaker,Spirit Visage
YORICK,Warden's Mail,Epic,0.0833,1,2.50,25,Spear Of Shojin,Trinity Force,
UDYR,Frozen Heart,Legendary,0.0667,0,1.80,25,Dead Man's Plate,Liandry's Torment,
ZIGGS,Needlessly Large Rod,Basic,0.2258,0.1429,2.38,20,Luden's Companion,Shadowflame,Sorcerer's Shoes
UDYR,Long Sword,Basic,0.0667,1,3.50,5,Boots Of Swiftness,Dusk And Dawn,Kraken Slayer
TARIC,Zeke's Convergence,Legendary,0.0714,1,5.60,25,Locket Of The Iron Solari,,
AKSHAN,Berserker's Greaves,Boots,0.2549,0.4615,2.60,15,Umbral Glaive,Serpent's Fang,The Collector
TALIYAH,Cryptbloom,Legendary,0.1356,0.625,2.36,30,Rylai's Crystal Scepter,Liandry's Torment,Blackfire Torch
KSANTE,Thornmail,Legendary,0.3529,0.75,3.00,20,Iceborn Gauntlet,"Jak'sho, The Protean",Kaenic Rookern
ANNIE,Blackfire Torch,Legendary,0.25,1,3.50,15,Bloodletter's Curse,Liandry's Torment,
GNAR,Blade Of The Ruined King,Legendary,0.04,0,2.75,20,Kaenic Rookern,Trinity Force,
MEL,Haunting Guise,Epic,0.0294,0,1.00,15,Blackfire Torch,Echoes Of Helia,
ELISE,Mejai's Soulstealer,Legendary,0.0256,0,2.43,20,Liandry's Torment,Rylai's Crystal Scepter,Stormsurge
ASHE,Berserker's Greaves,Boots,0.25,0.5,1.90,5,Kraken Slayer,Phantom Dancer,Infinity Edge
SYNDRA,Hextech Rocketbelt,Legendary,0.0164,0,0.58,20,Blackfire Torch,,
NOCTURNE,Plated Steelcaps,Boots,0.3333,0.8,2.61,20,Stridebreaker,Black Cleaver,Experimental Hexplate
KAYN,Doran's Blade,Starter,0.0345,1,1.00,5,Black Cleaver,Boots,Long Sword
AKSHAN,Elixir Of Wrath,Consumable,0.0784,1,2.13,30,Infinity Edge,Rapid Firecannon,Statikk Shiv
HWEI,Seeker's Armguard,Epic,0.0455,1,2.33,25,Blackfire Torch,Horizon Focus,
VIKTOR,Fiendish Codex,Epic,0.0278,1,2.67,10,Kindlegem,Luden's Companion,
KALISTA,Blade Of The Ruined King,Legendary,0.8462,0.6364,2.45,15,Guinsoo's Rageblade,Terminus,Yun Tal Wildarrows
VIEGO,Mercury's Treads,Boots,0.0354,0,0.73,15,The Collector,Blade Of The Ruined King,
JAYCE,Plated Steelcaps,Boots,0.1111,0.6667,1.54,15,Youmuu's Ghostblade,Eclipse,Serylda's Grudge
POPPY,Boots Of Swiftness,Boots,0.4211,0.625,2.48,10,Dead Man's Plate,Bandlepipes,Winged Moonplate
RENEKTON,Ionian Boots Of Lucidity,Boots,0.0154,1,2.25,15,Black Cleaver,Eclipse,
AZIR,Dusk And Dawn,Legendary,0.0769,0,1.75,30,Nashor's Tooth,Rabadon's Deathcap,Rylai's Crystal Scepter
EZREAL,Trinity Force,Legendary,0.5538,0.5278,2.84,15,Spear Of Shojin,Endless Hunger,Serylda's Grudge
SHEN,Locket Of The Iron Solari,Legendary,0.025,0,0.73,10,Redemption,,
QIYANA,Stealth Ward,Trinket,0.0526,0.3333,0.93,5,Doran's Blade,Profane Hydra,Axiom Arc
LEBLANC,Blighting Jewel,Epic,0.0278,1,3.25,20,Luden's Companion,Rabadon's Deathcap,Shadowflame
QIYANA,Control Ward,Consumable,0.0175,0,0.56,5,Axiom Arc,Doran's Blade,Profane Hydra
SENNA,Mercury's Treads,Boots,0.0714,0.3333,1.63,10,Black Cleaver,Blade Of The Ruined King,Edge Of Night
MORGANA,Elixir Of Sorcery,Consumable,0.0769,0,0.85,40,Blackfire Torch,Ionian Boots Of Lucidity,Zhonya's Hourglass
MORDEKAISER,Rylai's Crystal Scepter,Legendary,0.1818,0.5,1.74,10,Riftmaker,Liandry's Torment,Dusk And Dawn
KARMA,Ruby Crystal,Basic,0.0822,0.3333,1.57,10,Ionian Boots Of Lucidity,Moonstone Renewer,Glowing Mote
VEIGAR,Void Staff,Legendary,0.1034,0.3333,2.25,20,Rabadon's Deathcap,Actualizer,Blackfire Torch
IVERN,Aether Wisp,Epic,0.0435,1,12.00,20,Forbidden Idol,Moonstone Renewer,Redemption
GRAVES,The Collector,Legendary,0.619,0.6154,2.66,20,Lord Dominik's Regards,Infinity Edge,Youmuu's Ghostblade
GRAGAS,Farsight Alteration,Trinket,0.2273,0.6,2.58,15,Hextech Rocketbelt,Hextech Alternator,Luden's Companion
GALIO,Needlessly Large Rod,Basic,0.14,0.5714,2.67,25,Hollow Radiance,Riftmaker,Amplifying Tome
BLITZCRANK,Control Ward,Consumable,0.8667,0.4615,2.70,15,Boots Of Swiftness,Bandlepipes,Locket Of The Iron Solari
JINX,Berserker's Greaves,Boots,0.4412,0.4333,2.20,10,Yun Tal Wildarrows,Infinity Edge,Runaan's Hurricane
XINZHAO,Ruby Crystal,Basic,0.2,0.75,1.98,20,Mercury's Treads,Eclipse,Sundered Sky
LEBLANC,Amplifying Tome,Basic,0.1389,0.6,4.60,5,Luden's Companion,Mejai's Soulstealer,Shadowflame
SAMIRA,The Collector,Legendary,1,0.64,2.54,15,Infinity Edge,Lord Dominik's Regards,Immortal Shieldbow
TRISTANA,Farsight Alteration,Trinket,0.6923,0.4222,2.26,20,Infinity Edge,Doran's Blade,Yun Tal Wildarrows
RELL,Cloth Armor,Basic,0.2045,0.2222,2.66,10,Kindlegem,Locket Of The Iron Solari,Plated Steelcaps
KAISA,Cloth Armor,Basic,0.0097,0,0.75,25,Guinsoo's Rageblade,Kraken Slayer,Nashor's Tooth
GAREN,Sterak's Gage,Legendary,0.027,1,7.00,25,Lord Dominik's Regards,Phantom Dancer,Stridebreaker
LULU,Ardent Censer,Legendary,0.6173,0.44,2.91,15,Moonstone Renewer,Shurelya's Battlesong,Mikael's Blessing
LEESIN,Caulfield's Warhammer,Epic,0.1389,0.6,2.94,10,Sundered Sky,Eclipse,Tunneler
LUX,Plated Steelcaps,Boots,0.0256,0,2.38,15,Luden's Companion,Zhonya's Hourglass,
SERAPHINE,Ruby Crystal,Basic,0.0938,0.3333,1.19,15,Bandleglass Mirror,Echoes Of Helia,Ionian Boots Of Lucidity
RAKAN,Kindlegem,Epic,0.1905,0.625,3.52,10,Zeke's Convergence,Locket Of The Iron Solari,Bandlepipes
CAMILLE,Cloth Armor,Basic,0.0714,0,0.60,15,Plated Steelcaps,Ravenous Hydra,Trinity Force
YUNARA,Control Ward,Consumable,0.0366,0.6667,2.14,15,Fiendhunter Bolts,Kraken Slayer,B. F. Sword
GNAR,Kindlegem,Epic,0.04,1,1.50,15,Bramble Vest,Phage,Trinity Force
KOGMAW,Cloth Armor,Basic,0.0714,0,0.50,30,Guinsoo's Rageblade,Hexoptics C44,Navori Flickerblade
NOCTURNE,Maw Of Malmortius,Legendary,0.0667,1,1.13,25,Stridebreaker,,
GANGPLANK,Oracle Lens,Trinket,0.32,0.625,2.66,20,Essence Reaver,Infinity Edge,Lord Dominik's Regards
SMOLDER,Refillable Potion,Consumable,0.0926,0.2,0.97,5,Doran's Blade,Essence Reaver,Ionian Boots Of Lucidity
SEJUANI,Liandry's Torment,Legendary,0.0714,0,0.30,20,,,
HWEI,Fiendish Codex,Epic,0.0909,0,0.97,15,Blackfire Torch,Haunting Guise,Lost Chapter
NUNU,Lost Chapter,Epic,0.0345,0,0.57,25,Hextech Rocketbelt,,
NUNU,Tear Of The Goddess,Starter,0.0345,0,0.57,10,Amplifying Tome,Doran's Ring,Hextech Rocketbelt
JINX,Last Whisper,Epic,0.0735,0.8,2.13,30,Infinity Edge,Runaan's Hurricane,Yun Tal Wildarrows
ALISTAR,Frozen Heart,Legendary,0.0172,1,3.25,30,Bandlepipes,Zeke's Convergence,
MEL,Elixir Of Sorcery,Consumable,0.0588,0.5,2.61,30,Rabadon's Deathcap,Blackfire Torch,Cosmic Drive
SMOLDER,Guardian Angel,Legendary,0.037,1,2.31,35,Infinity Edge,Spear Of Shojin,Death's Dance
AKALI,Elixir Of Sorcery,Consumable,0.0484,0.6667,4.45,30,Hextech Gunblade,Shadowflame,Rabadon's Deathcap
SMOLDER,Endless Hunger,Legendary,0.0556,1,4.50,25,Essence Reaver,Black Cleaver,Rapid Firecannon
TALON,Serpent's Fang,Legendary,0.3387,0.619,3.00,20,Youmuu's Ghostblade,Umbral Glaive,Serylda's Grudge
KAYN,Opportunity,Legendary,0.4828,0.5,2.62,15,Axiom Arc,Serylda's Grudge,Edge Of Night
VELKOZ,Refillable Potion,Consumable,0.0882,0.6667,1.67,5,Doran's Ring,Blackfire Torch,Dark Seal
SYLAS,Boots,Boots,0.0106,0,0.00,10,Hextech Rocketbelt,,
PYKE,Boots Of Swiftness,Boots,0.62,0.3548,2.28,10,Youmuu's Ghostblade,Umbral Glaive,Serrated Dirk
GWEN,Mejai's Soulstealer,Legendary,0.0897,0.5714,3.90,15,Dusk And Dawn,Nashor's Tooth,Riftmaker
RUMBLE,Boots,Boots,0.0333,1,2.50,10,Liandry's Torment,,
TEEMO,Ruby Crystal,Basic,0.2857,0.5,0.75,5,Boots Of Swiftness,Lost Chapter,Malignance
JINX,Lord Dominik's Regards,Legendary,0.3088,0.619,2.41,25,Infinity Edge,Runaan's Hurricane,Yun Tal Wildarrows
FIORA,Spear Of Shojin,Legendary,0.1795,0.7143,2.44,20,Ravenous Hydra,Death's Dance,Trinity Force
KAYLE,Oracle Lens,Trinket,0.0345,1,0.80,20,Needlessly Large Rod,Berserker's Greaves,Doran's Blade
YUNARA,Lord Dominik's Regards,Legendary,0.1463,0.3333,2.83,30,Infinity Edge,Fiendhunter Bolts,Kraken Slayer
EZREAL,Farsight Alteration,Trinket,0.7538,0.4694,2.55,15,Ionian Boots Of Lucidity,Doran's Blade,Trinity Force
SEJUANI,Protoplasm Harness,Legendary,0.2143,0,2.03,15,Thornmail,Dusk And Dawn,Bandlepipes
TWITCH,Mortal Reminder,Legendary,0.0455,0.3333,1.73,30,Infinity Edge,Yun Tal Wildarrows,Runaan's Hurricane
AURORA,Refillable Potion,Consumable,0.0909,0.5,2.08,5,Dark Seal,Doran's Ring,Luden's Companion
YASUO,Zeal,Epic,0.0156,0,0.68,10,Blade Of The Ruined King,Immortal Shieldbow,Stormrazor
DIANA,Gustwalker Hatchling,Starter,0.0093,0,0.57,5,Amplifying Tome,Dusk And Dawn,Fiendish Codex
URGOT,Long Sword,Basic,0.1765,0,0.79,5,Black Cleaver,Mercury's Treads,Sterak's Gage
SONA,Cloth Armor,Basic,0.02,1,3.20,15,Amplifying Tome,Ionian Boots Of Lucidity,Rod Of Ages
NIDALEE,Void Staff,Legendary,0.0625,1,5.67,25,Liandry's Torment,Lich Bane,Shadowflame
URGOT,Force Of Nature,Legendary,0.0588,0,1.60,30,Black Cleaver,Sterak's Gage,
VELKOZ,Bloodletter's Curse,Legendary,0.0294,0,2.25,20,Malignance,Rabadon's Deathcap,
VIKTOR,Seeker's Armguard,Epic,0.0556,0.5,2.60,25,Blackfire Torch,Liandry's Torment,Banshee's Veil
TRYNDAMERE,Zeal,Epic,0.0588,0,1.33,20,Executioner's Calling,Ravenous Hydra,
NASUS,Tunneler,Epic,0.0417,1,4.25,15,Spear Of Shojin,Trinity Force,
SYLAS,Mejai's Soulstealer,Legendary,0.0638,1,5.03,15,Hextech Rocketbelt,Zhonya's Hourglass,Riftmaker
EVELYNN,Oracle Lens,Trinket,0.125,0,1.00,5,Lich Bane,Needlessly Large Rod,Shadowflame
SMOLDER,Ruby Crystal,Basic,0.0185,0,0.42,15,Essence Reaver,Ionian Boots Of Lucidity,Pickaxe
AURORA,Hextech Rocketbelt,Legendary,0.1364,0.3333,1.64,15,Shadowflame,Bloodletter's Curse,Rabadon's Deathcap
PYKE,Glowing Mote,Basic,0.06,0.6667,2.15,10,Boots Of Swiftness,Youmuu's Ghostblade,Caulfield's Warhammer
TALON,Spear Of Shojin,Legendary,0.0161,0,3.29,25,Black Cleaver,Edge Of Night,Youmuu's Ghostblade
YASUO,Last Whisper,Epic,0.0156,0,1.70,30,Blade Of The Ruined King,Death's Dance,Immortal Shieldbow
JARVANIV,Mortal Reminder,Legendary,0.0149,1,3.40,20,Axiom Arc,Profane Hydra,
MORDEKAISER,Kindlegem,Epic,0.0455,0,0.14,10,Hextech Rocketbelt,,
GALIO,Doran's Ring,Starter,0.46,0.4783,2.01,5,Amplifying Tome,Hollow Radiance,Hextech Rocketbelt
GANGPLANK,Pickaxe,Basic,0.08,1,3.40,20,Essence Reaver,Boots Of Swiftness,Cloak Of Agility
GWEN,Hextech Alternator,Epic,0.0641,0.4,1.46,15,Dusk And Dawn,Nashor's Tooth,Lich Bane
AKALI,Haunting Guise,Epic,0.0161,0,0.50,20,Hextech Gunblade,,
NAUTILUS,Cloth Armor,Basic,0.1771,0.4706,2.38,10,Locket Of The Iron Solari,Kindlegem,Plated Steelcaps
AHRI,Doran's Ring,Starter,0.3261,0.6,2.61,5,Malignance,Amplifying Tome,Needlessly Large Rod
KENNEN,Elixir Of Sorcery,Consumable,0.0286,1,3.00,25,Doran's Ring,Hextech Gunblade,Seeker's Armguard
AHRI,Needlessly Large Rod,Basic,0.3261,0.5333,2.65,25,Blackfire Torch,Malignance,Cosmic Drive
CHOGATH,Plated Steelcaps,Boots,0.15,0.3333,0.98,25,Dead Man's Plate,Hextech Rocketbelt,Kaenic Rookern
TALON,Edge Of Night,Legendary,0.4355,0.5926,3.04,25,Youmuu's Ghostblade,Serylda's Grudge,Umbral Glaive
VARUS,Axiom Arc,Legendary,0.0082,0,3.20,30,Edge Of Night,Serylda's Grudge,Youmuu's Ghostblade
CAITLYN,Serrated Dirk,Epic,0.01,1,2.10,10,Infinity Edge,Lord Dominik's Regards,Phantom Dancer
AZIR,Needlessly Large Rod,Basic,0.0769,0,0.71,25,Amplifying Tome,Liandry's Torment,Nashor's Tooth
LILLIA,Stealth Ward,Trinket,0.0714,0,1.71,5,Boots Of Swiftness,Liandry's Torment,Needlessly Large Rod
PYKE,Guardian Angel,Legendary,0.04,0,4.27,30,Youmuu's Ghostblade,Edge Of Night,Frozen Heart
SHACO,Kindlegem,Epic,0.04,0,2.00,25,Abyssal Mask,Aether Wisp,Fiendish Codex
CHOGATH,Mercury's Treads,Boots,0.15,0.3333,2.14,15,Dead Man's Plate,Hextech Rocketbelt,Riftmaker
MONKEYKING,Guardian Angel,Legendary,0.1154,1,3.72,30,Trinity Force,Black Cleaver,Maw Of Malmortius
BRAND,Void Staff,Legendary,0.0357,0,2.83,35,Liandry's Torment,Morellonomicon,Rylai's Crystal Scepter
LISSANDRA,Control Ward,Consumable,0.1176,1,2.36,10,Abyssal Mask,Amplifying Tome,Dark Seal
ANNIE,Oracle Lens,Trinket,0.25,1,2.00,20,Malignance,Shadowflame,Stormsurge
JINX,Zeal,Epic,0.0588,0.5,2.19,20,Infinity Edge,Kraken Slayer,Lord Dominik's Regards
ASHE,Pickaxe,Basic,0.25,0.6667,2.85,20,Phantom Dancer,Kraken Slayer,Infinity Edge
ASHE,Control Ward,Consumable,0.0833,0.5,4.38,10,Bandlepipes,Doran's Blade,Imperial Mandate
AKSHAN,The Brutalizer,Epic,0.0196,1,2.63,30,Infinity Edge,Rapid Firecannon,Statikk Shiv
FIZZ,Refillable Potion,Consumable,0.0526,0,1.33,5,Amplifying Tome,Dark Seal,Doran's Ring
JAX,Doran's Blade,Starter,0.2639,0.2632,0.96,5,Trinity Force,Plated Steelcaps,Sundered Sky
MORDEKAISER,Doran's Shield,Starter,0.2273,0.4,1.32,5,Hextech Rocketbelt,Mercury's Treads,Amplifying Tome
EKKO,Mejai's Soulstealer,Legendary,0.15,0.8,6.57,25,Rabadon's Deathcap,Dusk And Dawn,Shadowflame
GANGPLANK,Refillable Potion,Consumable,0.08,1,1.50,5,Doran's Blade,Essence Reaver,Plated Steelcaps
KLED,Pickaxe,Basic,0.5,0.8,3.44,15,Titanic Hydra,Plated Steelcaps,Hullbreaker
IVERN,Moonstone Renewer,Legendary,0.5217,0.5,3.73,20,Redemption,Dawncore,Ardent Censer
VIEGO,Hearthbound Axe,Epic,0.0088,0,1.00,5,,,
MORGANA,Bandleglass Mirror,Epic,0.0769,0,1.67,10,Aether Wisp,Zhonya's Hourglass,
AURORA,Shadowflame,Legendary,0.6364,0.7143,2.85,25,Luden's Companion,Rabadon's Deathcap,Stormsurge
KAYLE,Hextech Gunblade,Legendary,0.069,0,0.95,20,Guinsoo's Rageblade,Nashor's Tooth,
LEESIN,B. F. Sword,Basic,0.0278,0.5,4.29,30,Black Cleaver,Plated Steelcaps,Profane Hydra
GWEN,Void Staff,Legendary,0.1154,0.3333,2.20,30,Rabadon's Deathcap,Dusk And Dawn,Shadowflame
DRMUNDO,Ruby Crystal,Basic,0.3562,0.5385,3.07,5,Heartsteel,Dead Man's Plate,Boots Of Swiftness
SORAKA,Dark Seal,Starter,0.0333,0,1.29,5,Ionian Boots Of Lucidity,Moonstone Renewer,Redemption
KAYN,Youmuu's Ghostblade,Legendary,0.069,0,1.71,15,Opportunity,Axiom Arc,Serylda's Grudge
YASUO,Noonquiver,Epic,0.1172,0.4667,1.89,20,Blade Of The Ruined King,Kraken Slayer,Immortal Shieldbow
SINGED,Winged Moonplate,Epic,0.0435,1,4.50,30,Liandry's Torment,Protoplasm Harness,Riftmaker
DARIUS,Trinity Force,Legendary,0.0488,0,1.19,15,Sterak's Gage,Dead Man's Plate,Force Of Nature
SION,Spectre's Cowl,Epic,0.0256,0,0.00,10,Hollow Radiance,Negatron Cloak,
ELISE,Dark Seal,Starter,0.4872,0.4211,2.32,5,Sorcerer's Shoes,Stormsurge,Shadowflame
NOCTURNE,Elixir Of Wrath,Consumable,0.2,0.6667,4.45,35,Axiom Arc,Edge Of Night,Profane Hydra
VARUS,Seeker's Armguard,Epic,0.041,0.8,2.49,25,Dusk And Dawn,Riftmaker,Hextech Gunblade
ZERI,Kaenic Rookern,Legendary,0.0323,1,1.55,35,Fiendhunter Bolts,Infinity Edge,Lord Dominik's Regards
KOGMAW,Doran's Ring,Starter,0.3571,0.4,1.22,5,Dusk And Dawn,Needlessly Large Rod,Amplifying Tome
NIDALEE,Plated Steelcaps,Boots,0.0625,1,2.13,5,Hextech Gunblade,Trinity Force,Negatron Cloak
KOGMAW,Nashor's Tooth,Legendary,0.0714,0,1.56,30,Dusk And Dawn,Shadowflame,
RENATA,Control Ward,Consumable,0.5556,0.8,3.21,20,Bandlepipes,Ionian Boots Of Lucidity,Locket Of The Iron Solari
GANGPLANK,Mortal Reminder,Legendary,0.2,0.4,2.33,20,Essence Reaver,The Collector,Infinity Edge
ZOE,Rabadon's Deathcap,Legendary,0.2121,0.7143,6.43,30,Luden's Companion,Lich Bane,Mejai's Soulstealer
ANIVIA,Archangel's Staff,Legendary,0.0278,1,2.33,15,Rod Of Ages,,
QIYANA,Caulfield's Warhammer,Epic,0.1053,0.6667,2.77,15,Profane Hydra,Axiom Arc,Bastionbreaker
RAMMUS,Control Ward,Consumable,0.2,0.5,5.08,20,Thornmail,Bami's Cinder,Boots Of Swiftness
SYLAS,Hextech Rocketbelt,Legendary,0.8298,0.5641,2.42,15,Riftmaker,Zhonya's Hourglass,Shadowflame
KASSADIN,Sorcerer's Shoes,Boots,0.1096,0.625,2.29,20,Rod Of Ages,Malignance,Lost Chapter
REKSAI,Steel Sigil,Epic,0.0625,0,1.50,25,Spear Of Shojin,Stridebreaker,Sterak's Gage
SYNDRA,Cryptbloom,Legendary,0.0164,1,4.60,25,Blackfire Torch,Cosmic Drive,Horizon Focus
SENNA,Oracle Lens,Trinket,0.9286,0.4615,3.59,10,Boots Of Swiftness,Control Ward,Black Cleaver
TWISTEDFATE,Amplifying Tome,Basic,0.1111,0.25,1.65,15,Rapid Firecannon,Rod Of Ages,Lich Bane
AZIR,Rylai's Crystal Scepter,Legendary,0.3077,0.25,2.49,20,Nashor's Tooth,Rabadon's Deathcap,Dusk And Dawn
LEESIN,Plated Steelcaps,Boots,0.4028,0.4138,3.10,15,Sundered Sky,Eclipse,Death's Dance
ZILEAN,Dark Seal,Starter,0.0513,0,2.17,5,Bandlepipes,Ionian Boots Of Lucidity,Redemption
CAMILLE,Mercury's Treads,Boots,0.0714,1,3.75,25,Ravenous Hydra,Sterak's Gage,Trinity Force
BRIAR,Infinity Edge,Legendary,0.0556,0,2.08,30,Lord Dominik's Regards,Spirit Visage,The Collector
FIORA,Cloth Armor,Basic,0.0256,0,0.63,15,Long Sword,Plated Steelcaps,Ravenous Hydra
GRAVES,Cull,Starter,0.0952,0,0.17,10,Bloodthirster,Doran's Blade,Mercury's Treads
VI,Cloak Of Agility,Basic,0.1,1,3.20,25,Eclipse,Executioner's Calling,Last Whisper
NAMI,Mejai's Soulstealer,Legendary,0.0224,1,7.03,25,Imperial Mandate,Echoes Of Helia,Moonstone Renewer
KATARINA,Blasting Wand,Basic,0.0893,0.2,1.43,5,Amplifying Tome,Hextech Gunblade,Nashor's Tooth
MASTERYI,Experimental Hexplate,Legendary,0.3,0.5556,2.27,25,Guinsoo's Rageblade,Kraken Slayer,Death's Dance
AHRI,Stealth Ward,Trinket,0.1087,0.8,2.32,5,Needlessly Large Rod,Doran's Ring,Malignance
MALPHITE,Stormsurge,Legendary,0.0282,0.5,1.54,15,Malignance,,
RYZE,Doran's Ring,Starter,0.4719,0.3333,1.66,5,Rod Of Ages,Tear Of The Goddess,Lost Chapter
ZILEAN,Bandleglass Mirror,Epic,0.0769,0,2.10,10,Bandlepipes,Aether Wisp,Locket Of The Iron Solari
NIDALEE,Horizon Focus,Legendary,0.0313,0,2.45,25,Cryptbloom,Liandry's Torment,Zhonya's Hourglass
MALPHITE,Lost Chapter,Epic,0.0141,1,2.00,10,Thornmail,,
POPPY,Null-Magic Mantle,Basic,0.0526,0,0.67,20,Bramble Vest,Mercury's Treads,Sundered Sky
AURELIONSOL,Hextech Alternator,Epic,0.0323,0,1.91,25,Banshee's Veil,Liandry's Torment,Rylai's Crystal Scepter
LUCIAN,Steel Sigil,Epic,0.0172,1,1.50,35,Essence Reaver,Infinity Edge,Mortal Reminder
JAYCE,Warden's Mail,Epic,0.0123,0,0.25,10,Glacial Buckler,,
ALISTAR,Kindlegem,Epic,0.5517,0.5313,2.60,10,Locket Of The Iron Solari,Bandlepipes,Zeke's Convergence
LEESIN,Hubris,Legendary,0.0139,1,0.89,15,Profane Hydra,,
KARTHUS,Stealth Ward,Trinket,0.1905,0.5,2.05,5,Blackfire Torch,Shadowflame,Sorcerer's Shoes
KARTHUS,Cloth Armor,Basic,0.0476,0.5,2.33,5,Blackfire Torch,Amplifying Tome,Boots
DRMUNDO,Kindlegem,Epic,0.0685,0.4,1.97,25,Heartsteel,Dead Man's Plate,Warmog's Armor
ZED,Cull,Starter,0.0108,0,1.17,10,Bastionbreaker,Eclipse,Long Sword
LULU,Aether Wisp,Epic,0.037,0.3333,1.64,10,Ardent Censer,Moonstone Renewer,Bandleglass Mirror
KINDRED,Mortal Reminder,Legendary,0.2,0.3333,2.08,30,Kraken Slayer,Infinity Edge,The Collector
APHELIOS,Lord Dominik's Regards,Legendary,0.3656,0.6765,2.25,25,Infinity Edge,Stormrazor,Immortal Shieldbow
JHIN,Berserker's Greaves,Boots,0.0139,1,7.00,15,Hubris,Infinity Edge,The Collector
KARTHUS,Hextech Alternator,Epic,0.0476,0,0.96,15,Blackfire Torch,Horizon Focus,
SHEN,Elixir Of Iron,Consumable,0.025,0,1.27,40,Frozen Heart,Plated Steelcaps,Randuin's Omen
VEX,Needlessly Large Rod,Basic,0.7368,0.7143,3.10,15,Luden's Companion,Sorcerer's Shoes,Blackfire Torch
MILIO,Dark Seal,Starter,0.1837,0.6667,3.18,5,Ionian Boots Of Lucidity,Echoes Of Helia,Moonstone Renewer
ANIVIA,Abyssal Mask,Legendary,0.0278,0,1.80,35,Kaenic Rookern,Rod Of Ages,
SENNA,Control Ward,Consumable,0.619,0.5,3.84,15,Boots Of Swiftness,Black Cleaver,Echoes Of Helia
SHEN,Winged Moonplate,Epic,0.075,0,1.82,20,Bramble Vest,Negatron Cloak,Titanic Hydra
KENNEN,Control Ward,Consumable,0.0857,0.3333,2.72,5,Sorcerer's Shoes,Hextech Gunblade,Shadowflame
VOLIBEAR,Glowing Mote,Basic,0.0175,1,1.25,10,Axiom Arc,Hextech Gunblade,Plated Steelcaps
SENNA,Amplifying Tome,Basic,0.0238,1,12.00,20,Echoes Of Helia,Ionian Boots Of Lucidity,Kindlegem
RAKAN,Spectre's Cowl,Epic,0.0238,1,5.80,35,Locket Of The Iron Solari,Redemption,Zeke's Convergence
RUMBLE,Plated Steelcaps,Boots,0.2667,0.5,1.12,10,Liandry's Torment,Bloodletter's Curse,Hextech Alternator
NEEKO,Zhonya's Hourglass,Legendary,0.4872,0.3684,4.43,25,Hextech Rocketbelt,Abyssal Mask,Banshee's Veil
NUNU,Warden's Mail,Epic,0.1379,0.5,2.01,20,Liandry's Torment,Bramble Vest,Glacial Buckler
CASSIOPEIA,Rod Of Ages,Legendary,0.6923,0.6111,1.56,15,Rylai's Crystal Scepter,Actualizer,Cosmic Drive
DARIUS,Dead Man's Plate,Legendary,0.3171,0.4615,2.84,25,Stridebreaker,Sterak's Gage,Force Of Nature
GALIO,Abyssal Mask,Legendary,0.02,1,5.75,40,Frozen Heart,Hollow Radiance,Thornmail
TEEMO,Mejai's Soulstealer,Legendary,0.1429,1,1.78,30,Liandry's Torment,Malignance,Void Staff
DRAVEN,Elixir Of Wrath,Consumable,0.0227,0,2.86,40,Bloodthirster,Essence Reaver,Infinity Edge
ORIANNA,Fiendish Codex,Epic,0.0833,1,4.11,20,Blackfire Torch,Aether Wisp,
JAYCE,Youmuu's Ghostblade,Legendary,0.7654,0.5161,2.84,10,Opportunity,Serylda's Grudge,Edge Of Night
SMOLDER,Zeal,Epic,0.1296,0,1.26,25,Essence Reaver,Spear Of Shojin,Infinity Edge
SEJUANI,Warmog's Armor,Legendary,0.0714,1,3.29,25,Abyssal Mask,Frozen Heart,Heartsteel
SEJUANI,Control Ward,Consumable,0.2143,0.3333,1.88,5,Kaenic Rookern,Mercury's Treads,Bandlepipes
YUUMI,Imperial Mandate,Legendary,0.069,0.5,8.39,25,Ardent Censer,Moonstone Renewer,Dawncore
LILLIA,Plated Steelcaps,Boots,0.0714,1,4.33,15,Chain Vest,Liandry's Torment,Mejai's Soulstealer
AKSHAN,Control Ward,Consumable,0.0196,1,4.25,15,Bloodsong,Boots,Dagger
PANTHEON,Sundered Sky,Legendary,0.4,0.5625,2.38,15,Black Cleaver,Mortal Reminder,Spear Of Shojin
FIORA,Pickaxe,Basic,0.2564,0.9,1.46,25,Ravenous Hydra,Plated Steelcaps,Trinity Force
CAMILLE,Tiamat,Epic,0.0714,0,0.86,20,Trinity Force,,
KAISA,Control Ward,Consumable,0.0097,0,0.50,10,Doran's Blade,Dusk And Dawn,Guinsoo's Rageblade
RAMMUS,Bami's Cinder,Epic,0.4,0,1.94,5,Thornmail,Giant's Belt,Kaenic Rookern
ELISE,Control Ward,Consumable,0.4872,0.3158,2.28,15,Sorcerer's Shoes,Stormsurge,Dark Seal
TWISTEDFATE,Null-Magic Mantle,Basic,0.0278,1,1.00,5,Boots,Ruby Crystal,
REKSAI,Titanic Hydra,Legendary,0.75,0.4167,3.98,15,Spear Of Shojin,Death's Dance,Serpent's Fang
JINX,Yun Tal Wildarrows,Legendary,0.7353,0.42,2.20,15,Infinity Edge,Runaan's Hurricane,Lord Dominik's Regards
ZYRA,Rylai's Crystal Scepter,Legendary,0.2105,0.75,3.42,20,Liandry's Torment,Blackfire Torch,Cryptbloom
REKSAI,Phage,Epic,0.0313,1,3.33,10,Chempunk Chainsword,Kindlegem,Spear Of Shojin
ZOE,Dark Seal,Starter,0.2727,0.5556,3.01,5,Luden's Companion,Doran's Ring,Lich Bane
ANIVIA,Bandlepipes,Legendary,0.0278,0,2.80,25,Rod Of Ages,,
DRAVEN,Serrated Dirk,Epic,0.0227,1,1.18,10,Essence Reaver,Infinity Edge,Lord Dominik's Regards
REKSAI,Winged Moonplate,Epic,0.0313,1,4.14,35,Chain Vest,Spear Of Shojin,Sterak's Gage
MALPHITE,Knight's Vow,Legendary,0.0282,0,1.00,30,Hollow Radiance,"Jak'sho, The Protean",Locket Of The Iron Solari
NUNU,Spectre's Cowl,Epic,0.1724,0.4,2.46,15,Liandry's Torment,Frozen Heart,Kaenic Rookern
SION,Unending Despair,Legendary,0.6667,0.5769,2.21,20,Hollow Radiance,"Jak'sho, The Protean",Randuin's Omen
KALISTA,Farsight Alteration,Trinket,0.9231,0.6667,2.28,15,Blade Of The Ruined King,Doran's Blade,Guinsoo's Rageblade
ORNN,Sunfire Aegis,Legendary,0.4878,0.65,1.99,15,Kaenic Rookern,Thornmail,Frozen Heart
VAYNE,Serrated Dirk,Epic,0.0423,0.6667,1.07,15,Essence Reaver,Stormrazor,Lord Dominik's Regards
KAISA,Farsight Alteration,Trinket,0.8544,0.4545,2.25,15,Kraken Slayer,Guinsoo's Rageblade,Doran's Blade
AKSHAN,Doran's Blade,Starter,0.3725,0.6316,2.83,5,The Collector,Umbral Glaive,Last Whisper
POPPY,Dead Man's Plate,Legendary,0.3684,0.4286,1.96,20,Bandlepipes,Locket Of The Iron Solari,Protoplasm Harness
POPPY,Plated Steelcaps,Boots,0.2632,0.6,1.83,10,Bandlepipes,Dead Man's Plate,Iceborn Gauntlet
MALZAHAR,Farsight Alteration,Trinket,0.5714,0.625,1.82,15,Liandry's Torment,Rylai's Crystal Scepter,Blackfire Torch
RENEKTON,Long Sword,Basic,0.0923,0.5,1.94,5,Eclipse,Boots,Hexdrinker
KOGMAW,Doran's Blade,Starter,0.2857,0.5,1.55,5,Guinsoo's Rageblade,Blade Of The Ruined King,Runaan's Hurricane
AMBESSA,Eclipse,Legendary,0.4894,0.413,1.89,15,Spear Of Shojin,Death's Dance,Black Cleaver
DRMUNDO,Thornmail,Legendary,0.1096,0.625,3.44,30,Heartsteel,Spirit Visage,Dead Man's Plate
IVERN,Doran's Ring,Starter,0.1304,0.3333,2.88,5,Ionian Boots Of Lucidity,Malignance,Bandleglass Mirror
AZIR,Farsight Alteration,Trinket,0.6923,0.4444,2.70,20,Nashor's Tooth,Rabadon's Deathcap,Doran's Ring
LEESIN,Doran's Blade,Starter,0.0556,0.5,0.73,5,Plated Steelcaps,Ravenous Hydra,Black Cleaver
KASSADIN,Tear Of The Goddess,Starter,0.1781,0.2308,1.19,5,Rod Of Ages,Boots,Dark Seal
AATROX,Serpent's Fang,Legendary,0.0435,0,0.58,15,Maw Of Malmortius,Spear Of Shojin,
ASHE,Kraken Slayer,Legendary,0.7083,0.5882,2.90,15,Phantom Dancer,Infinity Edge,Fiendhunter Bolts
KASSADIN,Giant's Belt,Epic,0.0274,0.5,1.70,30,Malignance,Rod Of Ages,Frozen Heart
LISSANDRA,Luden's Companion,Legendary,0.1176,0,1.82,10,Zhonya's Hourglass,Rabadon's Deathcap,Shadowflame
KARTHUS,Shadowflame,Legendary,0.7143,0.6333,2.78,20,Blackfire Torch,Rabadon's Deathcap,Liandry's Torment
SYLAS,Cryptbloom,Legendary,0.0213,0.5,1.18,20,Hextech Rocketbelt,Rod Of Ages,Zhonya's Hourglass
THRESH,Kindlegem,Epic,0.3966,0.5217,2.66,10,Bandlepipes,Locket Of The Iron Solari,Chain Vest
SYLAS,Hextech Gunblade,Legendary,0.0426,0.5,1.50,15,Hextech Rocketbelt,Riftmaker,Morellonomicon
VOLIBEAR,Winged Moonplate,Epic,0.0877,0.8,2.77,20,Dusk And Dawn,Chain Vest,Navori Flickerblade
FIZZ,Control Ward,Consumable,0.0526,0,1.78,25,Lich Bane,Shadowflame,Sorcerer's Shoes
SENNA,Refillable Potion,Consumable,0.0476,0,3.06,5,Boots Of Swiftness,Black Cleaver,Cloak Of Agility
NAMI,Zaz'zak's Realmspike,Legendary,0.0075,0,0.88,15,Ardent Censer,Imperial Mandate,
XINZHAO,Kindlegem,Epic,0.05,0,2.50,20,Phage,Sundered Sky,
PANTHEON,B. F. Sword,Basic,0.025,1,6.33,35,Black Cleaver,Mercury's Treads,Sterak's Gage
CHOGATH,Boots,Boots,0.05,1,0.50,5,Chain Vest,Hextech Rocketbelt,
ZAC,Protoplasm Harness,Legendary,0.1481,0.5,5.09,30,Sunfire Aegis,Spirit Visage,Hextech Rocketbelt
JARVANIV,Executioner's Calling,Epic,0.0149,1,4.00,20,Eclipse,Spirit Visage,
RENEKTON,Kindlegem,Epic,0.0308,0.5,1.75,15,Black Cleaver,Eclipse,Phage
SHEN,Warmog's Armor,Legendary,0.025,0,1.20,25,,,
VELKOZ,Seeker's Armguard,Epic,0.0294,0,3.13,25,Luden's Companion,Rabadon's Deathcap,Stormsurge
TWITCH,Boots Of Swiftness,Boots,0.0303,1,4.17,15,Nashor's Tooth,Rabadon's Deathcap,Zhonya's Hourglass
QIYANA,Dark Seal,Starter,0.0175,0,0.38,5,Blasting Wand,Boots Of Swiftness,Doran's Blade
NAMI,Aether Wisp,Epic,0.0299,0.5,5.42,20,Forbidden Idol,Imperial Mandate,Bandlepipes
JAX,Stealth Ward,Trinket,0.375,0.4074,1.33,5,Trinity Force,Sundered Sky,Plated Steelcaps
VLADIMIR,Kindlegem,Epic,0.0175,1,2.57,10,Hextech Rocketbelt,Rabadon's Deathcap,Riftmaker
ZED,Noonquiver,Epic,0.0323,0,1.46,20,Bastionbreaker,Eclipse,Last Whisper
VELKOZ,Aether Wisp,Epic,0.0294,0,2.50,20,Hextech Alternator,Horizon Focus,
ZOE,Mejai's Soulstealer,Legendary,0.1515,1,8.62,15,Luden's Companion,Lich Bane,Rabadon's Deathcap
SHACO,Elixir Of Wrath,Consumable,0.04,0,5.40,30,Boots Of Swiftness,Edge Of Night,Profane Hydra
LEBLANC,Hextech Gunblade,Legendary,0.0556,0,1.80,15,Zaz'zak's Realmspike,,
JAYCE,Long Sword,Basic,0.3457,0.5714,3.03,5,Youmuu's Ghostblade,Opportunity,Ionian Boots Of Lucidity
RENEKTON,Caulfield's Warhammer,Epic,0.0615,0.5,1.64,10,Death's Dance,Eclipse,Maw Of Malmortius
MISSFORTUNE,Youmuu's Ghostblade,Legendary,0.5172,0.5333,2.15,10,The Collector,Lord Dominik's Regards,Infinity Edge
GRAVES,Vampiric Scepter,Epic,0.0476,0,3.57,5,Immortal Shieldbow,Infinity Edge,Lord Dominik's Regards
SORAKA,Plated Steelcaps,Boots,0.0667,0,2.07,30,Forbidden Idol,Moonstone Renewer,
DRMUNDO,Plated Steelcaps,Boots,0.2192,0.4375,2.48,15,Heartsteel,Dead Man's Plate,Spirit Visage
FIDDLESTICKS,Control Ward,Consumable,0.25,0.4286,2.48,5,Amplifying Tome,Liandry's Torment,Sorcerer's Shoes
RENEKTON,Spectre's Cowl,Epic,0.0154,0,1.63,25,Black Cleaver,Negatron Cloak,Sterak's Gage
TALON,Endless Hunger,Legendary,0.0161,1,3.14,20,Black Cleaver,Eclipse,Ravenous Hydra
TEEMO,Void Staff,Legendary,0.1429,1,1.78,25,Liandry's Torment,Malignance,Mejai's Soulstealer
KHAZIX,Bastionbreaker,Legendary,0.3881,0.3846,3.06,20,Umbral Glaive,Edge Of Night,Opportunity
AURORA,Oblivion Orb,Epic,0.0455,1,3.33,25,Fiendish Codex,Haunting Guise,Liandry's Torment
AZIR,Refillable Potion,Consumable,0.3077,0.5,3.17,10,Nashor's Tooth,Doran's Ring,Amplifying Tome
KASSADIN,Force Of Nature,Legendary,0.0137,0,1.40,30,Rod Of Ages,,
NAMI,Ionian Boots Of Lucidity,Boots,0.8284,0.5676,3.11,15,Imperial Mandate,Moonstone Renewer,Echoes Of Helia
APHELIOS,Stealth Ward,Trinket,0.0968,0.7778,1.84,5,Doran's Blade,Stormrazor,Long Sword
DRAVEN,Doran's Blade,Starter,0.5,0.4091,2.03,5,Infinity Edge,The Collector,Berserker's Greaves
RELL,Boots Of Swiftness,Boots,0.1136,0.6,3.25,15,Zeke's Convergence,Bandlepipes,Abyssal Mask
FIZZ,Elixir Of Sorcery,Consumable,0.0526,1,2.88,40,Bloodletter's Curse,Dusk And Dawn,Mercury's Treads
BARD,Kindlegem,Epic,0.2308,0.5556,4.17,10,Dead Man's Plate,Bandlepipes,Liandry's Torment
HEIMERDINGER,Oracle Lens,Trinket,0.5714,0.25,1.38,5,Amplifying Tome,Control Ward,Boots
AMBESSA,Ionian Boots Of Lucidity,Boots,0.0851,0.75,4.29,20,Death's Dance,Axiom Arc,Endless Hunger
MORDEKAISER,Morellonomicon,Legendary,0.0455,0,3.80,35,Dusk And Dawn,Riftmaker,Rylai's Crystal Scepter
NOCTURNE,Glowing Mote,Basic,0.0667,1,2.67,5,Axiom Arc,Bastionbreaker,Boots
QIYANA,B. F. Sword,Basic,0.0526,1,3.29,30,Edge Of Night,Ionian Boots Of Lucidity,Profane Hydra
DARIUS,Hexdrinker,Epic,0.0244,1,3.00,10,Force Of Nature,Spear Of Shojin,Stridebreaker
BRAND,Ruby Crystal,Basic,0.0357,0,2.25,10,Amplifying Tome,Blackfire Torch,Fated Ashes
RENEKTON,Spear Of Shojin,Legendary,0.2769,0.4444,2.38,25,Eclipse,Black Cleaver,Death's Dance
SWAIN,Rod Of Ages,Legendary,0.0227,0,0.67,10,Blackfire Torch,Rylai's Crystal Scepter,Zhonya's Hourglass
LEESIN,Hexdrinker,Epic,0.0694,0.8,2.70,25,Sundered Sky,Caulfield's Warhammer,Profane Hydra
JARVANIV,Spear Of Shojin,Legendary,0.0149,1,2.50,35,Axiom Arc,Profane Hydra,Sundered Sky
MEL,Needlessly Large Rod,Basic,0.2647,0.6667,2.27,25,Blackfire Torch,Cosmic Drive,Luden's Companion
LUX,Dark Seal,Starter,0.3077,0.5,3.10,5,Needlessly Large Rod,Malignance,Stormsurge
SION,Titanic Hydra,Legendary,0.2564,0.8,2.19,15,Unending Despair,Hollow Radiance,Thornmail
ZAAHEN,Trinity Force,Legendary,0.7436,0.6207,1.54,15,Sundered Sky,Death's Dance,Stridebreaker
LISSANDRA,Blasting Wand,Basic,0.0588,0,1.71,10,Blighting Jewel,Malignance,Shadowflame
ALISTAR,Sunfire Aegis,Legendary,0.0172,0,1.00,20,,,
VI,Control Ward,Consumable,0.3,1,4.33,5,Long Sword,Plated Steelcaps,Steel Sigil
BARD,Dark Seal,Starter,0.0897,0.5714,5.62,5,Boots Of Swiftness,Dead Man's Plate,Fated Ashes
TWITCH,Control Ward,Consumable,0.0303,0.5,1.75,10,Dagger,The Collector,Berserker's Greaves
KAISA,Long Sword,Basic,0.0291,0.6667,2.47,5,Guinsoo's Rageblade,Kraken Slayer,Berserker's Greaves
LEONA,Locket Of The Iron Solari,Legendary,0.5273,0.5862,3.30,15,Bandlepipes,Protoplasm Harness,Knight's Vow
EVELYNN,Dark Seal,Starter,0.25,0.5,3.00,5,Lich Bane,Rabadon's Deathcap,Sorcerer's Shoes
QUINN,Mortal Reminder,Legendary,0.375,0.3333,1.71,15,Profane Hydra,Edge Of Night,
DARIUS,Cloth Armor,Basic,0.0732,0,0.44,5,Mercury's Treads,Stridebreaker,Sterak's Gage
AHRI,Farsight Alteration,Trinket,0.3261,0.5333,3.74,15,Blackfire Torch,Cosmic Drive,Malignance
FIZZ,Void Staff,Legendary,0.1053,0,3.88,25,Lich Bane,Liandry's Torment,Rabadon's Deathcap
CAMILLE,Doran's Shield,Starter,0.1429,1,3.04,5,Ravenous Hydra,Trinity Force,Ionian Boots Of Lucidity
REKSAI,Doran's Shield,Starter,0.0313,0,1.17,5,Plated Steelcaps,Ruby Crystal,Spear Of Shojin
FIORA,Boots,Boots,0.0513,0.5,1.00,10,Ravenous Hydra,Phage,Sheen
TALIYAH,Elixir Of Sorcery,Consumable,0.0678,0.5,2.37,35,Rabadon's Deathcap,Rylai's Crystal Scepter,Blackfire Torch
ORNN,Negatron Cloak,Epic,0.2195,0.8889,3.47,20,Sunfire Aegis,Thornmail,Unending Despair
PANTHEON,Bloodsong,Legendary,0.025,1,1.50,15,Eclipse,Serpent's Fang,Umbral Glaive
SWAIN,Ionian Boots Of Lucidity,Boots,0.0227,0,0.86,15,Giant's Belt,Liandry's Torment,
HECARIM,Eclipse,Legendary,0.1053,0.5,2.60,15,Black Cleaver,Guardian Angel,Maw Of Malmortius
UDYR,Seeker's Armguard,Epic,0.0667,1,6.00,25,Spirit Visage,Unending Despair,
BLITZCRANK,Ruby Crystal,Basic,0.1667,1,1.23,5,Boots Of Swiftness,Bandlepipes,Bramble Vest
CAITLYN,Quicksilver Sash,Epic,0.01,1,3.67,35,Hexoptics C44,Infinity Edge,Lord Dominik's Regards
SIVIR,Navori Flickerblade,Legendary,0.6667,0.4333,2.99,20,Essence Reaver,Infinity Edge,Lord Dominik's Regards
KAYN,B. F. Sword,Basic,0.0345,1,2.33,30,Axiom Arc,Edge Of Night,Ionian Boots Of Lucidity
SYLAS,Doran's Ring,Starter,0.3085,0.5172,1.83,5,Hextech Rocketbelt,Dark Seal,Amplifying Tome
AURORA,Actualizer,Legendary,0.0455,1,2.00,25,Liandry's Torment,Mejai's Soulstealer,
KAYN,Bastionbreaker,Legendary,0.1034,0.6667,1.62,25,Axiom Arc,Opportunity,Edge Of Night
TWISTEDFATE,Control Ward,Consumable,0.0556,0,2.29,10,Doran's Ring,Rod Of Ages,Cryptbloom
JANNA,Ardent Censer,Legendary,0.0938,0.6667,3.59,30,Moonstone Renewer,Redemption,Shurelya's Battlesong
SHYVANA,Tiamat,Epic,0.25,0,1.00,10,Navori Flickerblade,Sundered Sky,
AMBESSA,Doran's Shield,Starter,0.1596,0.5333,1.70,5,Eclipse,Plated Steelcaps,Spear Of Shojin
UDYR,Dusk And Dawn,Legendary,0.2,0.3333,2.54,20,Spirit Visage,Dead Man's Plate,Kraken Slayer
OLAF,Cloak Of Agility,Basic,0.0435,0,0.67,5,Fiendhunter Bolts,Immortal Shieldbow,Infinity Edge
TWISTEDFATE,Rod Of Ages,Legendary,0.6944,0.44,2.36,15,Lich Bane,Rapid Firecannon,Zhonya's Hourglass
VAYNE,Farsight Alteration,Trinket,0.7042,0.62,2.07,20,Berserker's Greaves,Doran's Blade,Stormrazor
JAYCE,Elixir Of Wrath,Consumable,0.0988,0.25,2.67,35,Serylda's Grudge,Youmuu's Ghostblade,Edge Of Night
VIKTOR,Mejai's Soulstealer,Legendary,0.0278,0,6.25,35,Cosmic Drive,Rod Of Ages,Zhonya's Hourglass
KAYN,Stealth Ward,Trinket,0.069,0.5,0.83,5,Black Cleaver,Boots,Doran's Blade
REKSAI,Death's Dance,Legendary,0.2188,0.4286,5.46,25,Spear Of Shojin,Titanic Hydra,Black Cleaver
NILAH,Immortal Shieldbow,Legendary,0.4615,0.5,2.78,25,Infinity Edge,The Collector,Lord Dominik's Regards
YUNARA,Cull,Starter,0.122,0.5,2.24,5,Doran's Blade,Kraken Slayer,Fiendhunter Bolts
ZAAHEN,Ruby Crystal,Basic,0.0769,0.6667,2.46,5,Mercury's Treads,Long Sword,Sundered Sky
QUINN,Serrated Dirk,Epic,0.25,0.5,3.11,15,Lord Dominik's Regards,Infinity Edge,Profane Hydra
VAYNE,Youmuu's Ghostblade,Legendary,0.0423,0.6667,2.28,25,Essence Reaver,Stormrazor,Edge Of Night
KATARINA,Oracle Lens,Trinket,0.2321,0.6923,3.01,15,Shadowflame,Dark Seal,Hextech Gunblade
LILLIA,Chain Vest,Epic,0.0714,1,4.33,25,Liandry's Torment,Mejai's Soulstealer,Riftmaker
ELISE,Zhonya's Hourglass,Legendary,0.2821,0.3636,2.59,25,Stormsurge,Shadowflame,Lich Bane
JAX,Elixir Of Iron,Consumable,0.0139,0,1.92,35,Dusk And Dawn,Pickaxe,Plated Steelcaps
AKALI,Chain Vest,Epic,0.0161,0,2.13,30,Giant's Belt,Hextech Gunblade,Negatron Cloak
POPPY,Long Sword,Basic,0.0526,1,1.67,10,Boots Of Swiftness,Dead Man's Plate,Tunneler
JHIN,Hexdrinker,Epic,0.0139,0,3.14,30,Bloodthirster,Infinity Edge,Lord Dominik's Regards
ZAC,Fiendish Codex,Epic,0.037,1,1.70,10,Aether Wisp,Kindlegem,Riftmaker
MORGANA,Sapphire Crystal,Basic,0.0769,0,1.00,5,Echoes Of Helia,Fated Ashes,Ionian Boots Of Lucidity
HWEI,Hextech Alternator,Epic,0.0455,1,4.00,20,Cryptbloom,Luden's Companion,
CHOGATH,Warden's Mail,Epic,0.05,0,1.83,25,Force Of Nature,Heartsteel,
KINDRED,B. F. Sword,Basic,0.1333,1,7.75,20,Kraken Slayer,The Collector,Boots
NAAFIRI,Death's Dance,Legendary,0.1905,0.5833,3.24,25,Profane Hydra,Axiom Arc,Serylda's Grudge
XERATH,Needlessly Large Rod,Basic,0.2727,0.3333,2.90,15,Luden's Companion,Shadowflame,Sorcerer's Shoes
CORKI,Doran's Blade,Starter,0.641,0.5,2.25,5,Plated Steelcaps,Trinity Force,Essence Reaver
PANTHEON,Spectre's Cowl,Epic,0.025,1,2.00,30,Spear Of Shojin,Sterak's Gage,Sundered Sky
GAREN,Stealth Ward,Trinket,0.3784,0.5714,1.79,5,Stridebreaker,Phantom Dancer,Dagger
RIVEN,Kindlegem,Epic,0.027,0,0.57,25,Eclipse,,
RENGAR,Sheen,Epic,0.0175,0,1.10,20,Edge Of Night,Profane Hydra,Umbral Glaive
KAYN,Mercury's Treads,Boots,0.2069,0.8333,3.57,20,Serpent's Fang,Serylda's Grudge,Axiom Arc
AMBESSA,Serrated Dirk,Epic,0.0532,0.4,1.77,25,Profane Hydra,Opportunity,Axiom Arc
FIORA,Boots Of Swiftness,Boots,0.0769,1,3.30,15,Ravenous Hydra,Trinity Force,Spear Of Shojin
KINDRED,Serpent's Fang,Legendary,0.1333,0.5,4.55,20,Kraken Slayer,Mortal Reminder,The Collector
ORNN,Cloth Armor,Basic,0.0976,0.25,1.98,5,Plated Steelcaps,Sunfire Aegis,Unending Despair
SHEN,Randuin's Omen,Legendary,0.175,0.1429,2.30,25,Titanic Hydra,Kaenic Rookern,Dead Man's Plate
KAYLE,Cull,Starter,0.1034,0,0.16,5,Boots Of Swiftness,Doran's Shield,Amplifying Tome
LULU,Fiendish Codex,Epic,0.0988,0.375,3.45,10,Ardent Censer,Forbidden Idol,Mikael's Blessing
LILLIA,Sorcerer's Shoes,Boots,0.2143,0,2.05,15,Liandry's Torment,Riftmaker,Zhonya's Hourglass
CORKI,Steel Sigil,Epic,0.0128,1,4.60,25,Essence Reaver,Infinity Edge,Rapid Firecannon
SWAIN,Giant's Belt,Epic,0.0682,0,0.74,10,Blackfire Torch,Frozen Heart,Liandry's Torment
PANTHEON,Spear Of Shojin,Legendary,0.05,0.5,2.13,20,Sundered Sky,Black Cleaver,Sterak's Gage
CASSIOPEIA,Plated Steelcaps,Boots,0.1923,0.8,2.50,15,Rylai's Crystal Scepter,Rod Of Ages,Giant's Belt
MILIO,Oracle Lens,Trinket,1,0.6122,3.71,10,Ionian Boots Of Lucidity,Control Ward,Echoes Of Helia
LILLIA,Mejai's Soulstealer,Legendary,0.1429,1,4.42,25,Liandry's Torment,Riftmaker,Zhonya's Hourglass
LEBLANC,Aether Wisp,Epic,0.0278,0,1.67,10,Hextech Alternator,Luden's Companion,Rabadon's Deathcap
UDYR,Unending Despair,Legendary,0.0667,1,6.00,15,Spirit Visage,,
SETT,Overlord's Bloodmail,Legendary,0.3889,0.2857,2.43,20,Stridebreaker,Sterak's Gage,Black Cleaver
VARUS,Plated Steelcaps,Boots,0.1721,0.4286,1.59,10,Dusk And Dawn,Nashor's Tooth,Experimental Hexplate
FIZZ,Doran's Ring,Starter,0.4211,0.5,2.75,5,Lich Bane,Dark Seal,Zhonya's Hourglass
VI,The Collector,Legendary,0.1,1,3.20,20,Eclipse,,
TRISTANA,Bloodthirster,Legendary,0.1077,0.7143,4.14,30,Infinity Edge,Lord Dominik's Regards,Yun Tal Wildarrows
YORICK,Tunneler,Epic,0.1667,0.5,2.39,15,Trinity Force,Black Cleaver,
SONA,Forbidden Idol,Epic,0.28,0.2857,2.55,20,Echoes Of Helia,Moonstone Renewer,Kindlegem
ZERI,Runaan's Hurricane,Legendary,0.2903,0.5556,2.19,20,Lord Dominik's Regards,Yun Tal Wildarrows,Infinity Edge
AZIR,Spellslinger's Shoes,Legacy,0.0769,0,2.17,,,,
VEX,Spellslinger's Shoes,Legacy,0.0526,0,1.25,,,,
ZIGGS,Oblivion Orb,Epic,0.1613,0.2,1.85,15,Luden's Companion,Shadowflame,Liandry's Torment
SHACO,Stormrazor,Legendary,0.12,0.6667,3.87,30,Infinity Edge,Lord Dominik's Regards,The Collector
MORGANA,Fiendish Codex,Epic,0.0769,0,1.00,10,Aether Wisp,Imperial Mandate,Kindlegem
MONKEYKING,Phage,Epic,0.0769,0,1.38,25,Trinity Force,Serpent's Fang,Sundered Sky
SHEN,Thornmail,Legendary,0.1,0.75,4.13,25,Titanic Hydra,Dead Man's Plate,Frozen Heart
EKKO,Needlessly Large Rod,Basic,0.31,0.2903,2.82,20,Dusk And Dawn,Sorcerer's Shoes,Shadowflame
MORGANA,Kindlegem,Epic,0.1538,0,1.04,15,Aether Wisp,Blackfire Torch,Fiendish Codex
SHACO,Youmuu's Ghostblade,Legendary,0.32,0.625,2.90,10,The Collector,Infinity Edge,Lord Dominik's Regards
FIDDLESTICKS,Liandry's Torment,Legendary,0.3571,0.5,2.26,15,Zhonya's Hourglass,Bloodletter's Curse,Malignance
ZAC,Abyssal Mask,Legendary,0.037,1,4.20,25,Spirit Visage,Sunfire Aegis,
KARMA,Farsight Alteration,Trinket,0.0685,0.2,2.36,15,Malignance,Moonstone Renewer,Dark Seal
SHACO,Sorcerer's Shoes,Boots,0.04,0,0.75,15,Blackfire Torch,Liandry's Torment,
KASSADIN,Needlessly Large Rod,Basic,0.2466,0.6111,2.55,25,Rod Of Ages,Malignance,Mercury's Treads
SHEN,Doran's Shield,Starter,0.5,0.4,3.45,5,Titanic Hydra,Plated Steelcaps,Bramble Vest
SION,Sunfire Aegis,Legendary,0.1538,0.1667,2.69,15,Thornmail,Unending Despair,"Jak'sho, The Protean"
MONKEYKING,Ravenous Hydra,Legendary,0.1154,0.3333,1.84,15,Essence Reaver,Death's Dance,Mortal Reminder
AURELIONSOL,Banshee's Veil,Legendary,0.0968,0.6667,7.68,25,Liandry's Torment,Rylai's Crystal Scepter,Bloodletter's Curse
VI,Trinity Force,Legendary,0.1,1,9.00,15,,,
AATROX,Control Ward,Consumable,0.0652,1,3.56,10,Mercury's Treads,Sundered Sky,Death's Dance
SERAPHINE,Dawncore,Legendary,0.125,1,3.04,30,Echoes Of Helia,Blackfire Torch,Moonstone Renewer
QUINN,Stealth Ward,Trinket,0.5,0.5,1.66,5,Long Sword,Edge Of Night,Profane Hydra
SEJUANI,Tear Of The Goddess,Starter,0.0714,1,1.00,10,Dark Seal,Doran's Ring,Giant's Belt
LISSANDRA,Malignance,Legendary,0.6471,0.5455,1.90,15,Shadowflame,Zhonya's Hourglass,Abyssal Mask
HWEI,Cryptbloom,Legendary,0.0455,1,4.00,20,Luden's Companion,,
APHELIOS,Bloodthirster,Legendary,0.1075,0.6,2.08,30,Infinity Edge,Immortal Shieldbow,The Collector
APHELIOS,Ruby Crystal,Basic,0.0108,1,1.30,30,Immortal Shieldbow,Infinity Edge,Plated Steelcaps
YASUO,Giant's Belt,Epic,0.0156,1,3.58,30,Blade Of The Ruined King,Death's Dance,Immortal Shieldbow
JAX,Cloth Armor,Basic,0.0417,0.3333,0.75,5,Trinity Force,Amplifying Tome,Blade Of The Ruined King
SENNA,Doran's Blade,Starter,0.0714,0.3333,2.75,5,Boots Of Swiftness,Infinity Edge,Statikk Shiv
MONKEYKING,Pickaxe,Basic,0.1154,0.3333,3.27,10,Trinity Force,Black Cleaver,Plated Steelcaps
TWISTEDFATE,Elixir Of Sorcery,Consumable,0.0833,0.6667,3.00,35,Lich Bane,Zhonya's Hourglass,Rod Of Ages
HEIMERDINGER,Control Ward,Consumable,0.2857,0,1.03,15,Amplifying Tome,Boots,Doran's Ring
SMOLDER,Stormrazor,Legendary,0.0185,1,2.33,20,Essence Reaver,,
POPPY,Umbral Glaive,Legendary,0.0526,0,1.40,15,Dead Man's Plate,,
DARIUS,Boots Of Swiftness,Boots,0.1463,0.3333,3.66,15,Stridebreaker,Dead Man's Plate,Negatron Cloak
NAUTILUS,Oracle Lens,Trinket,1,0.5521,2.97,10,Control Ward,Locket Of The Iron Solari,Bandlepipes
SWAIN,Kindlegem,Epic,0.0227,0,2.00,15,Frozen Heart,Oblivion Orb,Rylai's Crystal Scepter
LULU,Boots Of Swiftness,Boots,0.0988,0.5,3.90,10,Mikael's Blessing,Redemption,Ardent Censer
AMBESSA,Refillable Potion,Consumable,0.0319,0.6667,0.84,5,Doran's Shield,Eclipse,Pickaxe
BRAND,Bloodletter's Curse,Legendary,0.0714,0.5,1.67,30,Blackfire Torch,Liandry's Torment,Rylai's Crystal Scepter
SETT,Blade Of The Ruined King,Legendary,0.2222,0.25,1.51,15,Stridebreaker,Overlord's Bloodmail,Black Cleaver
BRAUM,Boots,Boots,0.0857,0,0.36,5,Kindlegem,Locket Of The Iron Solari,Bandlepipes
URGOT,Tunneler,Epic,0.1765,0.6667,1.97,20,Black Cleaver,Sterak's Gage,Youmuu's Ghostblade
QIYANA,Maw Of Malmortius,Legendary,0.0351,0.5,1.94,35,Edge Of Night,Profane Hydra,Axiom Arc
VIEGO,The Collector,Legendary,0.0885,0.4,1.54,20,Immortal Shieldbow,Lord Dominik's Regards,
LUCIAN,Serrated Dirk,Epic,0.0172,0,0.33,15,Essence Reaver,Infinity Edge,
GAREN,Mortal Reminder,Legendary,0.2973,0.4545,1.51,25,Stridebreaker,Phantom Dancer,Dead Man's Plate
SHACO,Voltaic Cyclosword,Legendary,0.04,1,2.86,20,Profane Hydra,Umbral Glaive,
GALIO,Frozen Heart,Legendary,0.08,1,3.49,25,Hollow Radiance,Abyssal Mask,Celestial Opposition
BARD,Shurelya's Battlesong,Legendary,0.0256,0.5,2.32,25,Redemption,Bandlepipes,Dead Man's Plate
VIEGO,Null-Magic Mantle,Basic,0.0088,0,1.29,15,Death's Dance,,
MALZAHAR,Stealth Ward,Trinket,0.2857,0.75,1.28,5,Blackfire Torch,Liandry's Torment,Doran's Ring
FIORA,Sterak's Gage,Legendary,0.0256,1,2.17,20,Ravenous Hydra,Trinity Force,
DARIUS,Executioner's Calling,Epic,0.0244,0,0.63,15,Chain Vest,Sterak's Gage,Stridebreaker
BLITZCRANK,Faerie Charm,Basic,0.0333,0,2.60,30,Boots Of Swiftness,Glowing Mote,Locket Of The Iron Solari
GALIO,Cosmic Drive,Legendary,0.02,1,2.57,20,Liandry's Torment,Zhonya's Hourglass,
RIVEN,Last Whisper,Epic,0.027,0,2.20,20,Axiom Arc,Death's Dance,Sundered Sky
KAYN,Boots,Boots,0.069,0.5,1.50,10,Black Cleaver,Opportunity,The Brutalizer
SORAKA,Dream Maker,Legendary,0.0333,1,2.86,15,Moonstone Renewer,Redemption,Warmog's Armor
LISSANDRA,Dark Seal,Starter,0.3529,0.5,1.62,5,Doran's Ring,Amplifying Tome,Needlessly Large Rod
GWEN,Kindlegem,Epic,0.0128,0,0.00,10,Sheen,,
ELISE,Sorcerer's Shoes,Boots,0.9231,0.3056,2.42,15,Stormsurge,Shadowflame,Zhonya's Hourglass
BARD,Trailblazer,Legendary,0.0128,1,4.10,30,Bandlepipes,Locket Of The Iron Solari,Morellonomicon
TWISTEDFATE,Refillable Potion,Consumable,0.0278,1,2.00,5,Boots Of Swiftness,Cull,Dagger
NASUS,Stealth Ward,Trinket,0.375,0.5556,2.01,5,Trinity Force,Ionian Boots Of Lucidity,Doran's Shield
ZED,Oracle Lens,Trinket,0.5914,0.5273,2.70,10,Voltaic Cyclosword,Ionian Boots Of Lucidity,Axiom Arc
AATROX,Scorchclaw Pup,Starter,0.0217,0,0.38,5,Sundered Sky,Tunneler,
SORAKA,Boots Of Swiftness,Boots,0.1333,0.75,3.01,15,Redemption,Forbidden Idol,Moonstone Renewer
TARIC,Whispering Circlet,Legendary,0.0714,1,3.50,15,,,
OLAF,Stealth Ward,Trinket,0.4783,0.2727,1.87,5,Stridebreaker,Doran's Blade,Plated Steelcaps
BELVETH,Kraken Slayer,Legendary,0.6667,0.5,2.22,10,Stridebreaker,Death's Dance,Black Cleaver
KALISTA,Opportunity,Legendary,0.0769,0,1.00,15,Guinsoo's Rageblade,,
TALIYAH,Liandry's Torment,Legendary,0.3051,0.5556,2.33,20,Blackfire Torch,Rylai's Crystal Scepter,Cosmic Drive
JANNA,Rabadon's Deathcap,Legendary,0.0156,1,6.75,30,Imperial Mandate,Mejai's Soulstealer,Shurelya's Battlesong
RIVEN,Null-Magic Mantle,Basic,0.0541,0.5,1.45,5,Sundered Sky,Axiom Arc,Black Cleaver
AURELIONSOL,Seeker's Armguard,Epic,0.129,0.5,6.74,20,Rylai's Crystal Scepter,Liandry's Torment,Shadowflame
RENEKTON,Plated Steelcaps,Boots,0.5231,0.4706,2.97,15,Black Cleaver,Eclipse,Sterak's Gage
KATARINA,Steel Sigil,Epic,0.0179,1,2.00,25,Guinsoo's Rageblade,Kraken Slayer,Terminus
MORDEKAISER,Hextech Rocketbelt,Legendary,0.3636,0.375,1.82,10,Dusk And Dawn,Experimental Hexplate,Riftmaker
CAITLYN,The Collector,Legendary,0.54,0.463,2.76,15,Infinity Edge,Lord Dominik's Regards,Hexoptics C44
VI,The Brutalizer,Epic,0.1,1,0.67,20,Serrated Dirk,Youmuu's Ghostblade,
CAMILLE,Spear Of Shojin,Legendary,0.1429,0.5,3.25,20,Ravenous Hydra,Trinity Force,
EKKO,Aether Wisp,Epic,0.01,0,0.27,10,Hextech Rocketbelt,,
YUNARA,Elixir Of Iron,Consumable,0.0122,0,2.55,45,Fiendhunter Bolts,Infinity Edge,Kraken Slayer
LEBLANC,Oblivion Orb,Epic,0.0556,0.5,2.44,20,Luden's Companion,Rabadon's Deathcap,Stormsurge
CHOGATH,"Jak'sho, The Protean",Legendary,0.1,1,2.90,20,Dead Man's Plate,Force Of Nature,Heartsteel
SENNA,Bandleglass Mirror,Epic,0.0714,0.6667,8.56,10,Echoes Of Helia,Kindlegem,
EZREAL,Hexdrinker,Epic,0.0308,0,3.17,25,Endless Hunger,Essence Reaver,Bloodthirster
NOCTURNE,Executioner's Calling,Epic,0.0667,0,0.50,20,Stridebreaker,,
MEL,Fiendish Codex,Epic,0.0882,1,4.12,15,Zhonya's Hourglass,Blackfire Torch,Liandry's Torment
SION,Control Ward,Consumable,0.0513,0,0.79,10,Hollow Radiance,Ruby Crystal,Unending Despair
VLADIMIR,Farsight Alteration,Trinket,0.4211,0.5833,3.38,15,Hextech Rocketbelt,Dark Seal,Rabadon's Deathcap
AURELIONSOL,Needlessly Large Rod,Basic,0.2903,0.4444,4.92,25,Rylai's Crystal Scepter,Liandry's Torment,Sorcerer's Shoes
SION,Farsight Alteration,Trinket,0.1282,0.6,2.46,20,Hollow Radiance,"Jak'sho, The Protean",Unending Despair
NAAFIRI,Profane Hydra,Legendary,0.3968,0.72,2.73,10,Axiom Arc,Serylda's Grudge,Death's Dance
AMBESSA,Edge Of Night,Legendary,0.0319,0.6667,3.68,15,Axiom Arc,Profane Hydra,Death's Dance
TALIYAH,Bloodletter's Curse,Legendary,0.0169,1,2.44,20,Blackfire Torch,Liandry's Torment,Rabadon's Deathcap
DARIUS,Tunneler,Epic,0.1463,0.5,1.25,20,Stridebreaker,Force Of Nature,Bramble Vest
DRAVEN,Ruby Crystal,Basic,0.0227,0,1.63,25,Infinity Edge,Mortal Reminder,The Collector
IRELIA,Bramble Vest,Epic,0.0167,0,1.17,5,Blade Of The Ruined King,Endless Hunger,Kraken Slayer
EZREAL,Cryptbloom,Legendary,0.0154,0,3.38,35,Hextech Gunblade,Lich Bane,Rabadon's Deathcap
SERAPHINE,Fated Ashes,Epic,0.0313,0,0.00,10,Lost Chapter,,
DRMUNDO,Executioner's Calling,Epic,0.0137,0,1.00,30,Heartsteel,Kindlegem,Warmog's Armor
TALIYAH,Sorcerer's Shoes,Boots,0.3729,0.5455,3.39,15,Blackfire Torch,Shadowflame,Zhonya's Hourglass
NEEKO,Hextech Alternator,Epic,0.1026,0,1.10,10,Hextech Rocketbelt,Zhonya's Hourglass,Aether Wisp
GNAR,Bramble Vest,Epic,0.04,1,1.50,15,Kindlegem,Phage,Trinity Force
FIDDLESTICKS,Void Staff,Legendary,0.1071,0.3333,2.78,25,Abyssal Mask,Banshee's Veil,Hextech Rocketbelt
RENGAR,Pickaxe,Basic,0.0526,1,4.83,15,Profane Hydra,Umbral Glaive,Boots
KALISTA,Dark Seal,Starter,0.0769,0,1.00,25,Berserker's Greaves,Doran's Blade,Fiendish Codex
TWISTEDFATE,Yun Tal Wildarrows,Legendary,0.0278,0,1.17,15,Rapid Firecannon,Stormrazor,
SEJUANI,Ionian Boots Of Lucidity,Boots,0.0714,1,1.00,15,Dusk And Dawn,Oblivion Orb,
RUMBLE,Randuin's Omen,Legendary,0.0333,1,4.60,30,Liandry's Torment,Shadowflame,Zhonya's Hourglass
TALON,Death's Dance,Legendary,0.0484,0.6667,4.38,45,Axiom Arc,Serylda's Grudge,Youmuu's Ghostblade
VARUS,Ionian Boots Of Lucidity,Boots,0.0574,0.4286,2.50,10,Youmuu's Ghostblade,Edge Of Night,Serylda's Grudge
VAYNE,Quicksilver Sash,Epic,0.0141,0,0.90,35,Essence Reaver,Mortal Reminder,Stormrazor
VAYNE,Dagger,Basic,0.1127,0.75,1.43,5,Berserker's Greaves,Blade Of The Ruined King,Essence Reaver
FIDDLESTICKS,Shurelya's Battlesong,Legendary,0.0357,1,3.00,15,Liandry's Torment,Randuin's Omen,
MALPHITE,Seeker's Armguard,Epic,0.0282,0.5,3.24,25,Malignance,"Jak'sho, The Protean",Stormsurge
BARD,Mikael's Blessing,Legendary,0.0385,1,2.34,25,Bandlepipes,Locket Of The Iron Solari,
YUUMI,Glowing Mote,Basic,0.1034,0.3333,5.53,15,Mikael's Blessing,Moonstone Renewer,Amplifying Tome
AHRI,Cosmic Drive,Legendary,0.3261,0.6,3.64,20,Blackfire Torch,Zhonya's Hourglass,Rabadon's Deathcap
OLAF,Steel Sigil,Epic,0.087,0,0.91,25,Stridebreaker,Immortal Shieldbow,Sundered Sky
DRAVEN,Pickaxe,Basic,0.0909,0.25,1.10,10,B. F. Sword,Bloodthirster,Cloak Of Agility
DRAVEN,Null-Magic Mantle,Basic,0.0227,0,1.25,20,Bloodthirster,Essence Reaver,Infinity Edge
SAMIRA,Control Ward,Consumable,0.04,0,0.78,5,Doran's Blade,Infinity Edge,Long Sword
JHIN,Boots,Boots,0.0278,0.5,0.70,5,Serrated Dirk,The Collector,
SMOLDER,Maw Of Malmortius,Legendary,0.0185,1,1.50,25,Essence Reaver,Rapid Firecannon,Spear Of Shojin
TALON,Oracle Lens,Trinket,0.629,0.5385,2.85,5,Youmuu's Ghostblade,Umbral Glaive,Axiom Arc
ZILEAN,Blackfire Torch,Legendary,0.0769,0.6667,3.00,15,Imperial Mandate,Echoes Of Helia,Liandry's Torment
BELVETH,Tiamat,Epic,0.1905,0.25,1.50,15,Kraken Slayer,Blade Of The Ruined King,Phage
TALON,Steel Sigil,Epic,0.0161,0,3.29,30,Black Cleaver,Edge Of Night,Spear Of Shojin
AURELIONSOL,Refillable Potion,Consumable,0.0323,0,0.90,5,Doran's Ring,Liandry's Torment,Rylai's Crystal Scepter
NASUS,Spirit Visage,Legendary,0.3333,0.75,2.29,25,Trinity Force,Frozen Heart,Force Of Nature
TRUNDLE,Plated Steelcaps,Boots,0.4545,0.4,1.96,15,Bandlepipes,Dead Man's Plate,Kindlegem
MORGANA,Imperial Mandate,Legendary,0.0769,0,1.00,15,,,
JAYCE,Maw Of Malmortius,Legendary,0.0123,0,1.43,20,Serpent's Fang,Serylda's Grudge,Youmuu's Ghostblade
SION,Oracle Lens,Trinket,0.2821,0.4545,2.50,20,Unending Despair,Hollow Radiance,"Jak'sho, The Protean"
YONE,Cloth Armor,Basic,0.0444,0.5,1.90,15,Berserker's Greaves,Blade Of The Ruined King,Immortal Shieldbow
GRAGAS,Blighting Jewel,Epic,0.0455,1,3.60,20,Hextech Rocketbelt,Rod Of Ages,Zhonya's Hourglass
UDYR,Stealth Ward,Trinket,0.2667,0.5,3.35,5,Mercury's Treads,Dark Seal,Doran's Ring
SYNDRA,Amplifying Tome,Basic,0.0984,1,3.51,5,Blackfire Torch,Luden's Companion,Rabadon's Deathcap
ZAC,Spirit Visage,Legendary,0.5926,0.6875,4.64,20,Sunfire Aegis,Hextech Rocketbelt,Thornmail
MISSFORTUNE,Mortal Reminder,Legendary,0.1379,0.75,3.18,25,Infinity Edge,The Collector,Bloodthirster
VAYNE,Randuin's Omen,Legendary,0.0423,0.3333,1.49,30,Guinsoo's Rageblade,Kraken Slayer,Mercurial Scimitar
PANTHEON,Glowing Mote,Basic,0.125,0.4,1.24,5,Eclipse,Black Cleaver,Long Sword
KENNEN,Rabadon's Deathcap,Legendary,0.2286,0.5,2.69,30,Shadowflame,Hextech Rocketbelt,Zhonya's Hourglass
IVERN,Stealth Ward,Trinket,0.1739,0.75,3.30,5,Ionian Boots Of Lucidity,Malignance,Dark Seal
JHIN,Last Whisper,Epic,0.0139,0,3.00,20,Infinity Edge,Rapid Firecannon,Stormrazor
MASTERYI,Berserker's Greaves,Boots,0.1333,1,3.36,15,Experimental Hexplate,Guinsoo's Rageblade,Kraken Slayer
MILIO,Ardent Censer,Legendary,0.2449,0.75,4.79,15,Echoes Of Helia,Moonstone Renewer,Dream Maker
YASUO,Fiendhunter Bolts,Legendary,0.0234,0.3333,1.50,25,Blade Of The Ruined King,Immortal Shieldbow,Kraken Slayer
ANNIE,Liandry's Torment,Legendary,0.25,1,3.50,25,Blackfire Torch,Bloodletter's Curse,
KAISA,Mercurial Scimitar,Legendary,0.0097,1,5.00,25,Fiendhunter Bolts,Guinsoo's Rageblade,Kraken Slayer
SORAKA,Knight's Vow,Legendary,0.0333,1,7.50,25,Moonstone Renewer,,
PANTHEON,Hubris,Legendary,0.025,0,1.13,15,Serpent's Fang,Youmuu's Ghostblade,
RAMMUS,Chain Vest,Epic,0.3,0.3333,3.83,10,Thornmail,Bami's Cinder,Giant's Belt
MORDEKAISER,Null-Magic Mantle,Basic,0.0455,0,1.00,5,Chain Vest,Liandry's Torment,Mercury's Treads
ZIGGS,Farsight Alteration,Trinket,0.8065,0.48,2.42,15,Luden's Companion,Shadowflame,Sorcerer's Shoes
VIKTOR,Zhonya's Hourglass,Legendary,0.3611,0.3846,3.66,30,Blackfire Torch,Liandry's Torment,Rabadon's Deathcap
LUX,Zhonya's Hourglass,Legendary,0.2821,0.1818,3.39,25,Stormsurge,Luden's Companion,Malignance
TRYNDAMERE,Noonquiver,Epic,0.0588,0,1.67,25,Navori Flickerblade,Profane Hydra,
JHIN,Plated Steelcaps,Boots,0.0694,0.2,1.72,10,Infinity Edge,Rapid Firecannon,Stormrazor
DRMUNDO,Oracle Lens,Trinket,0.3562,0.4615,2.50,5,Heartsteel,Dead Man's Plate,Boots Of Swiftness
SIVIR,Infinity Edge,Legendary,0.7111,0.4688,2.85,25,Essence Reaver,Navori Flickerblade,Lord Dominik's Regards
BARD,Locket Of The Iron Solari,Legendary,0.1282,0.5,3.04,25,Bandlepipes,Redemption,Dead Man's Plate
VIEGO,Kraken Slayer,Legendary,0.0354,0,2.48,10,,,
HECARIM,Elixir Of Wrath,Consumable,0.0526,1,5.25,30,Axiom Arc,Death's Dance,Ionian Boots Of Lucidity
ALISTAR,Redemption,Legendary,0.0172,1,2.14,25,Shurelya's Battlesong,,
POPPY,Ionian Boots Of Lucidity,Boots,0.0526,1,1.50,10,Hollow Radiance,,
FIORA,Hullbreaker,Legendary,0.0513,1,1.74,30,Ravenous Hydra,Trinity Force,Death's Dance
YASUO,Stridebreaker,Legendary,0.0547,0.5714,2.66,20,Phantom Dancer,Infinity Edge,Death's Dance
VELKOZ,Doran's Ring,Starter,0.2941,0.3,1.80,5,Luden's Companion,Dark Seal,Blackfire Torch
KATARINA,Stormsurge,Legendary,0.0179,0,1.71,20,Hextech Gunblade,Shadowflame,
KALISTA,Giant's Belt,Epic,0.1538,0.5,2.88,30,Blade Of The Ruined King,Terminus,Guinsoo's Rageblade
TWISTEDFATE,Cloak Of Agility,Basic,0.0278,0,1.25,20,Lich Bane,Rod Of Ages,Scout's Slingshot
SERAPHINE,Lich Bane,Legendary,0.0313,0,3.40,15,Blackfire Torch,Horizon Focus,
RAMMUS,Negatron Cloak,Epic,0.2,0.5,5.08,25,Hollow Radiance,Thornmail,Chain Vest
NOCTURNE,Serrated Dirk,Epic,0.1333,0.5,2.36,20,Axiom Arc,Black Cleaver,Death's Dance
VARUS,Null-Magic Mantle,Basic,0.0164,0.5,1.37,30,Dusk And Dawn,Giant's Belt,Ionian Boots Of Lucidity
TALIYAH,Ruby Crystal,Basic,0.0169,0,0.50,15,Archangel's Staff,Ionian Boots Of Lucidity,
MAOKAI,Kindlegem,Epic,0.4,0.5,1.92,10,Bandlepipes,Bloodletter's Curse,Chain Vest
THRESH,Ionian Boots Of Lucidity,Boots,0.2241,0.4615,2.91,10,Bandlepipes,Locket Of The Iron Solari,Kindlegem
KAISA,"Jak'sho, The Protean",Legendary,0.0097,1,3.14,25,Guinsoo's Rageblade,Kraken Slayer,Terminus
GAREN,Farsight Alteration,Trinket,0.1622,0.3333,1.93,25,Stridebreaker,Boots Of Swiftness,Youmuu's Ghostblade
LUX,Ionian Boots Of Lucidity,Boots,0.1795,0.1429,2.47,10,Shurelya's Battlesong,Zhonya's Hourglass,Horizon Focus
NAAFIRI,Tunneler,Epic,0.0317,0,2.00,20,Axiom Arc,Death's Dance,Eclipse
ZED,Pickaxe,Basic,0.0538,0.6,1.34,5,Long Sword,Voltaic Cyclosword,Eclipse
FIDDLESTICKS,Dark Seal,Starter,0.4286,0.4167,3.09,5,Sorcerer's Shoes,Hextech Rocketbelt,Zhonya's Hourglass
SWAIN,"Jak'sho, The Protean",Legendary,0.0682,0.3333,2.39,30,Rylai's Crystal Scepter,Malignance,Protoplasm Harness
ZYRA,Fated Ashes,Epic,0.0526,1,7.67,10,Blackfire Torch,Rylai's Crystal Scepter,
BRAUM,Zeke's Convergence,Legendary,0.0571,0.75,2.70,25,Bandlepipes,Locket Of The Iron Solari,
LEESIN,Long Sword,Basic,0.2639,0.4737,2.76,5,Sundered Sky,Eclipse,Mercury's Treads
THRESH,Negatron Cloak,Epic,0.0517,0,1.88,25,Locket Of The Iron Solari,Bandlepipes,Protoplasm Harness
RELL,Ionian Boots Of Lucidity,Boots,0.2955,0.6154,3.54,10,Zeke's Convergence,Kindlegem,Locket Of The Iron Solari
GRAVES,Immortal Shieldbow,Legendary,0.3333,0.7143,2.65,25,The Collector,Lord Dominik's Regards,Infinity Edge
DRMUNDO,Kaenic Rookern,Legendary,0.0137,1,1.22,20,Spirit Visage,Unending Despair,
EKKO,Stealth Ward,Trinket,0.13,0.3846,2.03,5,Dusk And Dawn,Shadowflame,Sorcerer's Shoes
VLADIMIR,Aether Wisp,Epic,0.0175,1,2.00,10,Hextech Rocketbelt,Rabadon's Deathcap,
SETT,Boots Of Swiftness,Boots,0.1111,0,1.12,10,Black Cleaver,Stridebreaker,Tunneler
VEX,Blighting Jewel,Epic,0.0526,0,4.00,30,Blackfire Torch,Cosmic Drive,Fiendish Codex
LUX,Needlessly Large Rod,Basic,0.359,0.4286,2.82,25,Malignance,Stormsurge,Luden's Companion
WARWICK,Kraken Slayer,Legendary,0.1818,0,0.88,15,Bandlepipes,Zeke's Convergence,
MORDEKAISER,Haunting Guise,Epic,0.0909,0.5,0.81,10,Fiendish Codex,Liandry's Torment,Thornmail
JARVANIV,Edge Of Night,Legendary,0.0746,0.6,5.04,25,Axiom Arc,Profane Hydra,Serylda's Grudge
SHACO,Control Ward,Consumable,0.08,0,0.87,20,Ionian Boots Of Lucidity,Blackfire Torch,Fated Ashes
LUX,Stealth Ward,Trinket,0.0256,0,5.50,5,Frozen Heart,Needlessly Large Rod,Shadowflame
MASTERYI,Long Sword,Basic,0.0667,0,1.75,5,Guinsoo's Rageblade,Kraken Slayer,Dagger
NIDALEE,Locket Of The Iron Solari,Legendary,0.0313,1,5.67,40,Echoes Of Helia,Redemption,
CASSIOPEIA,Caulfield's Warhammer,Epic,0.0385,0,0.88,25,Rylai's Crystal Scepter,,
SION,Negatron Cloak,Epic,0.0769,0.3333,0.76,25,Hollow Radiance,Unending Despair,Chain Vest
LUCIAN,Farsight Alteration,Trinket,0.7414,0.5116,2.10,20,Essence Reaver,Navori Flickerblade,Infinity Edge
IRELIA,Recurve Bow,Epic,0.05,0.3333,0.69,10,Blade Of The Ruined King,Negatron Cloak,Death's Dance
BLITZCRANK,Abyssal Mask,Legendary,0.0333,1,1.75,30,Locket Of The Iron Solari,,
VARUS,Bloodthirster,Legendary,0.0082,1,2.29,40,Hexoptics C44,Infinity Edge,Lord Dominik's Regards
VAYNE,Vampiric Scepter,Epic,0.0563,0.25,1.42,10,Kraken Slayer,Wit's End,Fiendhunter Bolts
SYNDRA,Horizon Focus,Legendary,0.0328,0.5,2.59,30,Blackfire Torch,Cosmic Drive,Cryptbloom
TAHMKENCH,Doran's Shield,Starter,0.2308,0.6667,2.09,5,Heartsteel,Mercury's Treads,Bramble Vest
EKKO,Verdant Barrier,Epic,0.01,0,1.43,25,Dusk And Dawn,Shadowflame,
RAMMUS,Mercury's Treads,Boots,0.5,0.2,3.46,15,Thornmail,Bami's Cinder,Giant's Belt
RENGAR,Gustwalker Hatchling,Starter,0.0702,0,0.49,5,Ionian Boots Of Lucidity,Tiamat,Long Sword
ASHE,Scout's Slingshot,Epic,0.0417,1,3.00,15,Bandlepipes,,
KARTHUS,Oracle Lens,Trinket,0.1429,0.3333,1.62,10,Blackfire Torch,Sorcerer's Shoes,Shadowflame
AMBESSA,Opportunity,Legendary,0.0638,0.5,2.94,10,Profane Hydra,Bastionbreaker,Death's Dance
KHAZIX,Boots Of Swiftness,Boots,0.0149,1,5.50,25,Edge Of Night,Last Whisper,Opportunity
LULU,Faerie Charm,Basic,0.037,0,1.08,5,Ionian Boots Of Lucidity,Redemption,Ardent Censer
QIYANA,Black Cleaver,Legendary,0.0175,0,1.00,20,Axiom Arc,Profane Hydra,
NUNU,Liandry's Torment,Legendary,0.8276,0.4583,2.79,15,Spirit Visage,Frozen Heart,Randuin's Omen
KAISA,Doran's Blade,Starter,0.6214,0.4688,2.05,5,Kraken Slayer,Guinsoo's Rageblade,Berserker's Greaves
TRUNDLE,"Jak'sho, The Protean",Legendary,0.0909,0,2.00,35,Dead Man's Plate,Spirit Visage,Trinity Force
NASUS,Bandlepipes,Legendary,0.25,0.3333,2.66,25,Trinity Force,Frozen Heart,Shurelya's Battlesong
KENNEN,Verdant Barrier,Epic,0.0857,0.6667,3.16,30,Shadowflame,Hextech Rocketbelt,Rabadon's Deathcap
RELL,Warden's Mail,Epic,0.0227,0,4.50,25,Locket Of The Iron Solari,Thornmail,Zeke's Convergence
AATROX,Glowing Mote,Basic,0.0217,1,2.50,10,Eclipse,Long Sword,Plated Steelcaps
HECARIM,Serylda's Grudge,Legendary,0.0526,1,5.25,25,Axiom Arc,Death's Dance,Maw Of Malmortius
RENEKTON,Refillable Potion,Consumable,0.1385,0.4444,0.95,5,Doran's Shield,Mercury's Treads,Stridebreaker
KHAZIX,Axiom Arc,Legendary,0.1343,0.4444,2.60,20,Edge Of Night,Serylda's Grudge,Opportunity
WARWICK,Boots Of Swiftness,Boots,0.1818,0,1.13,15,Bandlepipes,Blade Of The Ruined King,Bramble Vest
TWISTEDFATE,Dagger,Basic,0.0278,1,2.00,20,Boots Of Swiftness,Kraken Slayer,
LEBLANC,Seeker's Armguard,Epic,0.0833,0.6667,3.85,20,Luden's Companion,Rabadon's Deathcap,Shadowflame
JARVANIV,Black Cleaver,Legendary,0.194,0.6154,3.69,20,Sundered Sky,Spirit Visage,Axiom Arc
LEONA,Giant's Belt,Epic,0.0909,1,3.08,25,Locket Of The Iron Solari,Bandlepipes,Kindlegem
GALIO,Verdant Barrier,Epic,0.02,1,1.90,30,Shadowflame,Stormsurge,Zhonya's Hourglass
XINZHAO,Pickaxe,Basic,0.35,0.4286,2.34,20,Plated Steelcaps,Sundered Sky,Black Cleaver
AKALI,Refillable Potion,Consumable,0.0484,0.3333,0.97,5,Doran's Ring,Dark Seal,Hextech Gunblade
MALPHITE,Force Of Nature,Legendary,0.0282,0.5,4.17,25,Frozen Heart,Sunfire Aegis,Zeke's Convergence
ZILEAN,Glacial Buckler,Epic,0.0256,1,25.00,25,Bandlepipes,Locket Of The Iron Solari,Warden's Mail
LULU,Bandleglass Mirror,Epic,0.1111,0.4444,3.27,10,Ardent Censer,Kindlegem,Redemption
VOLIBEAR,Negatron Cloak,Epic,0.0175,1,1.73,30,Chain Vest,Dusk And Dawn,Force Of Nature
YONE,Cloak Of Agility,Basic,0.3333,0.2667,1.27,20,Blade Of The Ruined King,Immortal Shieldbow,Berserker's Greaves
TAHMKENCH,Dusk And Dawn,Legendary,0.3077,1,2.89,20,Heartsteel,,
PYKE,Opportunity,Legendary,0.12,0.3333,3.13,20,Youmuu's Ghostblade,Edge Of Night,Bastionbreaker
QIYANA,Stormsurge,Legendary,0.0175,0,0.38,20,Hextech Gunblade,,
KAYN,Oracle Lens,Trinket,0.4138,0.5833,2.58,5,Opportunity,Ionian Boots Of Lucidity,Serylda's Grudge
MALPHITE,Needlessly Large Rod,Basic,0.0141,1,2.20,25,Hextech Alternator,Sorcerer's Shoes,Stormsurge
YUNARA,Boots Of Swiftness,Boots,0.0244,0.5,2.22,20,Phantom Dancer,Yun Tal Wildarrows,Infinity Edge
KALISTA,"Jak'sho, The Protean",Legendary,0.0769,1,1.75,30,Blade Of The Ruined King,Guinsoo's Rageblade,Terminus
SHEN,Control Ward,Consumable,0.025,0,0.73,25,Giant's Belt,Ionian Boots Of Lucidity,Kindlegem
DRMUNDO,Tiamat,Epic,0.0411,0.6667,3.44,25,Dead Man's Plate,Giant's Belt,Heartsteel
YORICK,Stealth Ward,Trinket,0.4167,0.6,1.99,5,Trinity Force,Spear Of Shojin,Boots
TARIC,Protoplasm Harness,Legendary,0.0714,0,1.78,20,Knight's Vow,,
KHAZIX,Black Cleaver,Legendary,0.0149,0,0.77,25,Bastionbreaker,Umbral Glaive,
YONE,Randuin's Omen,Legendary,0.0444,0.5,3.07,35,Immortal Shieldbow,Infinity Edge,Blade Of The Ruined King
JAX,Boots Of Swiftness,Boots,0.0417,0.6667,2.88,20,Dusk And Dawn,Bloodletter's Curse,Hextech Rocketbelt
REKSAI,Spear Of Shojin,Legendary,0.75,0.4167,3.61,20,Titanic Hydra,Death's Dance,Black Cleaver
TWISTEDFATE,Blasting Wand,Basic,0.0556,0.5,3.41,15,Aether Wisp,Rapid Firecannon,Rod Of Ages
ILLAOI,Plated Steelcaps,Boots,0.375,0.3333,1.08,15,Iceborn Gauntlet,Spear Of Shojin,Spirit Visage
JAYCE,Refillable Potion,Consumable,0.0494,0.5,1.40,5,Doran's Blade,Plated Steelcaps,Tear Of The Goddess
REKSAI,Serpent's Fang,Legendary,0.1563,0.6,2.66,20,Titanic Hydra,Spear Of Shojin,Black Cleaver
YUUMI,Amplifying Tome,Basic,0.069,0.5,4.50,5,Dawncore,Forbidden Idol,Glowing Mote
VOLIBEAR,Cosmic Drive,Legendary,0.1053,0.5,2.25,15,Dusk And Dawn,Spirit Visage,Dead Man's Plate
SHEN,Trinity Force,Legendary,0.025,0,1.33,25,Titanic Hydra,,
KAYN,Elixir Of Wrath,Consumable,0.1034,1,1.56,30,Edge Of Night,Ionian Boots Of Lucidity,Serylda's Grudge
ORNN,Kaenic Rookern,Legendary,0.439,0.6667,3.37,25,Sunfire Aegis,Hollow Radiance,Thornmail
SINGED,Stealth Ward,Trinket,0.4783,0.8182,3.12,5,Boots Of Swiftness,Protoplasm Harness,Rylai's Crystal Scepter
VEX,Refillable Potion,Consumable,0.1579,1,3.00,5,Doran's Ring,Amplifying Tome,Blackfire Torch
SKARNER,Oracle Lens,Trinket,0.5,1,5.50,10,Bandlepipes,Control Ward,Giant's Belt
EKKO,Hextech Rocketbelt,Legendary,0.03,0.6667,2.95,15,Dusk And Dawn,Rabadon's Deathcap,Shadowflame
BARD,Morellonomicon,Legendary,0.0128,1,4.10,35,Bandlepipes,Locket Of The Iron Solari,Trailblazer
LISSANDRA,Sorcerer's Shoes,Boots,0.1765,0.3333,1.86,15,Zhonya's Hourglass,Malignance,Abyssal Mask
SENNA,Echoes Of Helia,Legendary,0.2381,0.6,6.17,15,Moonstone Renewer,,
RENGAR,Dead Man's Plate,Legendary,0.0175,0,2.00,25,Profane Hydra,Randuin's Omen,Umbral Glaive
AURORA,Fated Ashes,Epic,0.0455,1,1.45,10,Luden's Companion,Rabadon's Deathcap,Shadowflame
JANNA,Oracle Lens,Trinket,1,0.5469,3.47,10,Boots Of Swiftness,Control Ward,Moonstone Renewer
QIYANA,Oracle Lens,Trinket,0.7544,0.5116,2.50,10,Profane Hydra,Serylda's Grudge,Axiom Arc
ZYRA,Blighting Jewel,Epic,0.0526,1,6.00,25,Banshee's Veil,Liandry's Torment,Zhonya's Hourglass
YUNARA,Mortal Reminder,Legendary,0.1098,0.7778,3.93,25,Fiendhunter Bolts,Infinity Edge,Kraken Slayer
MEL,Oracle Lens,Trinket,0.0588,0,1.23,10,Blackfire Torch,Control Ward,Echoes Of Helia
NIDALEE,Needlessly Large Rod,Basic,0.2813,0.5556,3.09,15,Lich Bane,Sorcerer's Shoes,Boots
ZAAHEN,Doran's Shield,Starter,0.2564,0.6,1.59,5,Stridebreaker,Mercury's Treads,Trinity Force
TALON,Youmuu's Ghostblade,Legendary,0.8226,0.6275,3.17,10,Umbral Glaive,Serylda's Grudge,Edge Of Night
ANIVIA,Tear Of The Goddess,Starter,0.1667,0.3333,1.33,5,Rod Of Ages,Doran's Ring,Lost Chapter
JARVANIV,Death's Dance,Legendary,0.1045,0.8571,5.02,25,Profane Hydra,Axiom Arc,Serylda's Grudge
GWEN,Oracle Lens,Trinket,0.2949,0.3913,1.95,5,Dusk And Dawn,Nashor's Tooth,Amplifying Tome
THRESH,Force Of Nature,Legendary,0.0172,1,1.80,30,Locket Of The Iron Solari,,
VLADIMIR,Oracle Lens,Trinket,0.0877,0.8,2.10,20,Hextech Rocketbelt,Rabadon's Deathcap,Riftmaker
SYNDRA,Oracle Lens,Trinket,0.0984,0.3333,2.24,15,Doran's Ring,Rabadon's Deathcap,Blackfire Torch
KENNEN,Zhonya's Hourglass,Legendary,0.4,0.6429,2.58,30,Shadowflame,Hextech Rocketbelt,Hextech Gunblade
BARD,Ruby Crystal,Basic,0.1154,0.5556,3.78,5,Boots Of Swiftness,Bandlepipes,Dead Man's Plate
SONA,Dream Maker,Legendary,0.04,0.5,2.53,15,Echoes Of Helia,Dawncore,Moonstone Renewer
LISSANDRA,Cosmic Drive,Legendary,0.0588,0,1.13,25,Malignance,Zhonya's Hourglass,
RUMBLE,Stealth Ward,Trinket,0.1333,0.5,2.10,5,Liandry's Torment,Doran's Ring,Sorcerer's Shoes
KENNEN,Blasting Wand,Basic,0.0571,1,2.43,20,Hextech Gunblade,Shadowflame,Sorcerer's Shoes
SION,Bramble Vest,Epic,0.1538,0.3333,1.90,20,Hollow Radiance,Unending Despair,Chain Vest
VIKTOR,Plated Steelcaps,Boots,0.0278,0,1.00,10,Blighting Jewel,Rod Of Ages,Shadowflame
KARMA,Stealth Ward,Trinket,0.0137,0,2.88,5,Cosmic Drive,Doran's Ring,Fiendish Codex
SMOLDER,Long Sword,Basic,0.0926,0.6,1.16,5,Essence Reaver,Rapid Firecannon,Spear Of Shojin
MISSFORTUNE,Bastionbreaker,Legendary,0.0345,0,1.07,30,Edge Of Night,Serylda's Grudge,The Collector
REKSAI,Mortal Reminder,Legendary,0.0313,0,1.18,25,Essence Reaver,Infinity Edge,Titanic Hydra
JARVANIV,Sundered Sky,Legendary,0.4627,0.6129,3.87,15,Black Cleaver,Profane Hydra,Frozen Heart
VI,Oracle Lens,Trinket,0.5,0.8,3.17,5,Boots,Long Sword,Mercury's Treads
KINDRED,Phage,Epic,0.0667,1,1.00,5,Kraken Slayer,,
MASTERYI,Dagger,Basic,0.1,0.3333,0.75,5,Guinsoo's Rageblade,Kraken Slayer,Tunneler
SHACO,Hubris,Legendary,0.04,1,5.00,10,,,
ASHE,Lord Dominik's Regards,Legendary,0.125,0.6667,3.40,25,Infinity Edge,Fiendhunter Bolts,Kraken Slayer
AZIR,Mercury's Treads,Boots,0.1538,1,4.75,10,Nashor's Tooth,Rabadon's Deathcap,
MALZAHAR,Fiendish Codex,Epic,0.0714,1,3.00,25,Aether Wisp,Blackfire Torch,Liandry's Torment
LEBLANC,Needlessly Large Rod,Basic,0.25,0.2222,3.31,20,Luden's Companion,Shadowflame,Mejai's Soulstealer
KASSADIN,Plated Steelcaps,Boots,0.1918,0.4286,1.74,15,Rod Of Ages,Malignance,Randuin's Omen
DIANA,Banshee's Veil,Legendary,0.0185,0.5,2.71,25,Zhonya's Hourglass,Dusk And Dawn,Hextech Rocketbelt
KARTHUS,Boots,Boots,0.0238,1,3.75,10,Blackfire Torch,Shadowflame,
TALON,Chempunk Chainsword,Legendary,0.0161,0,2.63,30,Bastionbreaker,Edge Of Night,Umbral Glaive
QIYANA,Elixir Of Wrath,Consumable,0.0702,0,2.53,35,Profane Hydra,Serylda's Grudge,Edge Of Night
JAX,Chempunk Chainsword,Legendary,0.0139,0,1.30,25,Sundered Sky,Trinity Force,
ZED,Glowing Mote,Basic,0.0323,0,1.10,5,Long Sword,Bastionbreaker,Eclipse
MISSFORTUNE,Refillable Potion,Consumable,0.0345,1,4.00,5,B. F. Sword,Cloak Of Agility,Lord Dominik's Regards
NAMI,Staff Of Flowing Water,Legendary,0.0224,0.3333,3.07,20,Imperial Mandate,Moonstone Renewer,
SIVIR,Farsight Alteration,Trinket,0.8222,0.4054,2.81,15,Essence Reaver,Infinity Edge,Navori Flickerblade
ASHE,Wit's End,Legendary,0.0417,0,1.80,20,Kraken Slayer,Phantom Dancer,
MALZAHAR,Sorcerer's Shoes,Boots,0.5,0.7143,1.45,15,Liandry's Torment,Blackfire Torch,Rylai's Crystal Scepter
TRISTANA,Plated Steelcaps,Boots,0.0769,0,2.55,20,Infinity Edge,Navori Flickerblade,Yun Tal Wildarrows
SIVIR,Pickaxe,Basic,0.1556,0.4286,3.20,20,B. F. Sword,Navori Flickerblade,Essence Reaver
CAMILLE,Oracle Lens,Trinket,0.0714,1,4.00,20,Boots Of Swiftness,Doran's Blade,Ravenous Hydra
SMOLDER,Pickaxe,Basic,0.1111,0.6667,2.71,15,Essence Reaver,Rapid Firecannon,Ionian Boots Of Lucidity
MORDEKAISER,Ruby Crystal,Basic,0.0455,1,2.25,5,Dusk And Dawn,Hextech Rocketbelt,Long Sword
RIVEN,Long Sword,Basic,0.2432,0.4444,1.06,5,Sundered Sky,Axiom Arc,Ionian Boots Of Lucidity
SERAPHINE,Moonstone Renewer,Legendary,0.2813,0.6667,5.58,15,Echoes Of Helia,Blackfire Torch,Dawncore
OLAF,Boots,Boots,0.1304,0,0.31,5,Ravenous Hydra,Stridebreaker,
XINZHAO,Control Ward,Consumable,0.1,0.5,2.08,5,Black Cleaver,Sundered Sky,Mercury's Treads
FIORA,Phage,Epic,0.1026,0.75,0.57,15,Ravenous Hydra,Sheen,Hearthbound Axe
WARWICK,Cull,Starter,0.1818,0,1.00,5,Blade Of The Ruined King,Boots,Doran's Blade
RIVEN,Mortal Reminder,Legendary,0.027,0,0.91,30,Axiom Arc,Sundered Sky,
SHYVANA,Zeke's Convergence,Legendary,0.25,0,2.00,25,Navori Flickerblade,Ravenous Hydra,
ORNN,Protoplasm Harness,Legendary,0.0976,0.5,5.06,25,Unending Despair,Kaenic Rookern,Thornmail
TAHMKENCH,Thornmail,Legendary,0.0769,1,2.83,25,Heartsteel,,
SIVIR,B. F. Sword,Basic,0.2,0.5556,4.31,20,Navori Flickerblade,Essence Reaver,Pickaxe
JHIN,Rapid Firecannon,Legendary,0.5278,0.4474,2.67,25,Infinity Edge,Stormrazor,The Collector
URGOT,Cull,Starter,0.0588,0,1.00,5,Black Cleaver,Doran's Blade,Long Sword
NIDALEE,Liandry's Torment,Legendary,0.0625,0.5,4.23,10,Zhonya's Hourglass,Cryptbloom,Horizon Focus
MILIO,Faerie Charm,Basic,0.1429,0.5714,2.83,5,Echoes Of Helia,Ionian Boots Of Lucidity,Amplifying Tome
ZILEAN,Glowing Mote,Basic,0.0769,0,1.42,10,Ionian Boots Of Lucidity,Amplifying Tome,Bandlepipes
SORAKA,Ionian Boots Of Lucidity,Boots,0.7667,0.4783,3.36,15,Moonstone Renewer,Forbidden Idol,Redemption
CAITLYN,Infinity Edge,Legendary,0.85,0.5059,2.52,20,The Collector,Lord Dominik's Regards,Hexoptics C44
MALZAHAR,Aether Wisp,Epic,0.0714,1,3.00,25,Blackfire Torch,Fiendish Codex,Liandry's Torment
CAMILLE,Ravenous Hydra,Legendary,0.7857,0.5455,1.95,25,Trinity Force,Spear Of Shojin,Sterak's Gage
NUNU,Amplifying Tome,Basic,0.1379,0.75,5.87,10,Liandry's Torment,Plated Steelcaps,Randuin's Omen
KOGMAW,Tear Of The Goddess,Starter,0.0714,0,0.50,5,Amplifying Tome,Doran's Ring,Dusk And Dawn
ILLAOI,Elixir Of Iron,Consumable,0.125,1,2.86,30,Black Cleaver,Chain Vest,Mercury's Treads
VOLIBEAR,Ruby Crystal,Basic,0.1228,0.7143,2.05,5,Dusk And Dawn,Plated Steelcaps,Navori Flickerblade
VIKTOR,Ionian Boots Of Lucidity,Boots,0.0556,0.5,1.76,10,Fiendish Codex,Kindlegem,Lich Bane
TRISTANA,Dagger,Basic,0.1846,0.3333,1.37,5,Infinity Edge,Yun Tal Wildarrows,Zeal
EZREAL,Archangel's Staff,Legendary,0.0308,1,3.50,20,Trinity Force,Endless Hunger,Voltaic Cyclosword
ANIVIA,Glowing Mote,Basic,0.0278,0,0.71,15,Blasting Wand,Catalyst Of Aeons,Cloth Armor
APHELIOS,Vampiric Scepter,Epic,0.0645,0.8333,2.76,30,Infinity Edge,Immortal Shieldbow,Lord Dominik's Regards
NAMI,Redemption,Legendary,0.1493,0.55,3.46,25,Imperial Mandate,Mikael's Blessing,Moonstone Renewer
ZYRA,Sorcerer's Shoes,Boots,0.6842,0.6923,2.76,20,Liandry's Torment,Blackfire Torch,Oblivion Orb
NASUS,Plated Steelcaps,Boots,0.25,0.6667,1.99,15,Trinity Force,Frozen Heart,Spirit Visage
XINZHAO,Black Cleaver,Legendary,0.4,0.5,3.35,25,Sundered Sky,Sterak's Gage,Death's Dance
MALPHITE,Mejai's Soulstealer,Legendary,0.0141,1,5.00,25,Frozen Heart,Malignance,
ORIANNA,Seeker's Armguard,Epic,0.0556,0.5,1.65,20,Luden's Companion,Rabadon's Deathcap,Shadowflame
PYKE,Maw Of Malmortius,Legendary,0.04,0.5,1.82,25,Umbral Glaive,,
KOGMAW,Stealth Ward,Trinket,0.1429,1,1.81,5,Needlessly Large Rod,Blackfire Torch,Blade Of The Ruined King
TARIC,Trailblazer,Legendary,0.0714,0,1.00,15,,,
GRAGAS,Plated Steelcaps,Boots,0.1364,0.3333,2.83,15,Hextech Rocketbelt,Rod Of Ages,Fiendish Codex
BRAUM,Plated Steelcaps,Boots,0.5714,0.6,3.44,10,Bandlepipes,Locket Of The Iron Solari,Kindlegem
GNAR,Glowing Mote,Basic,0.04,1,1.29,15,Mercury's Treads,Phage,Trinity Force
ELISE,Aether Wisp,Epic,0.0256,0,0.50,10,Hextech Alternator,,
NUNU,Protoplasm Harness,Legendary,0.0345,1,3.00,25,Frozen Heart,Liandry's Torment,
KAISA,Rabadon's Deathcap,Legendary,0.0583,0.6667,4.65,25,Guinsoo's Rageblade,Kraken Slayer,Dusk And Dawn
YUNARA,Long Sword,Basic,0.1098,0.2222,1.11,5,Kraken Slayer,Fiendhunter Bolts,Infinity Edge
VIEGO,Giant's Belt,Epic,0.0088,0,4.75,15,,,
ZAC,Dark Seal,Starter,0.2963,0.625,3.42,5,Spirit Visage,Sunfire Aegis,Mercury's Treads
BRAND,Dark Seal,Starter,0.1786,0.4,2.12,10,Rylai's Crystal Scepter,Sorcerer's Shoes,Blackfire Torch
WARWICK,Sterak's Gage,Legendary,0.0909,1,1.20,45,Blade Of The Ruined King,Randuin's Omen,Spirit Visage
DRAVEN,Long Sword,Basic,0.0682,0,0.33,5,Bloodthirster,Cloak Of Agility,Infinity Edge
ZAAHEN,Phage,Epic,0.0513,1,1.32,10,Death's Dance,Maw Of Malmortius,Stridebreaker
SEJUANI,Knight's Vow,Legendary,0.1429,1,2.89,25,Abyssal Mask,Frozen Heart,Heartsteel
KATARINA,Long Sword,Basic,0.0536,0.6667,1.18,5,Blade Of The Ruined King,Kraken Slayer,Plated Steelcaps
AKSHAN,Stealth Ward,Trinket,0.098,0.6,4.02,5,The Collector,Infinity Edge,Cloak Of Agility
RELL,Oracle Lens,Trinket,1,0.5227,3.59,5,Control Ward,Zeke's Convergence,Locket Of The Iron Solari
LULU,Doran's Ring,Starter,0.0123,0,1.40,5,Luden's Companion,Shadowflame,
KATARINA,Recurve Bow,Epic,0.0536,1,1.98,10,Kraken Slayer,Blade Of The Ruined King,Hearthbound Axe
ELISE,Hextech Alternator,Epic,0.1282,0.2,1.36,10,Stormsurge,Zhonya's Hourglass,Aether Wisp
GWEN,Malignance,Legendary,0.0256,0.5,1.74,15,Actualizer,Lich Bane,Rabadon's Deathcap
LUCIAN,Maw Of Malmortius,Legendary,0.0172,1,3.57,35,Essence Reaver,Guardian Angel,Infinity Edge
FIZZ,Stealth Ward,Trinket,0.1053,0.5,2.29,5,Bloodletter's Curse,Dark Seal,Dusk And Dawn
RELL,Control Ward,Consumable,0.8864,0.5385,3.75,15,Zeke's Convergence,Locket Of The Iron Solari,Kindlegem
LUCIAN,Zeal,Epic,0.0345,0,1.29,15,Essence Reaver,Infinity Edge,Lord Dominik's Regards
MILIO,Ruby Crystal,Basic,0.0408,0,1.38,20,Ionian Boots Of Lucidity,Bandleglass Mirror,Echoes Of Helia
SINGED,Negatron Cloak,Epic,0.087,0.5,4.75,25,Giant's Belt,Rylai's Crystal Scepter,Chain Vest
KAISA,Lost Chapter,Epic,0.0097,0,0.33,15,Manamune,,
SYNDRA,Farsight Alteration,Trinket,0.7541,0.5652,2.24,15,Luden's Companion,Shadowflame,Blackfire Torch
MEL,Dark Seal,Starter,0.2059,0.4286,2.40,5,Blackfire Torch,Needlessly Large Rod,Shadowflame
NEEKO,Glowing Mote,Basic,0.0256,0,0.17,15,Hextech Alternator,Ruby Crystal,
TARIC,Bandlepipes,Legendary,0.1429,0.5,1.47,15,Locket Of The Iron Solari,Winter's Approach,
VOLIBEAR,Plated Steelcaps,Boots,0.386,0.7727,2.24,15,Dusk And Dawn,Navori Flickerblade,Spirit Visage
RIVEN,Endless Hunger,Legendary,0.1081,0.75,2.33,25,Sundered Sky,Axiom Arc,Death's Dance
ZYRA,Needlessly Large Rod,Basic,0.1579,0.6667,1.70,15,Liandry's Torment,Shadowflame,Sorcerer's Shoes
TWITCH,Doran's Blade,Starter,0.6212,0.3415,1.56,5,Infinity Edge,Yun Tal Wildarrows,The Collector
SERAPHINE,Hextech Alternator,Epic,0.0313,0,3.40,25,Blackfire Torch,Horizon Focus,Lich Bane
JANNA,Moonstone Renewer,Legendary,0.6719,0.6047,3.93,15,Redemption,Shurelya's Battlesong,Ardent Censer
NEEKO,Luden's Companion,Legendary,0.0256,0,1.38,15,Hextech Rocketbelt,Shadowflame,Zhonya's Hourglass
SHEN,Dusk And Dawn,Legendary,0.125,0.4,2.84,20,Titanic Hydra,Dead Man's Plate,Kaenic Rookern
AURORA,Boots Of Swiftness,Boots,0.0455,1,2.00,10,Actualizer,Blighting Jewel,Liandry's Torment
MASTERYI,Plated Steelcaps,Boots,0.2333,0.5714,2.33,20,Guinsoo's Rageblade,Kraken Slayer,Experimental Hexplate
DIANA,Mercury's Treads,Boots,0.2037,0.7273,3.02,15,Dusk And Dawn,Riftmaker,Zhonya's Hourglass
GWEN,Actualizer,Legendary,0.0256,0.5,1.74,20,Lich Bane,Malignance,Rabadon's Deathcap
DIANA,Stealth Ward,Trinket,0.1111,0.3333,2.66,5,Hextech Rocketbelt,Dark Seal,Riftmaker
BELVETH,"Jak'sho, The Protean",Legendary,0.0476,1,4.17,30,Death's Dance,Kraken Slayer,Stridebreaker
RENGAR,Executioner's Calling,Epic,0.0175,0,0.63,20,Profane Hydra,Umbral Glaive,
RAKAN,Negatron Cloak,Epic,0.0476,1,3.18,35,Zeke's Convergence,Knight's Vow,Locket Of The Iron Solari
NEEKO,Stormsurge,Legendary,0.0513,0.5,5.88,20,Abyssal Mask,Hextech Rocketbelt,Shadowflame
KHAZIX,Stealth Ward,Trinket,0.0746,0.2,1.66,5,Ionian Boots Of Lucidity,Last Whisper,Long Sword
KAYN,Serylda's Grudge,Legendary,0.4483,0.6923,2.52,20,Axiom Arc,Opportunity,Edge Of Night
SENNA,Mortal Reminder,Legendary,0.0476,0,1.70,25,Dead Man's Plate,Edge Of Night,Serpent's Fang
BLITZCRANK,Mikael's Blessing,Legendary,0.1333,0.5,2.28,15,Locket Of The Iron Solari,Zeke's Convergence,Bandlepipes
AMUMU,Ionian Boots Of Lucidity,Boots,0.125,1,4.14,10,Abyssal Mask,Bandlepipes,Locket Of The Iron Solari
YONE,Negatron Cloak,Epic,0.0667,0.3333,2.16,10,Blade Of The Ruined King,Immortal Shieldbow,Lord Dominik's Regards
ZAAHEN,Hexdrinker,Epic,0.1282,0.6,2.63,25,Trinity Force,Black Cleaver,Death's Dance
MASTERYI,Tunneler,Epic,0.0667,0.5,1.13,20,Guinsoo's Rageblade,Kraken Slayer,
CAITLYN,Immortal Shieldbow,Legendary,0.02,0,2.75,25,Infinity Edge,The Collector,Bloodthirster
SWAIN,Liandry's Torment,Legendary,0.3636,0.5,2.89,25,Rylai's Crystal Scepter,Malignance,Blackfire Torch
LULU,Forbidden Idol,Epic,0.2099,0.5882,4.49,10,Ardent Censer,Mikael's Blessing,Moonstone Renewer
SHEN,Mercury's Treads,Boots,0.175,0.5714,4.75,20,Titanic Hydra,Bramble Vest,Kaenic Rookern
JAYCE,Control Ward,Consumable,0.0247,0.5,3.67,5,Mercury's Treads,Opportunity,Serrated Dirk
SHEN,Dead Man's Plate,Legendary,0.3,0.6667,4.04,25,Titanic Hydra,Kaenic Rookern,Dusk And Dawn
NOCTURNE,Pickaxe,Basic,0.2,0.6667,3.93,5,Stridebreaker,Axiom Arc,Black Cleaver
YUNARA,Pickaxe,Basic,0.1098,0.2222,1.08,20,Fiendhunter Bolts,Kraken Slayer,B. F. Sword
MAOKAI,Bloodletter's Curse,Legendary,0.1,1,4.00,20,Liandry's Torment,,
HECARIM,Black Cleaver,Legendary,0.4737,0.4444,2.46,20,Spear Of Shojin,Death's Dance,Eclipse
FIZZ,Riftmaker,Legendary,0.0526,1,2.88,15,Bloodletter's Curse,Dusk And Dawn,
SYLAS,Refillable Potion,Consumable,0.0638,0.3333,1.02,5,Hextech Rocketbelt,Doran's Ring,Dark Seal
ZOE,Sorcerer's Shoes,Boots,0.2727,0.7778,4.31,10,Luden's Companion,Lich Bane,Hextech Alternator
SONA,Staff Of Flowing Water,Legendary,0.04,1,3.04,30,Dawncore,Echoes Of Helia,Moonstone Renewer
PYKE,Profane Hydra,Legendary,0.02,0,2.33,10,Edge Of Night,Youmuu's Ghostblade,
TALIYAH,Doran's Ring,Starter,0.1864,0.6364,2.35,5,Rylai's Crystal Scepter,Needlessly Large Rod,Amplifying Tome
BELVETH,Wit's End,Legendary,0.0476,1,4.17,25,Death's Dance,"Jak'sho, The Protean",Kraken Slayer
SHEN,Fiendish Codex,Epic,0.025,1,2.67,35,Dead Man's Plate,Forbidden Idol,Spirit Visage
KARMA,Dark Seal,Starter,0.0822,0.3333,1.81,5,Malignance,Moonstone Renewer,Boots
ANNIE,Mercury's Treads,Boots,0.25,1,3.50,15,Blackfire Torch,Bloodletter's Curse,Liandry's Torment
LEONA,Ionian Boots Of Lucidity,Boots,0.0182,1,11.00,20,Bandlepipes,Chain Vest,Kindlegem
CAITLYN,Yun Tal Wildarrows,Legendary,0.07,0.5714,1.37,15,Infinity Edge,Hexoptics C44,Lord Dominik's Regards
DARIUS,Long Sword,Basic,0.0244,1,0.71,5,Black Cleaver,Mercury's Treads,Pickaxe
BARD,Dead Man's Plate,Legendary,0.6795,0.5094,4.26,15,Bandlepipes,Liandry's Torment,Redemption
IRELIA,Death's Dance,Legendary,0.45,0.5185,1.73,25,Blade Of The Ruined King,Wit's End,Hullbreaker
KALISTA,Oracle Lens,Trinket,0.0769,0,1.25,15,Blade Of The Ruined King,Doran's Blade,Giant's Belt
AURELIONSOL,Boots,Boots,0.129,0.25,0.81,10,Rylai's Crystal Scepter,Blackfire Torch,Liandry's Torment
KAYN,Lord Dominik's Regards,Legendary,0.0345,1,0.93,25,Axiom Arc,Bastionbreaker,Opportunity
NEEKO,Stealth Ward,Trinket,0.0256,0,2.25,5,Hextech Rocketbelt,Seeker's Armguard,Sorcerer's Shoes
HWEI,Farsight Alteration,Trinket,0.7273,0.5625,2.14,15,Blackfire Torch,Doran's Ring,Liandry's Torment
SORAKA,Cloth Armor,Basic,0.1,0.3333,2.56,25,Redemption,Boots Of Swiftness,Dawncore
POPPY,Stealth Ward,Trinket,0.1579,1,1.65,5,Plated Steelcaps,Doran's Shield,Giant's Belt
KOGMAW,Kraken Slayer,Legendary,0.1429,0.5,1.00,10,Guinsoo's Rageblade,Hexoptics C44,Runaan's Hurricane
QIYANA,Serrated Dirk,Epic,0.2807,0.4375,2.59,5,Profane Hydra,Serylda's Grudge,Axiom Arc
VAYNE,Refillable Potion,Consumable,0.1408,0.5,1.96,5,Doran's Blade,Berserker's Greaves,Essence Reaver
WARWICK,Randuin's Omen,Legendary,0.1818,1,2.80,25,Blade Of The Ruined King,Death's Dance,Guardian Angel
LEESIN,Cloth Armor,Basic,0.0694,0.2,3.47,15,Sundered Sky,Plated Steelcaps,Eclipse
VOLIBEAR,Blasting Wand,Basic,0.0175,0,0.38,5,Dusk And Dawn,Fiendish Codex,Ionian Boots Of Lucidity
GAREN,Pickaxe,Basic,0.1081,0.5,1.15,25,Stridebreaker,Mortal Reminder,Plated Steelcaps
RENATA,Echoes Of Helia,Legendary,0.3333,1,6.44,10,Locket Of The Iron Solari,,
POPPY,Doran's Shield,Starter,0.3158,0.5,1.92,5,Sundered Sky,Mercury's Treads,Iceborn Gauntlet
RENATA,Mikael's Blessing,Legendary,0.1111,1,4.33,25,Bandlepipes,,
TWITCH,Zeal,Epic,0.0909,0.5,1.64,15,Infinity Edge,The Collector,Fiendhunter Bolts
JARVANIV,Long Sword,Basic,0.209,0.5,2.37,5,Profane Hydra,Axiom Arc,Ionian Boots Of Lucidity
LUX,Sorcerer's Shoes,Boots,0.359,0.6429,2.44,20,Luden's Companion,Stormsurge,Malignance
GRAVES,Serpent's Fang,Legendary,0.0476,0,1.40,20,Lord Dominik's Regards,Youmuu's Ghostblade,
SYLAS,Abyssal Mask,Legendary,0.0213,0.5,3.04,25,Bloodletter's Curse,Hextech Rocketbelt,Zhonya's Hourglass
VAYNE,Guinsoo's Rageblade,Legendary,0.2113,0.3333,1.37,20,Blade Of The Ruined King,Terminus,Kraken Slayer
AURORA,Rabadon's Deathcap,Legendary,0.3636,0.75,3.21,30,Shadowflame,Luden's Companion,Stormsurge
ZOE,Farsight Alteration,Trinket,0.3939,0.5385,3.14,15,Luden's Companion,Lich Bane,Dark Seal
XAYAH,B. F. Sword,Basic,0.1875,0.6667,2.89,20,Essence Reaver,Navori Flickerblade,Pickaxe
AMUMU,Null-Magic Mantle,Basic,0.375,0.6667,1.94,15,Plated Steelcaps,Boots,Cloth Armor
KARTHUS,Amplifying Tome,Basic,0.1429,0.1667,1.53,5,Blackfire Torch,Sorcerer's Shoes,Horizon Focus
KATARINA,Fiendish Codex,Epic,0.0179,0,2.50,10,Haunting Guise,Hextech Gunblade,Liandry's Torment
CAMILLE,Boots,Boots,0.1429,0.5,2.25,10,Trinity Force,Vampiric Scepter,
MORDEKAISER,Fiendish Codex,Epic,0.0909,0.5,0.81,10,Haunting Guise,Liandry's Torment,Thornmail
CASSIOPEIA,Mejai's Soulstealer,Legendary,0.0385,1,3.25,30,Actualizer,Rod Of Ages,Winter's Approach
ANNIE,Blighting Jewel,Epic,0.25,1,7.67,35,Banshee's Veil,Malignance,Rylai's Crystal Scepter
MEL,Amplifying Tome,Basic,0.1176,0,0.44,5,Luden's Companion,Shadowflame,Blackfire Torch
ORIANNA,Blighting Jewel,Epic,0.0833,1,12.78,25,Shadowflame,Blackfire Torch,Rabadon's Deathcap
LULU,Redemption,Legendary,0.3951,0.625,4.28,15,Mikael's Blessing,Moonstone Renewer,Ardent Censer
UDYR,Giant's Belt,Epic,0.0667,1,4.00,20,Spirit Visage,Warden's Mail,
SORAKA,Warmog's Armor,Legendary,0.0333,1,2.86,30,Dream Maker,Moonstone Renewer,Redemption
SINGED,Haunting Guise,Epic,0.1304,1,4.39,10,Fated Ashes,Rylai's Crystal Scepter,Fiendish Codex
POPPY,Control Ward,Consumable,0.5789,0.5455,2.72,10,Boots Of Swiftness,Dead Man's Plate,Bandlepipes
SYLAS,Tear Of The Goddess,Starter,0.0213,1,1.35,5,Doran's Ring,Giant's Belt,Hextech Rocketbelt
MALPHITE,Randuin's Omen,Legendary,0.1127,0.625,2.38,25,Kaenic Rookern,Sunfire Aegis,Thornmail
MONKEYKING,Essence Reaver,Legendary,0.1923,0.6,2.57,15,Blade Of The Ruined King,Mortal Reminder,Ravenous Hydra
MALPHITE,Kindlegem,Epic,0.0845,0.8333,2.40,20,Sunfire Aegis,Frozen Heart,Hollow Radiance
YONE,Wit's End,Legendary,0.0444,0.5,0.73,15,Blade Of The Ruined King,Death's Dance,Infinity Edge
AMBESSA,Phage,Epic,0.0106,0,0.64,15,Death's Dance,Spear Of Shojin,Voltaic Cyclosword
NAAFIRI,Mercury's Treads,Boots,0.127,0.375,2.14,25,Death's Dance,Edge Of Night,Opportunity
MILIO,Ionian Boots Of Lucidity,Boots,0.898,0.6364,3.54,10,Echoes Of Helia,Moonstone Renewer,Ardent Censer
THRESH,Locket Of The Iron Solari,Legendary,0.6034,0.5143,3.01,15,Bandlepipes,Knight's Vow,Protoplasm Harness
NAUTILUS,Locket Of The Iron Solari,Legendary,0.6458,0.5968,2.85,15,Bandlepipes,Knight's Vow,Protoplasm Harness
ALISTAR,Knight's Vow,Legendary,0.1207,0.5714,4.80,25,Bandlepipes,Locket Of The Iron Solari,Zeke's Convergence
KAISA,Mejai's Soulstealer,Legendary,0.0097,1,3.75,20,Guinsoo's Rageblade,Kraken Slayer,
HEIMERDINGER,Boots,Boots,0.1429,0,0.67,10,Shadowflame,Void Staff,
JAX,Long Sword,Basic,0.0833,0.6667,1.17,5,Plated Steelcaps,Trinity Force,Boots
VI,Warden's Mail,Epic,0.1,1,1.36,25,Giant's Belt,Sterak's Gage,Sundered Sky
EZREAL,Voltaic Cyclosword,Legendary,0.0769,0.6,2.57,25,Essence Reaver,Endless Hunger,Archangel's Staff
TRISTANA,Kraken Slayer,Legendary,0.0308,0.5,1.37,15,Navori Flickerblade,Infinity Edge,
DRAVEN,Serpent's Fang,Legendary,0.0682,0.6667,2.73,20,Infinity Edge,The Collector,Bloodthirster
KLED,Sundered Sky,Legendary,0.1,0,0.89,20,Titanic Hydra,,
BARD,Oracle Lens,Trinket,0.9872,0.5195,3.67,10,Control Ward,Dead Man's Plate,Boots Of Swiftness
YASUO,Executioner's Calling,Epic,0.0547,0.5714,2.10,25,Immortal Shieldbow,Kraken Slayer,Blade Of The Ruined King
MORGANA,Mejai's Soulstealer,Legendary,0.0769,0,1.13,20,Liandry's Torment,Stormsurge,
CORKI,Boots,Boots,0.0385,0.3333,1.00,10,Trinity Force,Caulfield's Warhammer,Essence Reaver
ILLAOI,Iceborn Gauntlet,Legendary,0.375,0.3333,2.64,10,Spirit Visage,Spear Of Shojin,Death's Dance
EZREAL,Elixir Of Wrath,Consumable,0.0154,1,6.00,30,Doran's Blade,Essence Reaver,Serylda's Grudge
EKKO,Sheen,Epic,0.01,0,1.00,10,Nashor's Tooth,,
KARMA,Forbidden Idol,Epic,0.3562,0.4615,3.09,20,Moonstone Renewer,Redemption,Fiendish Codex
ZIGGS,Mejai's Soulstealer,Legendary,0.0323,1,2.80,25,Luden's Companion,Rabadon's Deathcap,Shadowflame
YORICK,Spirit Visage,Legendary,0.1667,0.5,2.04,25,Trinity Force,Chempunk Chainsword,Endless Hunger
TRISTANA,Zeal,Epic,0.1231,0.375,1.60,20,Infinity Edge,Yun Tal Wildarrows,The Collector
UDYR,Haunting Guise,Epic,0.0667,0,0.63,10,Dusk And Dawn,Spirit Visage,
LEONA,Refillable Potion,Consumable,0.0545,0.3333,1.75,5,Control Ward,Abyssal Mask,Bandlepipes
TRYNDAMERE,The Collector,Legendary,0.2353,0.5,2.53,20,Infinity Edge,Profane Hydra,Ravenous Hydra
SONA,Serpent's Fang,Legendary,0.02,0,1.50,30,,,
SKARNER,Zeke's Convergence,Legendary,0.5,1,5.50,25,Bandlepipes,,
APHELIOS,Immortal Shieldbow,Legendary,0.2796,0.6923,2.32,30,Infinity Edge,Lord Dominik's Regards,Stormrazor
XERATH,Control Ward,Consumable,0.0455,0,2.80,5,Luden's Companion,Shadowflame,Sorcerer's Shoes
AKALI,Hextech Gunblade,Legendary,0.8871,0.4364,2.18,15,Shadowflame,Zhonya's Hourglass,Rabadon's Deathcap
TWITCH,Scout's Slingshot,Epic,0.0758,0,0.38,10,Hexoptics C44,Zeal,Infinity Edge
ZED,Doran's Shield,Starter,0.0215,0.5,1.01,5,Serpent's Fang,Voltaic Cyclosword,Axiom Arc
DRMUNDO,Spirit Visage,Legendary,0.4247,0.6774,3.59,25,Heartsteel,Dead Man's Plate,Warmog's Armor
ZAC,Plated Steelcaps,Boots,0.2963,0.5,3.67,15,Sunfire Aegis,Randuin's Omen,Thornmail
AATROX,Elixir Of Iron,Consumable,0.0435,0,2.56,30,Spear Of Shojin,Sundered Sky,Caulfield's Warhammer
NASUS,Trinity Force,Legendary,0.8333,0.6,2.39,15,Frozen Heart,Spirit Visage,Bandlepipes
ZED,Hexdrinker,Epic,0.0323,1,1.65,25,Axiom Arc,Edge Of Night,Tunneler
VEX,Shadowflame,Legendary,0.3158,0.5,2.15,20,Luden's Companion,Rabadon's Deathcap,Zhonya's Hourglass
DARIUS,Warden's Mail,Epic,0.0488,0.5,1.75,40,Sterak's Gage,Stridebreaker,Bramble Vest
RUMBLE,Rabadon's Deathcap,Legendary,0.1,0.6667,5.20,25,Liandry's Torment,Hextech Rocketbelt,Mejai's Soulstealer
SHEN,Bandlepipes,Legendary,0.025,1,4.50,25,Sunfire Aegis,Unending Despair,
CORKI,B. F. Sword,Basic,0.141,0.7273,2.76,25,Plated Steelcaps,Trinity Force,Cloak Of Agility
GAREN,Serrated Dirk,Epic,0.0541,1,1.32,15,Phantom Dancer,Stridebreaker,Lord Dominik's Regards
AMBESSA,Maw Of Malmortius,Legendary,0.0851,0.75,2.36,30,Death's Dance,Eclipse,Axiom Arc
SWAIN,Kaenic Rookern,Legendary,0.0227,0,1.60,25,Malignance,,
ZIGGS,Dark Seal,Starter,0.1613,0.6,1.74,10,Doran's Ring,Luden's Companion,Sorcerer's Shoes
FIORA,Sheen,Epic,0.0769,0.3333,0.56,20,Ravenous Hydra,Phage,
OLAF,Glowing Mote,Basic,0.087,0,0.55,20,Boots Of Swiftness,Stridebreaker,Tunneler
ZAAHEN,Caulfield's Warhammer,Epic,0.1795,0.7143,1.65,20,Trinity Force,Sundered Sky,Steel Sigil
VARUS,Elixir Of Sorcery,Consumable,0.0082,1,4.17,30,Dusk And Dawn,Malignance,Nashor's Tooth
TALON,Glowing Mote,Basic,0.0161,0,0.86,15,Plated Steelcaps,Rectrix,Serpent's Fang
EZREAL,Control Ward,Consumable,0.0462,0.6667,1.29,15,Doran's Blade,Long Sword,Tear Of The Goddess
ZAAHEN,Guardian Angel,Legendary,0.0256,1,1.90,30,Sundered Sky,Trinity Force,
SION,Ruby Crystal,Basic,0.2564,0.4,2.11,5,Unending Despair,Hollow Radiance,Plated Steelcaps
VELKOZ,Stealth Ward,Trinket,0.0882,0.3333,0.75,5,Doran's Ring,Luden's Companion,Boots Of Swiftness
URGOT,Pickaxe,Basic,0.0588,1,0.63,5,Black Cleaver,Plated Steelcaps,Ruby Crystal
SAMIRA,Mortal Reminder,Legendary,0.08,0,1.95,25,Infinity Edge,The Collector,Bloodthirster
SHYVANA,Fiendish Codex,Epic,0.25,1,4.33,20,Dusk And Dawn,Haunting Guise,Spear Of Shojin
ZIGGS,Fated Ashes,Epic,0.0645,0.5,2.93,35,Horizon Focus,Luden's Companion,Shadowflame
CASSIOPEIA,Cosmic Drive,Legendary,0.0385,0,1.75,35,Rod Of Ages,Rylai's Crystal Scepter,
ASHE,Plated Steelcaps,Boots,0.0417,0,3.83,20,Fiendhunter Bolts,Infinity Edge,Kraken Slayer
YONE,Elixir Of Iron,Consumable,0.0222,0,2.20,40,Blade Of The Ruined King,Immortal Shieldbow,Infinity Edge
MAOKAI,Protoplasm Harness,Legendary,0.1,0,1.09,25,Locket Of The Iron Solari,,
BRAUM,Mercury's Treads,Boots,0.2857,0.45,3.33,15,Bandlepipes,Locket Of The Iron Solari,Kindlegem
MONKEYKING,Sterak's Gage,Legendary,0.0385,1,3.17,30,Guardian Angel,Sundered Sky,Trinity Force
QUINN,Cloak Of Agility,Basic,0.125,0,1.91,10,Boots Of Swiftness,Edge Of Night,Mortal Reminder
VARUS,Caulfield's Warhammer,Epic,0.0492,0.6667,3.85,15,Youmuu's Ghostblade,Edge Of Night,Last Whisper
UDYR,Ruby Crystal,Basic,0.1333,0,0.38,10,Liandry's Torment,Mercury's Treads,Null-Magic Mantle
DRMUNDO,Dead Man's Plate,Legendary,0.4521,0.6667,4.17,20,Heartsteel,Spirit Visage,Thornmail
FIDDLESTICKS,Stormsurge,Legendary,0.0357,0,1.88,20,Malignance,Shadowflame,Void Staff
BRIAR,Lord Dominik's Regards,Legendary,0.1667,0.6667,1.67,30,Edge Of Night,Profane Hydra,The Collector
AURORA,Doran's Ring,Starter,0.5455,0.6667,3.17,5,Luden's Companion,Sorcerer's Shoes,Dark Seal
XINZHAO,Sterak's Gage,Legendary,0.2,0.5,2.83,25,Sundered Sky,Black Cleaver,Death's Dance
VOLIBEAR,Rejuvenation Bead,Basic,0.0175,0,0.56,20,Dusk And Dawn,Mercury's Treads,Null-Magic Mantle
ZERI,Maw Of Malmortius,Legendary,0.0323,1,2.33,30,Fiendhunter Bolts,Infinity Edge,Lord Dominik's Regards
VIEGO,Control Ward,Consumable,0.0354,0.25,3.58,10,Death's Dance,Hexdrinker,Immortal Shieldbow
VAYNE,Wit's End,Legendary,0.1127,0.375,2.73,25,Experimental Hexplate,Trinity Force,Guinsoo's Rageblade
THRESH,Solstice Sleigh,Legendary,0.0345,0,1.74,15,Locket Of The Iron Solari,Zeke's Convergence,Frozen Heart
LUX,Blighting Jewel,Epic,0.0769,0,6.32,30,Malignance,Rabadon's Deathcap,Stormsurge
AMBESSA,Plated Steelcaps,Boots,0.4255,0.45,2.30,20,Eclipse,Spear Of Shojin,Death's Dance
LULU,Dream Maker,Legendary,0.0617,0.8,2.83,15,Ardent Censer,Moonstone Renewer,Redemption
RENEKTON,Ruby Crystal,Basic,0.2615,0.4706,2.34,15,Black Cleaver,Plated Steelcaps,Stridebreaker
CHOGATH,Fiendish Codex,Epic,0.05,0,0.50,10,Chain Vest,Haunting Guise,Hextech Rocketbelt
SYLAS,Fiendish Codex,Epic,0.1277,0.5833,2.51,10,Hextech Rocketbelt,Haunting Guise,Zhonya's Hourglass
HEIMERDINGER,Zhonya's Hourglass,Legendary,0.1429,0,1.88,40,Blackfire Torch,Malignance,Rabadon's Deathcap
GNAR,Wit's End,Legendary,0.12,0.6667,1.79,20,Trinity Force,Black Cleaver,
SEJUANI,Spectre's Cowl,Epic,0.0714,1,6.25,20,Heartsteel,Sunfire Aegis,Thornmail
MALZAHAR,Rabadon's Deathcap,Legendary,0.1429,1,2.38,25,Blackfire Torch,Liandry's Torment,Malignance
XERATH,Stealth Ward,Trinket,0.1818,0,1.21,5,Luden's Companion,Amplifying Tome,Dark Seal
NUNU,Elixir Of Iron,Consumable,0.0345,0,3.00,30,Frozen Heart,Kaenic Rookern,Liandry's Torment
RAMMUS,Plated Steelcaps,Boots,0.4,0.25,2.60,15,Thornmail,"Jak'sho, The Protean",Bami's Cinder
NAAFIRI,Phage,Epic,0.0159,0,0.60,15,Eclipse,Opportunity,Voltaic Cyclosword
SHEN,Titanic Hydra,Legendary,0.8,0.5,3.50,15,Dead Man's Plate,Kaenic Rookern,Randuin's Omen
VELKOZ,Dark Seal,Starter,0.3529,0.4167,2.10,10,Doran's Ring,Luden's Companion,Needlessly Large Rod
UDYR,Spectre's Cowl,Epic,0.1333,0,2.47,20,Death's Dance,Endless Hunger,Hextech Gunblade
KARMA,Aether Wisp,Epic,0.0411,0.3333,2.94,30,Moonstone Renewer,Redemption,Bandleglass Mirror
KAISA,B. F. Sword,Basic,0.0388,0.75,0.93,25,Kraken Slayer,Berserker's Greaves,Guinsoo's Rageblade
JINX,Phantom Dancer,Legendary,0.1618,0.4545,2.13,20,Infinity Edge,Kraken Slayer,Hexoptics C44
ZYRA,Fiendish Codex,Epic,0.1053,1,2.87,25,Liandry's Torment,Haunting Guise,Oblivion Orb
ASHE,Bandlepipes,Legendary,0.125,0.6667,2.44,15,Imperial Mandate,Malignance,Solstice Sleigh
NILAH,Oracle Lens,Trinket,0.0769,1,0.75,10,Doran's Shield,Infinity Edge,Long Sword
MAOKAI,Refillable Potion,Consumable,0.1,1,4.50,5,Boots Of Swiftness,Cloth Armor,Control Ward
SERAPHINE,Dark Seal,Starter,0.0625,1,5.38,5,Blackfire Torch,Amplifying Tome,Boots Of Swiftness
URGOT,Titanic Hydra,Legendary,0.0588,0,1.00,20,Black Cleaver,Sterak's Gage,
POPPY,Giant's Belt,Epic,0.1053,0.5,1.81,30,Bandlepipes,Dead Man's Plate,Iceborn Gauntlet
RENEKTON,Boots Of Swiftness,Boots,0.0308,0.5,0.90,25,Black Cleaver,Death's Dance,Eclipse
SAMIRA,Refillable Potion,Consumable,0.04,0,1.33,5,Infinity Edge,Lord Dominik's Regards,Plated Steelcaps
VIEGO,Last Whisper,Epic,0.0708,0.625,2.80,25,Immortal Shieldbow,Noonquiver,The Collector
DIANA,Oblivion Orb,Epic,0.0278,0.3333,2.42,20,Dusk And Dawn,Riftmaker,Zhonya's Hourglass
DRMUNDO,Farsight Alteration,Trinket,0.0822,0.6667,1.63,15,Boots Of Swiftness,Heartsteel,Warmog's Armor
GAREN,Youmuu's Ghostblade,Legendary,0.1351,0.4,2.65,20,Stridebreaker,Dead Man's Plate,Mortal Reminder
DRAVEN,B. F. Sword,Basic,0.1591,0.7143,1.87,10,The Collector,Berserker's Greaves,Infinity Edge
LEONA,Warden's Mail,Epic,0.0364,0.5,1.88,25,Bandlepipes,Giant's Belt,Locket Of The Iron Solari
SHACO,Opportunity,Legendary,0.08,0,1.58,20,Profane Hydra,Serylda's Grudge,Statikk Shiv
NIDALEE,Cryptbloom,Legendary,0.0313,0,2.45,30,Horizon Focus,Liandry's Torment,Zhonya's Hourglass
EZREAL,Caulfield's Warhammer,Epic,0.1538,0.5,2.23,15,Trinity Force,Essence Reaver,Endless Hunger
CASSIOPEIA,Blasting Wand,Basic,0.0385,1,1.33,10,Amplifying Tome,Boots Of Swiftness,Giant's Belt
TAHMKENCH,Hollow Radiance,Legendary,0.0769,0,1.09,30,Heartsteel,,
PYKE,Youmuu's Ghostblade,Legendary,0.68,0.3824,2.62,15,Umbral Glaive,Edge Of Night,Axiom Arc
VLADIMIR,Fiendish Codex,Epic,0.0702,0.75,1.10,10,Hextech Rocketbelt,Rabadon's Deathcap,Haunting Guise
KINDRED,Hexoptics C44,Legendary,0.0667,1,2.25,15,Infinity Edge,Kraken Slayer,Mortal Reminder
BRIAR,Boots,Boots,0.1111,1,2.24,10,Black Cleaver,Blade Of The Ruined King,Edge Of Night
JAX,Sundered Sky,Legendary,0.375,0.2963,1.90,25,Trinity Force,Zhonya's Hourglass,Death's Dance
VLADIMIR,Amplifying Tome,Basic,0.2105,0.5833,1.81,10,Hextech Rocketbelt,Rabadon's Deathcap,Riftmaker
EZREAL,Spear Of Shojin,Legendary,0.3692,0.5,3.16,25,Trinity Force,Serylda's Grudge,Endless Hunger
ZIGGS,Horizon Focus,Legendary,0.2581,0.375,2.59,15,Luden's Companion,Shadowflame,Rabadon's Deathcap
GWEN,Riftmaker,Legendary,0.3333,0.5769,2.44,25,Dusk And Dawn,Nashor's Tooth,Mejai's Soulstealer
KENNEN,Dark Seal,Starter,0.2286,0.25,1.41,5,Sorcerer's Shoes,Shadowflame,Hextech Rocketbelt
VELKOZ,Rylai's Crystal Scepter,Legendary,0.0588,0.5,2.28,25,Hextech Rocketbelt,Horizon Focus,
XAYAH,Phantom Dancer,Legendary,0.0625,1,1.50,15,Hexoptics C44,Infinity Edge,
AMBESSA,Mortal Reminder,Legendary,0.0106,0,1.11,30,Eclipse,Spear Of Shojin,
VOLIBEAR,Dark Seal,Starter,0.2105,0.6667,3.22,5,Dusk And Dawn,Navori Flickerblade,Plated Steelcaps
HWEI,Dark Seal,Starter,0.2727,0.6667,2.27,5,Blackfire Torch,Needlessly Large Rod,Horizon Focus
GALIO,Celestial Opposition,Legendary,0.02,1,4.33,15,Frozen Heart,Locket Of The Iron Solari,Redemption
KALISTA,Guinsoo's Rageblade,Legendary,0.7692,0.7,2.07,20,Blade Of The Ruined King,Terminus,Wit's End
YORICK,Eclipse,Legendary,0.0833,0,1.33,25,Axiom Arc,Bastionbreaker,
KALISTA,Negatron Cloak,Epic,0.0769,1,3.17,20,Blade Of The Ruined King,Guinsoo's Rageblade,Randuin's Omen
LISSANDRA,Shadowflame,Legendary,0.5294,0.5556,1.76,25,Malignance,Zhonya's Hourglass,Luden's Companion
MAOKAI,Ruby Crystal,Basic,0.5,0.6,2.20,5,Locket Of The Iron Solari,Bramble Vest,Ionian Boots Of Lucidity
VELKOZ,Rabadon's Deathcap,Legendary,0.1471,0.4,2.72,30,Blackfire Torch,Luden's Companion,Banshee's Veil
GANGPLANK,Ionian Boots Of Lucidity,Boots,0.12,0.6667,2.33,15,Essence Reaver,The Collector,Infinity Edge
KATARINA,Refillable Potion,Consumable,0.1071,0.6667,2.09,5,Dark Seal,Lich Bane,Nashor's Tooth
ORNN,Abyssal Mask,Legendary,0.0488,1,4.17,15,Hollow Radiance,Kaenic Rookern,Sunfire Aegis
TRYNDAMERE,Pickaxe,Basic,0.0588,1,4.00,15,Berserker's Greaves,Infinity Edge,Long Sword
TWITCH,Banshee's Veil,Legendary,0.0455,0.6667,2.91,30,Nashor's Tooth,Rabadon's Deathcap,Zhonya's Hourglass
MALPHITE,Thornmail,Legendary,0.2958,0.4286,2.82,20,Sunfire Aegis,Frozen Heart,Kaenic Rookern
JHIN,Bloodthirster,Legendary,0.0417,0.6667,3.67,30,Infinity Edge,Rapid Firecannon,Lord Dominik's Regards
KAYLE,Boots Of Swiftness,Boots,0.6207,0.5,1.58,10,Nashor's Tooth,Dusk And Dawn,Rabadon's Deathcap
TAHMKENCH,Winged Moonplate,Epic,0.0769,1,1.30,25,Heartsteel,Negatron Cloak,
RENEKTON,Thornmail,Legendary,0.0154,1,3.00,40,Black Cleaver,Death's Dance,Eclipse
ASHE,Cull,Starter,0.0417,1,3.40,5,Doran's Blade,Kraken Slayer,Mortal Reminder
RELL,Frozen Heart,Legendary,0.0227,1,3.57,30,Celestial Opposition,Knight's Vow,Locket Of The Iron Solari
MASTERYI,Fiendhunter Bolts,Legendary,0.0333,1,5.00,20,Infinity Edge,The Collector,
SEJUANI,Refillable Potion,Consumable,0.1429,0.5,0.67,5,Heartsteel,Dark Seal,Doran's Ring
UDYR,Amplifying Tome,Basic,0.1333,0,0.88,5,Spirit Visage,Boots Of Swiftness,Death's Dance
LISSANDRA,Mejai's Soulstealer,Legendary,0.0588,1,5.00,20,Malignance,Zhonya's Hourglass,
RAKAN,Fiendish Codex,Epic,0.0476,0.5,4.93,20,Locket Of The Iron Solari,Aether Wisp,Bandlepipes
SION,Elixir Of Iron,Consumable,0.0513,0.5,1.72,30,Hollow Radiance,Unending Despair,Bramble Vest
EZREAL,Lost Chapter,Epic,0.0154,0,2.60,30,Endless Hunger,Trinity Force,
KLED,Titanic Hydra,Legendary,0.8,0.625,2.87,15,Hullbreaker,Overlord's Bloodmail,Black Cleaver
RUMBLE,Aether Wisp,Epic,0.0333,0,0.77,40,Banshee's Veil,Bloodletter's Curse,Hextech Alternator
DARIUS,Winged Moonplate,Epic,0.0732,0.3333,3.39,20,Stridebreaker,Chain Vest,Sterak's Gage
YASUO,Steel Sigil,Epic,0.125,0.375,1.78,30,Immortal Shieldbow,Blade Of The Ruined King,Infinity Edge
GALIO,Hollow Radiance,Legendary,0.46,0.6522,3.03,15,Riftmaker,Zhonya's Hourglass,Thornmail
NAAFIRI,Executioner's Calling,Epic,0.0476,0.3333,1.76,10,Caulfield's Warhammer,Death's Dance,Endless Hunger
HECARIM,Warden's Mail,Epic,0.1053,0.5,2.77,25,Spear Of Shojin,Black Cleaver,Death's Dance
TEEMO,Glowing Mote,Basic,0.1429,0,0.80,10,Malignance,Sorcerer's Shoes,
VIEGO,Infinity Edge,Legendary,0.0088,1,2.00,25,,,
CASSIOPEIA,Dark Seal,Starter,0.2692,0.4286,1.38,5,Rylai's Crystal Scepter,Rod Of Ages,Doran's Ring
HWEI,Shadowflame,Legendary,0.2727,0.6667,2.07,30,Blackfire Torch,Rabadon's Deathcap,Horizon Focus
TALIYAH,Morellonomicon,Legendary,0.0339,1,3.69,25,Liandry's Torment,Blackfire Torch,Rylai's Crystal Scepter
LEESIN,Randuin's Omen,Legendary,0.0556,0.75,3.26,25,Eclipse,Profane Hydra,Sundered Sky
NAMI,Boots Of Swiftness,Boots,0.0896,0.3333,4.05,10,Imperial Mandate,Shurelya's Battlesong,Fiendish Codex
RIVEN,Ionian Boots Of Lucidity,Boots,0.5676,0.6667,1.97,10,Sundered Sky,Axiom Arc,Caulfield's Warhammer
JARVANIV,Serylda's Grudge,Legendary,0.1343,0.4444,3.97,20,Axiom Arc,Profane Hydra,Death's Dance
MALZAHAR,Blasting Wand,Basic,0.0714,1,1.00,20,Blackfire Torch,Liandry's Torment,Oblivion Orb
KATARINA,Void Staff,Legendary,0.0714,0.5,2.90,25,Rabadon's Deathcap,Shadowflame,Hextech Gunblade
MONKEYKING,Steel Sigil,Epic,0.0769,0.5,5.17,30,Trinity Force,Black Cleaver,Maw Of Malmortius
VOLIBEAR,Nashor's Tooth,Legendary,0.0175,1,0.73,30,Dusk And Dawn,Spirit Visage,
LUX,Banshee's Veil,Legendary,0.0256,0,4.00,30,Luden's Companion,Mejai's Soulstealer,Rabadon's Deathcap
ZAAHEN,Spear Of Shojin,Legendary,0.0513,0,1.08,20,Black Cleaver,Trinity Force,
YONE,Immortal Shieldbow,Legendary,0.7556,0.3529,1.70,20,Blade Of The Ruined King,Infinity Edge,Lord Dominik's Regards
TARIC,Control Ward,Consumable,0.7143,0.7,2.52,15,Locket Of The Iron Solari,Plated Steelcaps,Mercury's Treads
BELVETH,Maw Of Malmortius,Legendary,0.0476,1,4.67,25,Kraken Slayer,Stridebreaker,
JINX,Stealth Ward,Trinket,0.1029,0.2857,2.68,5,Yun Tal Wildarrows,Doran's Blade,B. F. Sword
MASTERYI,Doran's Blade,Starter,0.0667,0.5,0.83,5,Blade Of The Ruined King,Boots,Amplifying Tome
BARD,Protoplasm Harness,Legendary,0.0128,0,5.67,20,Dead Man's Plate,"Jak'sho, The Protean",Liandry's Torment
AURORA,Blighting Jewel,Epic,0.0909,0.5,1.81,25,Actualizer,Liandry's Torment,Mejai's Soulstealer
RELL,Randuin's Omen,Legendary,0.0227,0,2.54,35,Locket Of The Iron Solari,Zeke's Convergence,
CORKI,Oracle Lens,Trinket,0.0128,1,10.67,5,Elixir Of Wrath,Fiendhunter Bolts,Immortal Shieldbow
JANNA,Dawncore,Legendary,0.0625,0.75,3.40,30,Moonstone Renewer,Redemption,Ardent Censer
VIKTOR,Liandry's Torment,Legendary,0.4722,0.3529,2.32,20,Blackfire Torch,Zhonya's Hourglass,Rabadon's Deathcap
NIDALEE,Refillable Potion,Consumable,0.0313,0,0.40,5,Boots,Control Ward,Echoes Of Helia
TALIYAH,Blasting Wand,Basic,0.1186,0.7143,2.61,25,Sorcerer's Shoes,Shadowflame,Blackfire Torch
VARUS,Farsight Alteration,Trinket,0.6803,0.4699,2.18,15,Dusk And Dawn,Doran's Blade,Youmuu's Ghostblade
MEL,Void Staff,Legendary,0.0588,1,3.36,30,Rabadon's Deathcap,Blackfire Torch,Cosmic Drive
NASUS,Sterak's Gage,Legendary,0.0833,0,2.69,30,Trinity Force,Bandlepipes,Spear Of Shojin
DIANA,Unending Despair,Legendary,0.0185,0.5,3.33,25,Dusk And Dawn,Liandry's Torment,Riftmaker
IRELIA,Refillable Potion,Consumable,0.0167,0,0.33,5,Blade Of The Ruined King,Boots,Doran's Blade
MALPHITE,Hollow Radiance,Legendary,0.1831,0.3846,1.74,15,Frozen Heart,Malignance,Thornmail
VIKTOR,Hextech Rocketbelt,Legendary,0.0278,0,1.20,15,Liandry's Torment,Shadowflame,Void Staff
AHRI,Plated Steelcaps,Boots,0.0217,1,8.50,15,Blackfire Torch,Blighting Jewel,Mejai's Soulstealer
JANNA,Mikael's Blessing,Legendary,0.0625,0.75,4.16,25,Moonstone Renewer,Ardent Censer,Dawncore
KASSADIN,Oracle Lens,Trinket,0.4384,0.4688,2.41,15,Rod Of Ages,Malignance,Dark Seal
AHRI,Luden's Companion,Legendary,0.087,0.25,0.98,15,Shadowflame,Rabadon's Deathcap,
SYLAS,Hextech Alternator,Epic,0.0213,1,1.57,10,Hextech Rocketbelt,Lich Bane,Riftmaker
AURORA,Dark Seal,Starter,0.4091,0.4444,1.91,5,Shadowflame,Sorcerer's Shoes,Doran's Ring
VIEGO,Noonquiver,Epic,0.1327,0.4667,2.12,25,Last Whisper,The Collector,Immortal Shieldbow
GAREN,Control Ward,Consumable,0.027,0,0.42,15,Black Cleaver,Boots,Cloth Armor
SORAKA,Blasting Wand,Basic,0.0667,0,1.69,15,Forbidden Idol,Ionian Boots Of Lucidity,Moonstone Renewer
CORKI,Boots Of Swiftness,Boots,0.0513,0.75,2.20,15,Essence Reaver,The Collector,Infinity Edge
QIYANA,Doran's Blade,Starter,0.3158,0.5,2.22,5,Profane Hydra,Axiom Arc,Long Sword
NAAFIRI,Tear Of The Goddess,Starter,0.0159,0,0.60,5,Eclipse,Ionian Boots Of Lucidity,Opportunity
MASTERYI,Cloth Armor,Basic,0.0333,0,0.50,15,Guinsoo's Rageblade,Kraken Slayer,
SINGED,Control Ward,Consumable,0.087,0.5,1.92,5,Dark Seal,Hextech Rocketbelt,Liandry's Torment
TRISTANA,Noonquiver,Epic,0.0462,0,1.63,25,Infinity Edge,Kraken Slayer,Last Whisper
GANGPLANK,Spear Of Shojin,Legendary,0.04,1,1.00,30,Essence Reaver,Mortal Reminder,The Collector
ZILEAN,Stealth Ward,Trinket,0.0769,0.6667,2.00,5,Amplifying Tome,Ionian Boots Of Lucidity,Archangel's Staff
VLADIMIR,Seeker's Armguard,Epic,0.0702,0.5,4.12,25,Rabadon's Deathcap,Hextech Rocketbelt,Cosmic Drive
RYZE,Fiendish Codex,Epic,0.0562,0,0.85,20,Rod Of Ages,Catalyst Of Aeons,
NASUS,Frozen Heart,Legendary,0.5417,0.7692,2.51,25,Trinity Force,Spirit Visage,Bandlepipes
SENNA,Plated Steelcaps,Boots,0.0476,0.5,1.71,5,Blade Of The Ruined King,Black Cleaver,Hexdrinker
LILLIA,Randuin's Omen,Legendary,0.0714,0,2.38,35,Liandry's Torment,Riftmaker,Zhonya's Hourglass
RUMBLE,Haunting Guise,Epic,0.1333,0.5,2.07,10,Liandry's Torment,Fiendish Codex,Hextech Rocketbelt
CASSIOPEIA,Elixir Of Sorcery,Consumable,0.1538,0.5,2.58,30,Rylai's Crystal Scepter,Rabadon's Deathcap,Rod Of Ages
KARTHUS,Sorcerer's Shoes,Boots,0.7619,0.5625,2.58,20,Blackfire Torch,Shadowflame,Rabadon's Deathcap
MILIO,Moonstone Renewer,Legendary,0.5306,0.6154,2.96,25,Echoes Of Helia,Ardent Censer,Redemption
PANTHEON,Mercury's Treads,Boots,0.2,0.625,2.10,20,Sundered Sky,Black Cleaver,Eclipse
NILAH,Stealth Ward,Trinket,0.0769,0,0.00,5,Cull,Doran's Shield,The Collector
ZIGGS,Hextech Alternator,Epic,0.0968,0,1.01,10,Luden's Companion,Blackfire Torch,Liandry's Torment
MISSFORTUNE,Infinity Edge,Legendary,0.4828,0.7857,2.39,25,The Collector,Bloodthirster,Lord Dominik's Regards
JANNA,Kindlegem,Epic,0.0938,0.5,2.93,15,Bandleglass Mirror,Redemption,Bandlepipes
RAKAN,Dark Seal,Starter,0.0238,1,1.57,5,Cloth Armor,Kindlegem,Mercury's Treads
NILAH,Bloodthirster,Legendary,0.1538,0.5,2.65,30,Immortal Shieldbow,Infinity Edge,Lord Dominik's Regards
CAMILLE,Refillable Potion,Consumable,0.0714,0,1.00,5,Boots,Doran's Blade,Long Sword
ORIANNA,Hextech Alternator,Epic,0.0556,1,2.63,15,Luden's Companion,,
TALON,Rectrix,Epic,0.0161,0,0.86,10,Serpent's Fang,Serrated Dirk,Umbral Glaive
ZERI,Berserker's Greaves,Boots,0.3226,0.6,1.87,10,Yun Tal Wildarrows,Infinity Edge,Fiendhunter Bolts
TWITCH,The Collector,Legendary,0.3636,0.3333,2.07,15,Fiendhunter Bolts,Infinity Edge,Lord Dominik's Regards
CASSIOPEIA,Winter's Approach,Legendary,0.0385,1,3.25,25,Actualizer,Mejai's Soulstealer,Rod Of Ages
FIORA,Maw Of Malmortius,Legendary,0.0513,0.5,10.25,25,Ravenous Hydra,Death's Dance,Eclipse
RUMBLE,Control Ward,Consumable,0.0333,0,1.27,10,Amplifying Tome,Boots Of Swiftness,Haunting Guise
NAMI,Faerie Charm,Basic,0.0522,0.7143,3.91,5,Imperial Mandate,Ionian Boots Of Lucidity,Moonstone Renewer
SMOLDER,Immortal Shieldbow,Legendary,0.0185,1,3.00,35,Essence Reaver,Frozen Heart,Infinity Edge
KASSADIN,Refillable Potion,Consumable,0.0411,0,0.43,5,Doran's Shield,Frozen Heart,Tear Of The Goddess
YUNARA,Runaan's Hurricane,Legendary,0.0488,0.75,2.25,20,Infinity Edge,Kraken Slayer,Yun Tal Wildarrows
SION,Doran's Shield,Starter,0.359,0.4286,2.49,5,Unending Despair,Plated Steelcaps,Hollow Radiance
JARVANIV,Kindlegem,Epic,0.0448,0.6667,7.31,15,Sundered Sky,Black Cleaver,Frozen Heart
KOGMAW,Blade Of The Ruined King,Legendary,0.2857,0.75,2.30,20,Guinsoo's Rageblade,Runaan's Hurricane,Randuin's Omen
VARUS,Oracle Lens,Trinket,0.0492,0.8333,2.15,25,Dusk And Dawn,Experimental Hexplate,Doran's Blade
XERATH,Farsight Alteration,Trinket,0.7727,0.5294,4.29,15,Luden's Companion,Shadowflame,Rabadon's Deathcap
CHOGATH,Farsight Alteration,Trinket,0.3,0.3333,1.63,15,Doran's Ring,Riftmaker,Control Ward
MALPHITE,Iceborn Gauntlet,Legendary,0.0282,0.5,2.69,15,Thornmail,Frozen Heart,Hollow Radiance
DRAVEN,Mercury's Treads,Boots,0.0227,0,2.00,25,Bloodthirster,Essence Reaver,Mortal Reminder
KATARINA,Blade Of The Ruined King,Legendary,0.2143,0.6667,1.92,20,Kraken Slayer,Terminus,Hextech Gunblade
SONA,Moonstone Renewer,Legendary,0.28,0.5714,3.24,25,Echoes Of Helia,Dawncore,Dream Maker
NOCTURNE,Farsight Alteration,Trinket,0.2,0.6667,2.33,15,Experimental Hexplate,Long Sword,Stridebreaker
JARVANIV,Spirit Visage,Legendary,0.1493,0.8,3.84,30,Sundered Sky,Black Cleaver,Eclipse
TWITCH,Lord Dominik's Regards,Legendary,0.1515,0.3,2.69,30,Infinity Edge,Fiendhunter Bolts,Runaan's Hurricane
KAISA,Seeker's Armguard,Epic,0.0777,0.5,2.76,30,Kraken Slayer,Guinsoo's Rageblade,Dusk And Dawn
CAMILLE,Ruby Crystal,Basic,0.2143,0.6667,1.71,20,Ravenous Hydra,Trinity Force,Plated Steelcaps
SAMIRA,Long Sword,Basic,0.2,0.6,2.66,5,Infinity Edge,The Collector,Cloth Armor
DRMUNDO,Unending Despair,Legendary,0.0411,0.6667,3.23,30,Heartsteel,Spirit Visage,Warmog's Armor
XAYAH,Vampiric Scepter,Epic,0.125,0.5,4.10,10,Infinity Edge,Lord Dominik's Regards,Navori Flickerblade
AKSHAN,Lord Dominik's Regards,Legendary,0.3333,0.4118,2.33,30,The Collector,Infinity Edge,Statikk Shiv
VARUS,Nashor's Tooth,Legendary,0.3279,0.5,1.67,20,Dusk And Dawn,Riftmaker,Zhonya's Hourglass
BRIAR,Cloth Armor,Basic,0.1111,1,3.00,20,Black Cleaver,Death's Dance,Plated Steelcaps
MALZAHAR,Elixir Of Sorcery,Consumable,0.0714,1,2.75,35,Bloodletter's Curse,Liandry's Torment,Malignance
EZREAL,Vampiric Scepter,Epic,0.0462,0.6667,3.05,35,Serylda's Grudge,Spear Of Shojin,Trinity Force
KAYLE,Rabadon's Deathcap,Legendary,0.3793,0.5455,2.47,25,Nashor's Tooth,Dusk And Dawn,Void Staff
VARUS,"Jak'sho, The Protean",Legendary,0.0328,0.25,2.65,25,Blade Of The Ruined King,Dusk And Dawn,Guinsoo's Rageblade
AMBESSA,Chempunk Chainsword,Legendary,0.0106,0,1.70,35,Death's Dance,Eclipse,Spear Of Shojin
YONE,Phantom Dancer,Legendary,0.0222,0,1.38,10,Death's Dance,Lord Dominik's Regards,
KATARINA,Lich Bane,Legendary,0.3214,0.6111,3.19,15,Shadowflame,Rabadon's Deathcap,Nashor's Tooth
KAISA,Blighting Jewel,Epic,0.0097,0,2.00,25,Dusk And Dawn,Guinsoo's Rageblade,Kraken Slayer
WARWICK,Bramble Vest,Epic,0.2727,0,1.92,5,Blade Of The Ruined King,Stridebreaker,Death's Dance
RIVEN,Axiom Arc,Legendary,0.6486,0.7083,2.47,15,Sundered Sky,Death's Dance,Serylda's Grudge
VAYNE,Voltaic Cyclosword,Legendary,0.0282,1,1.43,25,Stormrazor,Trinity Force,Rapid Firecannon
SION,Giant's Belt,Epic,0.0513,0.5,4.60,10,Heartsteel,Hollow Radiance,"Jak'sho, The Protean"
DRAVEN,Plated Steelcaps,Boots,0.1364,0.6667,2.04,15,Infinity Edge,Bloodthirster,Essence Reaver
KHAZIX,Executioner's Calling,Epic,0.0149,1,4.00,15,Edge Of Night,Profane Hydra,Umbral Glaive
VAYNE,Cloak Of Agility,Basic,0.0986,0.5714,2.35,15,Essence Reaver,Stormrazor,B. F. Sword
MALPHITE,Chain Vest,Epic,0.0845,0.5,2.59,15,Frozen Heart,Sunfire Aegis,Thornmail
JANNA,Echoes Of Helia,Legendary,0.0313,0.5,3.30,15,Moonstone Renewer,Ardent Censer,
GALIO,Rabadon's Deathcap,Legendary,0.04,0.5,2.88,30,Hollow Radiance,Riftmaker,Shadowflame
RENEKTON,Stealth Ward,Trinket,0.3231,0.4286,2.10,5,Eclipse,Black Cleaver,Plated Steelcaps
BELVETH,Negatron Cloak,Epic,0.0476,0,2.20,25,Kraken Slayer,Steel Sigil,Stridebreaker
WARWICK,Plated Steelcaps,Boots,0.3636,0.75,2.22,15,Blade Of The Ruined King,Frozen Heart,Randuin's Omen
MALPHITE,Dark Seal,Starter,0.0845,0.6667,2.11,5,Doran's Ring,Plated Steelcaps,Bramble Vest
ORIANNA,Ionian Boots Of Lucidity,Boots,0.0833,0.6667,6.96,15,Blackfire Torch,Shadowflame,Blighting Jewel
KARMA,Tear Of The Goddess,Starter,0.0274,0,1.63,5,Ionian Boots Of Lucidity,Moonstone Renewer,Bandleglass Mirror
AKALI,Cryptbloom,Legendary,0.0161,0,1.36,40,Hextech Gunblade,Rabadon's Deathcap,Shadowflame
VIEGO,Serpent's Fang,Legendary,0.0088,0,0.75,20,,,
LUCIAN,Navori Flickerblade,Legendary,0.6897,0.55,2.27,20,Essence Reaver,Infinity Edge,Lord Dominik's Regards
VOLIBEAR,Fiendish Codex,Epic,0.0175,0,0.38,15,Dusk And Dawn,Recurve Bow,
GRAVES,Mortal Reminder,Legendary,0.1429,0.3333,1.53,25,Infinity Edge,The Collector,Bloodthirster
GANGPLANK,Boots,Boots,0.08,1,1.29,10,Essence Reaver,Executioner's Calling,Infinity Edge
KHAZIX,Serrated Dirk,Epic,0.1791,0.5833,2.46,5,Umbral Glaive,Bastionbreaker,Opportunity
AHRI,Banshee's Veil,Legendary,0.0435,0.5,2.55,35,Blackfire Torch,Cosmic Drive,Liandry's Torment
YASUO,Gunmetal Greaves,Legacy,0.0078,0,1.83,,,,
